,period,load,experiment,power_mean,power_std,energy_mean,energy_std,duration_mean,duration_std,loggings_mean,loggings_std,runs
0,0.0,0,stress-ng,2.5711623130958534,0.02433026305148086,205.76092999999673,1.938677334441919,80.02645714285714,0.004132673662003396,0.0,0.0,35
1,0.0,5,stress-ng,2.99241272544776,0.04973215095112007,239.65500214287255,4.081225797107283,80.08731428571429,0.22543340890103486,0.0,0.0,35
2,0.0,10,stress-ng,3.167367571710341,0.036087774500107576,253.53711714287488,2.8326600523825674,80.04688571428572,0.0976282780359722,0.0,0.0,35
3,0.0,15,stress-ng,3.249660166374386,0.030669201788365283,260.0777092857275,2.466200948078507,80.03225714285713,0.04345676882031762,0.0,0.0,35
4,0.0,20,stress-ng,3.3245038925352763,0.019942867157509373,266.0956271428631,1.5798381710003986,80.04074285714286,0.04445774124157115,0.0,0.0,35
5,0.0,30,stress-ng,3.4445506510478374,0.022301809600718127,275.73758785714307,1.7958879542649233,80.05037142857142,0.04329793210269379,0.0,0.0,35
6,0.0,40,stress-ng,3.559147871795947,0.017944051826102276,284.88545571428165,1.433841610515547,80.04317142857143,0.02677519233113932,0.0,0.0,35
7,0.0,50,stress-ng,3.670499115342656,0.0292188654564353,293.78172428570906,2.3408097296288055,80.03862857142856,0.019014059371463634,0.0,0.0,35
8,0.0,60,stress-ng,3.8107998206549802,0.01664949567681385,304.9726357142809,1.32993192846604,80.02851428571428,0.008311478344368657,0.0,0.0,35
9,0.0,70,stress-ng,3.919545439455872,0.021798645550045546,313.6756285714294,1.7459543976299923,80.02857142857142,0.007365602544278397,0.0,0.0,35
10,0.0,80,stress-ng,4.026821982644697,0.017103180168763492,322.2633392857128,1.3683515153802306,80.0292,0.006013709826914946,0.0,0.0,35
11,0.0,90,stress-ng,4.131703217353436,0.016971631312062183,330.64651642857217,1.3586422494744212,80.02668571428572,0.0026982720894885718,0.0,0.0,35
12,0.0,100,stress-ng,4.240357457946465,0.021495068736925523,339.3337585714399,1.7203915030276653,80.0248,0.002506462236136422,0.0,0.0,35
13,0.03,0,stress-ng,2.5030016616429878,0.005938792601284222,200.30385285714237,0.47554144534471426,80.02545714285715,0.0007413365173315864,2667.0,0.0,35
14,0.03,5,stress-ng,3.177608577712289,0.030134890795444926,254.4122935714304,2.415735047936986,80.06422857142857,0.16535364698556443,2668.3714285714286,5.562932543847274,35
15,0.03,10,stress-ng,3.2907634750847286,0.029212023349008864,263.40914785714295,2.3092045857099674,80.04511428571429,0.08244490903148588,2667.7714285714287,2.787426752250149,35
16,0.03,15,stress-ng,3.3589085960594858,0.021094199988270997,268.85292071428347,1.7532056916439627,80.04165714285715,0.06724316840749862,2667.657142857143,2.274447019320795,35
17,0.03,20,stress-ng,3.4240350102790207,0.014343293246306526,274.03900357142317,1.1230906649979027,80.03397142857143,0.02845169871314868,2667.4,0.9139442639718359,35
18,0.03,30,stress-ng,3.5330198295548456,0.017622170233961093,282.80681214285505,1.393107264691191,80.0468,0.040981200855139156,2667.8,1.3460180927024459,35
19,0.03,40,stress-ng,3.650407750741816,0.016983957586832434,292.18752785713934,1.3693108195535755,80.04242857142857,0.028791630436518233,2667.542857142857,0.8168395746756395,35
20,0.03,50,stress-ng,3.75049885819008,0.022260459403767613,300.18021071428456,1.770101845454713,80.03742857142856,0.018117728909558647,2667.457142857143,0.5054326709601121,35
21,0.03,60,stress-ng,3.8759971078593294,0.017939284023763612,310.21427714285625,1.4512052368117696,80.03468571428571,0.010975296937083065,2667.3714285714286,0.49024089430988516,35
22,0.03,70,stress-ng,3.9829385220331184,0.01756876753885087,318.75992285714256,1.4074632731660057,80.03134285714286,0.008690572502440434,2667.2571428571428,0.4434395736311308,35
23,0.03,80,stress-ng,4.0871263357402325,0.01978341651292566,327.08969928571537,1.5865501082589877,80.02925714285713,0.00573094211094546,2667.057142857143,0.2355041079767641,35
24,0.03,90,stress-ng,4.200632343126566,0.02304147427013673,336.16365000000627,1.8450206698592981,80.02691428571428,0.0037445759091637664,2667.0,0.0,35
25,0.03,100,stress-ng,4.319857857163547,0.03601803738490048,345.6953078571433,2.8873963709432835,80.02468571428571,0.0026096137709653916,2667.0,0.0,35
26,0.04,0,stress-ng,2.4899046149563153,0.02414291742721956,199.25682785714588,1.9326597217233055,80.0258857142857,0.0005297851157795764,2000.0,0.0,35
27,0.04,5,stress-ng,3.1677850341620215,0.027970144753874483,253.7644650000042,2.2806008048311988,80.10820000000001,0.2758494687538167,2002.142857142857,6.9075528021352035,35
28,0.04,10,stress-ng,3.2786507875302746,0.023412529877297854,262.4584514285742,1.9574105342358514,80.05062857142858,0.09780806105185093,2000.6857142857143,2.3610993024365485,35
29,0.04,15,stress-ng,3.3480159166797097,0.02800457102102213,267.9758328571437,2.2708843029944723,80.04014285714287,0.06060680550853583,2000.4571428571428,1.501819624613411,35
30,0.04,20,stress-ng,3.4111774714145655,0.018263639318465325,272.99830428571295,1.4687588027048084,80.03051428571429,0.031294024451746415,2000.2285714285715,0.8431633114337076,35
31,0.04,30,stress-ng,3.5208595482588714,0.021149304059077924,281.7836399999968,1.6773246663902417,80.03265714285715,0.028094318932883125,2000.2857142857142,0.7503500583621223,35
32,0.04,40,stress-ng,3.6356848690787587,0.01818951991082465,290.96393428571,1.4513288631749715,80.03002857142857,0.019641621045903425,2000.2,0.5313689313240237,35
33,0.04,50,stress-ng,3.742034493285625,0.024381800090645753,299.5066857142847,1.9384853618023852,80.03848571428573,0.017400763047114604,2000.4571428571428,0.5054326709601705,35
34,0.04,60,stress-ng,3.862619677944063,0.01623743162306525,309.12974999999915,1.2985927883952915,80.03111428571428,0.01170915033982421,2000.2571428571428,0.4434395736311798,35
35,0.04,70,stress-ng,3.968173750024564,0.020588811621515716,317.5757642857141,1.6450921747414002,80.0307142857143,0.008535639569311965,2000.1714285714286,0.38238526043109694,35
36,0.04,80,stress-ng,4.075548967162382,0.017498710336337483,326.1678157142877,1.400980833310037,80.0304,0.0052814882038173675,2000.0,0.0,35
37,0.04,90,stress-ng,4.18620867798978,0.019628399465873688,335.01032142857616,1.5712073839305731,80.02714285714286,0.003069229230155544,2000.0,0.0,35
38,0.04,100,stress-ng,4.303490175073059,0.033802102153139564,344.3827657142931,2.7078928827307474,80.02405714285715,0.001999159487248619,2000.0,0.0,35
39,0.05,0,stress-ng,2.48165498121261,0.01783282123251309,198.59628571429099,1.427419558256527,80.02574285714286,0.0006108266887538948,1600.0,0.0,35
40,0.05,5,stress-ng,3.149569560891447,0.03389115772891956,252.19024000000994,2.571809103549542,80.07197142857143,0.16855693499863478,1601.0,3.395498750508679,35
41,0.05,10,stress-ng,3.273570899296012,0.021930105281628483,262.0434757142894,1.7705580921124842,80.04822857142858,0.09479578226975097,1600.5428571428572,1.9454752503128578,35
42,0.05,15,stress-ng,3.341483817174689,0.024763395016442872,267.4452271428591,1.9658596668011914,80.0379142857143,0.05205674021373792,1600.2857142857142,0.95706132852322,35
43,0.05,20,stress-ng,3.4046706153130155,0.01857910872222414,272.56217000000095,1.518375139765381,80.05534285714286,0.05771478700173331,1600.6571428571428,1.1867617121159877,35
44,0.05,30,stress-ng,3.512801213782717,0.017029425904484103,281.15810857142606,1.3732354305635692,80.03814285714286,0.034642835484703496,1600.2857142857142,0.6673665793703983,35
45,0.05,40,stress-ng,3.629343595946397,0.017177836674420813,290.4815899999945,1.3835347175404926,80.03694285714286,0.02707173787544097,1600.2285714285715,0.4260429614980022,35
46,0.05,50,stress-ng,3.732591514744019,0.025737488668937655,298.7457985714267,2.068595288811787,80.03708571428572,0.016945190934251935,1600.2571428571428,0.44343957363116365,35
47,0.05,60,stress-ng,3.854055250209294,0.015872574164326646,308.4567442857129,1.2900513204155222,80.03431428571429,0.013505492191243782,1600.1714285714286,0.38238526043109583,35
48,0.05,70,stress-ng,3.9641037695663663,0.02110110256501273,317.261146428569,1.6873523437164757,80.03351428571429,0.008664910401664323,1600.0,0.0,35
49,0.05,80,stress-ng,4.070129852452882,0.018814184535421434,325.73098642857326,1.5071538351517952,80.02962857142857,0.0048874732692887396,1600.0,0.0,35
50,0.05,90,stress-ng,4.174801192212863,0.018891893167373813,334.0948978571463,1.509909332390013,80.02654285714286,0.0032115861679679935,1600.0,0.0,35
51,0.05,100,stress-ng,4.2919123970718,0.030408489278940236,343.4570950000104,2.43251265517343,80.02425714285715,0.002048569904947126,1600.0,0.0,35
52,0.1,0,stress-ng,2.469142670313982,0.01958356395487725,197.59462500000828,1.5673592917377892,80.02560000000001,0.0006507913734515138,800.0,0.0,35
53,0.1,5,stress-ng,3.1380398639694747,0.032168536073763555,251.15050928573578,2.596579281007903,80.03414285714287,0.04768656418071068,800.1142857142858,0.4710082159535996,35
54,0.1,10,stress-ng,3.252673246373144,0.022096665076845615,260.3627500000089,1.8741749140375752,80.0456,0.08571642714411999,800.2,0.7592566023652958,35
55,0.1,15,stress-ng,3.3295178377291235,0.020376457930015697,266.50268500000453,1.6099317397623256,80.04248571428572,0.06151344732398283,800.1714285714286,0.513678446324654,35
56,0.1,20,stress-ng,3.3880158491257175,0.014728483818979291,271.17114928571647,1.2080225582422939,80.03831428571428,0.05063698452397321,800.1428571428571,0.4936572484949436,35
57,0.1,30,stress-ng,3.4979314899994893,0.016727665304205684,280.0069549999976,1.3568467999853988,80.04928571428572,0.0469170553640528,800.1428571428571,0.3550358012483655,35
58,0.1,40,stress-ng,3.6086755381169504,0.01703472710636116,288.82634785713736,1.3710604440054368,80.03665714285714,0.025334169969966094,800.0,0.0,35
59,0.1,50,stress-ng,3.7162949202049242,0.025552604458848632,297.4378464285695,2.0526847495593574,80.03611428571429,0.018640202328759053,800.0,0.0,35
60,0.1,60,stress-ng,3.8361942778452844,0.016050206721898247,307.04205642857073,1.2787116712874849,80.0382,0.013546868533310717,800.0,0.0,35
61,0.1,70,stress-ng,3.944218637141452,0.01934189656065986,315.648845714285,1.5513909414030624,80.02822857142857,0.007878062296419871,800.0,0.0,35
62,0.1,80,stress-ng,4.048570640708984,0.021175828283015893,323.99891785714414,1.6991847087336047,80.02797142857143,0.005425894961613078,800.0,0.0,35
63,0.1,90,stress-ng,4.158336211022261,0.019038278913615803,332.7774050000026,1.5270447506948608,80.02657142857143,0.0027470381299499664,800.0,0.0,35
64,0.1,100,stress-ng,4.270006936796686,0.027781289669888683,341.7040192857291,2.2245243782470063,80.02422857142857,0.002377414738812816,800.0,0.0,35
65,0.2,0,stress-ng,2.4711789975699903,0.019131053113109975,197.7572971428652,1.5306458781554522,80.02548571428571,0.0007424691941037281,400.0,0.0,35
66,0.2,5,stress-ng,3.096772205567423,0.05062872360514397,247.88036500002153,4.009403938123579,80.04502857142857,0.09777600021726555,400.0857142857143,0.3734913631120924,35
67,0.2,10,stress-ng,3.242674179986479,0.023887394537723223,259.4919092857287,1.906899841863752,80.02405714285715,0.008138300361441522,400.0,0.0,35
68,0.2,15,stress-ng,3.310155016730564,0.020804648953898577,264.9674435714362,1.745439377223385,80.04671428571429,0.0652423407398143,400.0571428571429,0.23550410797679264,35
69,0.2,20,stress-ng,3.3608584221571722,0.01736288708327519,269.06660214286126,1.4493215432675945,80.05882857142858,0.06633492812293923,400.0571428571429,0.2355041079768032,35
70,0.2,30,stress-ng,3.4829186334181146,0.017414208858968272,278.7828942857122,1.3864115787520774,80.04291428571429,0.03654921857100654,400.0,0.0,35
71,0.2,40,stress-ng,3.5914221836724365,0.017601898920099647,287.49375857142303,1.4143284511838985,80.05011428571429,0.032591745101164034,400.0,0.0,35
72,0.2,50,stress-ng,3.696821983444087,0.026086629728214922,295.86689214285246,2.071042825468743,80.03280000000001,0.017661523483683987,400.0,0.0,35
73,0.2,60,stress-ng,3.8288733752505957,0.016423634432219517,306.4401678571399,1.3167674584320175,80.03402857142858,0.010945011526303491,400.0,0.0,35
74,0.2,70,stress-ng,3.9330406983921478,0.02072407411834332,314.76968500000015,1.660898912842153,80.03214285714286,0.009315208491691535,400.0,0.0,35
75,0.2,80,stress-ng,4.038015254771219,0.018883538184494526,323.1569349999992,1.510628917178075,80.02865714285714,0.005487648468542603,400.0,0.0,35
76,0.2,90,stress-ng,4.147340007631661,0.01882639439699899,331.9026135714313,1.506362258282328,80.02782857142857,0.0035602851363511416,400.0,0.0,35
77,0.2,100,stress-ng,4.258445208660856,0.02601972581311522,340.77951000001434,2.080092611888303,80.02440000000001,0.0023414424915327607,400.0,0.0,35
78,0.5,0,stress-ng,2.476105625243763,0.01916742264500936,198.1520535714359,1.5342902827188065,80.02568571428571,0.0006311254453172713,160.0,0.0,35
79,0.5,5,stress-ng,3.055834402955329,0.056380992044505064,244.58729285716416,4.52464482502697,80.03942857142857,0.09738561486787291,160.02857142857144,0.16903085094570225,35
80,0.5,10,stress-ng,3.2134836504380564,0.025172829519949515,257.2127121428747,2.0657366003204247,80.04165714285715,0.11056112040196585,160.02857142857144,0.16903085094570225,35
81,0.5,15,stress-ng,3.2677259613456107,0.03301550966731829,261.5900285714396,2.6305068577546136,80.05268571428572,0.06831749901942304,160.0,0.0,35
82,0.5,20,stress-ng,3.342966811505626,0.021857532643887713,267.67052142857705,1.668342256783849,80.06994285714286,0.08136661508518093,160.0,0.0,35
83,0.5,30,stress-ng,3.4631808564931164,0.01846943305768927,277.2208521428556,1.4956153390859732,80.04802857142857,0.04308711129402586,160.0,0.0,35
84,0.5,40,stress-ng,3.576973290896959,0.014320518906028675,286.28319785713796,1.1582326941514516,80.03502857142857,0.020148690972346207,160.0,0.0,35
85,0.5,50,stress-ng,3.681921635876519,0.023632853537586245,294.726803571423,1.9139774185808303,80.04697142857144,0.02216579998727135,160.0,0.0,35
86,0.5,60,stress-ng,3.8242860914201953,0.018569255012331472,306.06115785714024,1.49640893288114,80.03091428571429,0.011428476890365849,160.0,0.0,35
87,0.5,70,stress-ng,3.9270879262145724,0.018002767318518693,314.28168000000056,1.4355053591443365,80.0292,0.008560511254660595,160.0,0.0,35
88,0.5,80,stress-ng,4.032939870442325,0.01996879094140235,322.7468321428566,1.5956397545992806,80.02768571428571,0.006052570812916731,160.0,0.0,35
89,0.5,90,stress-ng,4.141232352830446,0.018380890462786546,331.4115692857171,1.4674830183433443,80.02728571428571,0.004127179841656759,160.0,0.0,35
90,0.5,100,stress-ng,4.251450220124226,0.022936350258771075,340.22194142858433,1.8358708870568663,80.02491428571427,0.002524834631410987,160.0,0.0,35
91,1.0,0,stress-ng,2.4980561463738624,0.01408491945570286,199.90844285714547,1.1273221152279511,80.02560000000001,0.0006039088361265759,80.0,0.0,35
92,1.0,5,stress-ng,3.0516012159816506,0.054525986860744106,244.26268285716387,4.36799119510491,80.04417142857143,0.1250901993890524,80.0,0.0,35
93,1.0,10,stress-ng,3.1932777516411224,0.037973379508980505,255.6548950000168,2.972840340254189,80.06065714285714,0.11540438947130087,80.0,0.0,35
94,1.0,15,stress-ng,3.2624485038281836,0.030039544987424453,261.1173250000122,2.431927981565082,80.03717142857143,0.059044592178676476,80.0,0.0,35
95,1.0,20,stress-ng,3.331990237989823,0.016512080961821787,266.68341714286333,1.3205867469837385,80.03728571428572,0.03934954325811172,80.0,0.0,35
96,1.0,30,stress-ng,3.460245110629745,0.018993105245016077,276.95644999999996,1.5079280999522853,80.03957142857143,0.0317372352425361,80.0,0.0,35
97,1.0,40,stress-ng,3.567691818608765,0.020112725499569564,285.5380699999962,1.611647933289057,80.0344,0.025719299231143973,80.0,0.0,35
98,1.0,50,stress-ng,3.678838843966709,0.02567051942314646,294.4377978571379,2.0459367620271958,80.03554285714286,0.01821657754571479,80.0,0.0,35
99,1.0,60,stress-ng,3.819908260235692,0.01926871589940255,305.71578785713945,1.5460866470434491,80.03222857142858,0.010032552060186524,80.0,0.0,35
100,1.0,70,stress-ng,3.9285604804475263,0.021017887416437207,314.40521428571435,1.6919790054756065,80.03062857142858,0.008146040952097356,80.0,0.0,35
101,1.0,80,stress-ng,4.029753542216857,0.01861465472096643,322.5039649999994,1.495694035760918,80.03068571428571,0.006037975062646852,80.0,0.0,35
102,1.0,90,stress-ng,4.139519682047538,0.018363230038470988,331.27320785714556,1.4660054990189613,80.02697142857143,0.0036176504748235984,80.0,0.0,35
103,1.0,100,stress-ng,4.248209202408826,0.022908014444133488,339.9613750000126,1.8354826648981064,80.02462857142858,0.002701695701564654,80.0,0.0,35
104,2.0,0,stress-ng,2.5187107811933034,0.02010274379949866,201.56119928571414,1.608954531645481,80.02554285714287,0.0005054326709543036,40.0,0.0,35
105,2.0,5,stress-ng,3.0227161060192964,0.05029532876459437,241.88673785716264,4.025604937520712,80.02297142857144,0.0017402791237500995,40.0,0.0,35
106,2.0,10,stress-ng,3.1855335509983362,0.028023277902648427,254.99503142858927,2.233838545457983,80.04791428571428,0.1045875291825196,40.0,0.0,35
107,2.0,15,stress-ng,3.2683701363235445,0.02128166416865029,261.59773285715477,1.6553387566316107,80.0393142857143,0.06002145274746358,40.0,0.0,35
108,2.0,20,stress-ng,3.3329308211811455,0.022095786671249257,266.76865214286306,1.777205844551466,80.04025714285714,0.04728035461767384,40.0,0.0,35
109,2.0,30,stress-ng,3.46095907486997,0.02329386603443627,277.0424714285714,1.8572452025687956,80.04791428571428,0.0421044719076463,40.0,0.0,35
110,2.0,40,stress-ng,3.5654078492283157,0.017643463044850496,285.37708428570994,1.4162150849641848,80.0405142857143,0.024522944152691527,40.0,0.0,35
111,2.0,50,stress-ng,3.680224464300088,0.023424758115017548,294.5767214285664,1.8916144377422357,80.04311428571428,0.020176823379328464,40.0,0.0,35
112,2.0,60,stress-ng,3.8200563485064882,0.01913827969348372,305.7190978571398,1.5298562907864377,80.03,0.011300702737131145,40.0,0.0,35
113,2.0,70,stress-ng,3.929373484916281,0.022802088954663156,314.4822628571442,1.828985711461904,80.03368571428571,0.010069673248308443,40.0,0.0,35
114,2.0,80,stress-ng,4.0304327187227225,0.019800480402003176,322.55209142856984,1.5880691219184104,80.02914285714286,0.006010495022887846,40.0,0.0,35
115,2.0,90,stress-ng,4.136559273592934,0.017529685699811625,331.0352557142871,1.4050606035329105,80.02671428571428,0.004281089942111925,40.0,0.0,35
116,2.0,100,stress-ng,4.2471246561409295,0.021264175205816853,339.87942928572573,1.7022246864490405,80.02577142857143,0.0029811734196328052,40.0,0.0,35
