index,time,minutes,dateTime,SPD33.CH1_Voltage,SPD33.CH1_Current,SPD33.CH1_Power,
0,0.022,0.000366667,1756803350,5,0.45,2.25,
1,0.327,0.00545,1756803351,5,0.46,2.3,
2,0.627,0.01045,1756803351,5,0.46,2.3,
3,0.927,0.01545,1756803351,5,0.46,2.3,
4,1.226,0.020433333,1756803352,5,0.46,2.3,
5,1.526,0.025433333,1756803352,5,0.46,2.3,
6,1.827,0.03045,1756803352,5,0.46,2.3,
7,2.127,0.03545,1756803353,5,0.47,2.35,
8,2.427,0.04045,1756803353,5,0.54,2.7,
9,2.727,0.04545,1756803353,5,0.54,2.7,
10,3.027,0.05045,1756803353,5,0.49,2.45,
11,3.325,0.055416667,1756803354,5,0.45,2.25,
12,3.623,0.060383333,1756803354,5,0.46,2.3,
13,3.927,0.06545,1756803354,5,0.46,2.3,
14,4.225,0.070416667,1756803355,5,0.46,2.3,
15,4.525,0.075416667,1756803355,5,0.54,2.7,0
16,4.824,0.0804,1756803355,5,0.54,2.7,0
17,5.124,0.0854,1756803356,5,0.46,2.3,0
18,5.423,0.090383333,1756803356,5,0.49,2.45,0
19,5.727,0.09545,1756803356,5,0.52,2.6,0
20,6.024,0.1004,1756803356,5,0.72,3.6,0
21,6.327,0.10545,1756803357,5,0.61,3.05,0
22,6.627,0.11045,1756803357,5,0.6,3,0
23,6.927,0.11545,1756803357,5,0.6,3,0
24,7.228,0.120466667,1756803358,5,0.6,3,0
25,7.523,0.125383333,1756803358,5,0.6,3,0
26,7.827,0.13045,1756803358,5,0.61,3.05,0
27,8.127,0.13545,1756803359,5,0.6,3,0
28,8.424,0.1404,1756803359,5,0.6,3,0
29,8.724,0.1454,1756803359,5,0.61,3.05,0
30,9.027,0.15045,1756803359,5,0.6,3,0
31,9.324,0.1554,1756803360,5,0.6,3,0
32,9.627,0.16045,1756803360,5,0.61,3.05,0
33,9.923,0.165383333,1756803360,5,0.61,3.05,0
34,10.225,0.170416667,1756803361,5,0.6,3,0
35,10.527,0.17545,1756803361,5,0.61,3.05,0
36,10.823,0.180383333,1756803361,5,0.61,3.05,0
37,11.126,0.185433333,1756803362,5,0.46,2.3,0
38,11.424,0.1904,1756803362,5,0.46,2.3,0
39,11.724,0.1954,1756803362,5,0.46,2.3,0
40,12.027,0.20045,1756803362,5,0.46,2.3,0
41,12.325,0.205416667,1756803363,5,0.46,2.3,0
42,12.627,0.21045,1756803363,5,0.46,2.3,0
43,12.922,0.215366667,1756803363,5,0.46,2.3,0
44,13.223,0.220383333,1756803364,5,0.46,2.3,0
45,13.524,0.2254,1756803364,5,0.46,2.3,0
46,13.825,0.230416667,1756803364,5,0.46,2.3,0
47,14.127,0.23545,1756803365,5,0.46,2.3,0
48,14.425,0.240416667,1756803365,5,0.46,2.3,0
49,14.725,0.245416667,1756803365,5,0.45,2.25,0
50,15.023,0.250383333,1756803365,5,0.47,2.35,0
51,15.326,0.255433333,1756803366,5,0.46,2.3,0
52,15.627,0.26045,1756803366,5,0.47,2.35,0
53,15.925,0.265416667,1756803366,5,0.47,2.35,0
54,16.227,0.27045,1756803367,5,0.46,2.3,0
55,16.527,0.27545,1756803367,5,0.46,2.3,0
56,16.827,0.28045,1756803367,5,0.46,2.3,0
57,17.125,0.285416667,1756803368,5,0.47,2.35,0
58,17.427,0.29045,1756803368,5,0.46,2.3,0
59,17.726,0.295433333,1756803368,5,0.46,2.3,0
60,18.027,0.30045,1756803368,5,0.46,2.3,0
61,18.327,0.30545,1756803369,5,0.46,2.3,0
62,18.627,0.31045,1756803369,5,0.53,2.65,0
63,18.927,0.31545,1756803369,5,0.46,2.3,0
64,19.226,0.320433333,1756803370,5,0.46,2.3,0
65,19.526,0.325433333,1756803370,5,0.46,2.3,0
66,19.823,0.330383333,1756803370,5,0.46,2.3,0
67,20.127,0.33545,1756803371,5,0.46,2.3,0
68,20.425,0.340416667,1756803371,5,0.46,2.3,0
69,20.727,0.34545,1756803371,5,0.46,2.3,0
70,21.027,0.35045,1756803371,5,0.46,2.3,0
71,21.325,0.355416667,1756803372,5,0.45,2.25,0
72,21.627,0.36045,1756803372,5,0.45,2.25,0
73,21.923,0.365383333,1756803372,5,0.46,2.3,0
74,22.223,0.370383333,1756803373,5,0.46,2.3,0
75,22.527,0.37545,1756803373,5,0.46,2.3,0
76,22.825,0.380416667,1756803373,5,0.46,2.3,0
77,23.127,0.38545,1756803374,5,0.46,2.3,0
78,23.427,0.39045,1756803374,5,0.46,2.3,0
79,23.727,0.39545,1756803374,5,0.46,2.3,0
80,24.025,0.400416667,1756803374,5,0.46,2.3,0
81,24.327,0.40545,1756803375,5,0.46,2.3,0
82,24.628,0.410466667,1756803375,5,0.46,2.3,0
83,24.927,0.41545,1756803375,5,0.46,2.3,0
84,25.227,0.42045,1756803376,5,0.45,2.25,0
85,25.527,0.42545,1756803376,5,0.46,2.3,0
86,25.825,0.430416667,1756803376,5,0.46,2.3,0
87,26.125,0.435416667,1756803377,5,0.45,2.25,0
88,26.427,0.44045,1756803377,5,0.46,2.3,0
89,26.727,0.44545,1756803377,5,0.46,2.3,0
90,27.027,0.45045,1756803377,5,0.46,2.3,0
91,27.323,0.455383333,1756803378,5,0.46,2.3,0
92,27.627,0.46045,1756803378,5,0.46,2.3,0
93,27.926,0.465433333,1756803378,5,0.46,2.3,0
94,28.226,0.470433333,1756803379,5,0.47,2.35,0
95,28.522,0.475366667,1756803379,5,0.46,2.3,0
96,28.823,0.480383333,1756803379,5,0.46,2.3,0
97,29.125,0.485416667,1756803380,5,0.46,2.3,0
98,29.427,0.49045,1756803380,5,0.46,2.3,0
99,29.724,0.4954,1756803380,5,0.46,2.3,0
100,30.025,0.500416667,1756803380,5,0.46,2.3,0
101,30.327,0.50545,1756803381,5,0.46,2.3,0
102,30.627,0.51045,1756803381,5,0.46,2.3,0
103,30.926,0.515433333,1756803381,5,0.46,2.3,0
104,31.227,0.52045,1756803382,5,0.46,2.3,0
105,31.527,0.52545,1756803382,5,0.45,2.25,0
106,31.827,0.53045,1756803382,5,0.46,2.3,0
107,32.124,0.5354,1756803383,5,0.46,2.3,0
108,32.427,0.54045,1756803383,5,0.45,2.25,0
109,32.725,0.545416667,1756803383,5,0.46,2.3,0
110,33.026,0.550433333,1756803383,5,0.46,2.3,0
111,33.325,0.555416667,1756803384,5,0.46,2.3,0
112,33.623,0.560383333,1756803384,5,0.46,2.3,0
113,33.927,0.56545,1756803384,5,0.46,2.3,0
114,34.225,0.570416667,1756803385,5,0.46,2.3,0
115,34.527,0.57545,1756803385,5,0.46,2.3,0
116,34.825,0.580416667,1756803385,5,0.47,2.35,0
117,35.127,0.58545,1756803386,5,0.56,2.8,0
118,35.427,0.59045,1756803386,5,0.46,2.3,0
119,35.723,0.595383333,1756803386,5,0.46,2.3,0
120,36.027,0.60045,1756803386,5,0.46,2.3,0
121,36.327,0.60545,1756803387,5,0.46,2.3,0
122,36.627,0.61045,1756803387,5,0.46,2.3,0
123,36.926,0.615433333,1756803387,5,0.47,2.35,0
124,37.227,0.62045,1756803388,5,0.47,2.35,0
125,37.527,0.62545,1756803388,5,0.46,2.3,0
126,37.827,0.63045,1756803388,5,0.46,2.3,0
127,38.127,0.63545,1756803389,5,0.46,2.3,0
128,38.427,0.64045,1756803389,5,0.47,2.35,0
129,38.724,0.6454,1756803389,5,0.46,2.3,0
130,39.027,0.65045,1756803389,5,0.46,2.3,0
131,39.327,0.65545,1756803390,5,0.46,2.3,0
132,39.625,0.660416667,1756803390,5,0.46,2.3,0
133,39.923,0.665383333,1756803390,5,0.46,2.3,0
134,40.226,0.670433333,1756803391,5,0.46,2.3,0
135,40.527,0.67545,1756803391,5,0.47,2.35,0
136,40.825,0.680416667,1756803391,5,0.46,2.3,0
137,41.127,0.68545,1756803392,5,0.46,2.3,0
138,41.423,0.690383333,1756803392,5,0.46,2.3,0
139,41.724,0.6954,1756803392,5,0.45,2.25,0
140,42.024,0.7004,1756803392,5,0.45,2.25,0
141,42.323,0.705383333,1756803393,5,0.46,2.3,0
142,42.624,0.7104,1756803393,5,0.46,2.3,0
143,42.924,0.7154,1756803393,5,0.46,2.3,0
144,43.224,0.7204,1756803394,5,0.45,2.25,0
145,43.524,0.7254,1756803394,5,0.46,2.3,0
146,43.826,0.730433333,1756803394,5,0.46,2.3,0
147,44.127,0.73545,1756803395,5,0.46,2.3,0
148,44.427,0.74045,1756803395,5,0.46,2.3,0
149,44.725,0.745416667,1756803395,5,0.46,2.3,0
150,45.025,0.750416667,1756803395,5,0.46,2.3,0
151,45.326,0.755433333,1756803396,5,0.46,2.3,0
152,45.627,0.76045,1756803396,5,0.45,2.25,0
153,45.924,0.7654,1756803396,5,0.46,2.3,0
154,46.222,0.770366667,1756803397,5,0.47,2.35,0
155,46.528,0.775466667,1756803397,5,0.47,2.35,0
156,46.825,0.780416667,1756803397,5,0.46,2.3,0
157,47.127,0.78545,1756803398,5,0.47,2.35,0
158,47.427,0.79045,1756803398,5,0.46,2.3,0
159,47.728,0.795466667,1756803398,5,0.46,2.3,0
160,48.027,0.80045,1756803398,5,0.46,2.3,0
161,48.325,0.805416667,1756803399,5,0.45,2.25,0
162,48.627,0.81045,1756803399,5,0.45,2.25,0
163,48.927,0.81545,1756803399,5,0.46,2.3,0
164,49.224,0.8204,1756803400,5,0.46,2.3,0
165,49.526,0.825433333,1756803400,5,0.46,2.3,0
166,49.823,0.830383333,1756803400,5,0.46,2.3,0
167,50.127,0.83545,1756803401,5,0.46,2.3,0
168,50.426,0.840433333,1756803401,5,0.46,2.3,0
169,50.724,0.8454,1756803401,5,0.46,2.3,0
170,51.027,0.85045,1756803401,5,0.46,2.3,0
171,51.327,0.85545,1756803402,5,0.46,2.3,0
172,51.627,0.86045,1756803402,5,0.54,2.7,0
173,51.924,0.8654,1756803402,5,0.46,2.3,0
174,52.227,0.87045,1756803403,5,0.46,2.3,0
175,52.527,0.87545,1756803403,5,0.46,2.3,0
176,52.824,0.8804,1756803403,5,0.46,2.3,0
177,53.127,0.88545,1756803404,5,0.46,2.3,0
178,53.427,0.89045,1756803404,5,0.46,2.3,0
179,53.725,0.895416667,1756803404,5,0.45,2.25,0
180,54.023,0.900383333,1756803404,5,0.45,2.25,0
181,54.327,0.90545,1756803405,5,0.46,2.3,0
182,54.627,0.91045,1756803405,5,0.45,2.25,0
183,54.926,0.915433333,1756803405,5,0.46,2.3,0
184,55.227,0.92045,1756803406,5,0.46,2.3,0
185,55.525,0.925416667,1756803406,5,0.45,2.25,0
186,55.827,0.93045,1756803406,5,0.46,2.3,0
187,56.122,0.935366667,1756803407,5,0.46,2.3,0
188,56.427,0.94045,1756803407,5,0.46,2.3,0
189,56.726,0.945433333,1756803407,5,0.46,2.3,0
190,57.027,0.95045,1756803407,5,0.46,2.3,0
191,57.327,0.95545,1756803408,5,0.46,2.3,0
192,57.627,0.96045,1756803408,5,0.45,2.25,0
193,57.927,0.96545,1756803408,5,0.46,2.3,0
194,58.227,0.97045,1756803409,5,0.47,2.35,0
195,58.525,0.975416667,1756803409,5,0.46,2.3,0
196,58.825,0.980416667,1756803409,5,0.46,2.3,0
197,59.126,0.985433333,1756803410,5,0.46,2.3,0
198,59.427,0.99045,1756803410,5,0.46,2.3,0
199,59.727,0.99545,1756803410,5,0.46,2.3,0
200,60.023,1.000383333,1756803410,5,0.46,2.3,0
201,60.325,1.005416667,1756803411,5,0.46,2.3,0
202,60.627,1.01045,1756803411,5,0.46,2.3,0
203,60.924,1.0154,1756803411,5,0.46,2.3,0
204,61.223,1.020383333,1756803412,5,0.46,2.3,0
205,61.527,1.02545,1756803412,5,0.46,2.3,0
206,61.825,1.030416667,1756803412,5,0.46,2.3,0
207,62.122,1.035366667,1756803413,5,0.45,2.25,0
208,62.424,1.0404,1756803413,5,0.45,2.25,0
209,62.726,1.045433333,1756803413,5,0.46,2.3,0
210,63.027,1.05045,1756803413,5,0.46,2.3,0
211,63.327,1.05545,1756803414,5,0.46,2.3,0
212,63.627,1.06045,1756803414,5,0.46,2.3,0
213,63.924,1.0654,1756803414,5,0.46,2.3,0
214,64.227,1.07045,1756803415,5,0.46,2.3,0
215,64.526,1.075433333,1756803415,5,0.52,2.6,25
216,64.827,1.08045,1756803415,5,0.68,3.4,25
217,65.125,1.085416667,1756803416,5,0.68,3.4,25
218,65.425,1.090416667,1756803416,5,0.61,3.05,25
219,65.727,1.09545,1756803416,5,0.69,3.45,25
220,66.025,1.100416667,1756803416,5,0.69,3.45,25
221,66.327,1.10545,1756803417,5,0.68,3.4,25
222,66.628,1.110466667,1756803417,5,0.61,3.05,25
223,66.922,1.115366667,1756803417,5,0.6,3,25
224,67.225,1.120416667,1756803418,5,0.61,3.05,25
225,67.527,1.12545,1756803418,5,0.67,3.35,25
226,67.827,1.13045,1756803418,5,0.68,3.4,25
227,68.127,1.13545,1756803419,5,0.6,3,25
228,68.426,1.140433333,1756803419,5,0.6,3,25
229,68.725,1.145416667,1756803419,5,0.62,3.1,25
230,69.026,1.150433333,1756803419,5,0.66,3.3,25
231,69.324,1.1554,1756803420,5,0.68,3.4,25
232,69.627,1.16045,1756803420,5,0.58,2.9,25
233,69.926,1.165433333,1756803420,5,0.66,3.3,25
234,70.227,1.17045,1756803421,5,0.61,3.05,25
235,70.522,1.175366667,1756803421,5,0.61,3.05,25
236,70.822,1.180366667,1756803421,5,0.6,3,25
237,71.124,1.1854,1756803422,5,0.66,3.3,25
238,71.427,1.19045,1756803422,5,0.69,3.45,25
239,71.727,1.19545,1756803422,5,0.62,3.1,25
240,72.025,1.200416667,1756803422,5,0.61,3.05,25
241,72.323,1.205383333,1756803423,5,0.69,3.45,25
242,72.627,1.21045,1756803423,5,0.69,3.45,25
243,72.927,1.21545,1756803423,5,0.69,3.45,25
244,73.227,1.22045,1756803424,5,0.68,3.4,25
245,73.524,1.2254,1756803424,5,0.64,3.2,25
246,73.823,1.230383333,1756803424,5,0.61,3.05,25
247,74.127,1.23545,1756803425,5,0.68,3.4,25
248,74.425,1.240416667,1756803425,5,0.67,3.35,25
249,74.722,1.245366667,1756803425,5,0.54,2.7,25
250,75.027,1.25045,1756803425,5,0.54,2.7,25
251,75.326,1.255433333,1756803426,5,0.53,2.65,25
252,75.626,1.260433333,1756803426,5,0.63,3.15,25
253,75.927,1.26545,1756803426,5,0.66,3.3,25
254,76.227,1.27045,1756803427,5,0.69,3.45,25
255,76.527,1.27545,1756803427,5,0.6,3,25
256,76.825,1.280416667,1756803427,5,0.64,3.2,25
257,77.122,1.285366667,1756803428,5,0.64,3.2,25
258,77.427,1.29045,1756803428,5,0.66,3.3,25
259,77.727,1.29545,1756803428,5,0.67,3.35,25
260,78.024,1.3004,1756803428,5,0.6,3,25
261,78.327,1.30545,1756803429,5,0.61,3.05,25
262,78.627,1.31045,1756803429,5,0.68,3.4,25
263,78.927,1.31545,1756803429,5,0.68,3.4,25
264,79.227,1.32045,1756803430,5,0.68,3.4,25
265,79.527,1.32545,1756803430,5,0.7,3.5,25
266,79.824,1.3304,1756803430,5,0.61,3.05,25
267,80.124,1.3354,1756803431,5,0.69,3.45,25
268,80.424,1.3404,1756803431,5,0.56,2.8,25
269,80.725,1.345416667,1756803431,5,0.66,3.3,25
270,81.024,1.3504,1756803431,5,0.69,3.45,25
271,81.324,1.3554,1756803432,5,0.69,3.45,25
272,81.627,1.36045,1756803432,5,0.7,3.5,25
273,81.927,1.36545,1756803432,5,0.69,3.45,25
274,82.227,1.37045,1756803433,5,0.61,3.05,25
275,82.525,1.375416667,1756803433,5,0.67,3.35,25
276,82.827,1.38045,1756803433,5,0.67,3.35,25
277,83.127,1.38545,1756803434,5,0.64,3.2,25
278,83.424,1.3904,1756803434,5,0.64,3.2,25
279,83.727,1.39545,1756803434,5,0.67,3.35,25
280,84.027,1.40045,1756803434,5,0.61,3.05,25
281,84.324,1.4054,1756803435,5,0.69,3.45,25
282,84.627,1.41045,1756803435,5,0.66,3.3,25
283,84.927,1.41545,1756803435,5,0.64,3.2,25
284,85.225,1.420416667,1756803436,5,0.61,3.05,25
285,85.527,1.42545,1756803436,5,0.61,2.95,25
286,85.827,1.43045,1756803436,5,0.59,2.95,25
287,86.124,1.4354,1756803437,5,0.61,3.05,25
288,86.427,1.44045,1756803437,5,0.67,3.35,25
289,86.724,1.4454,1756803437,5,0.7,3.5,25
290,87.027,1.45045,1756803437,5,0.69,3.45,25
291,87.323,1.455383333,1756803438,5,0.67,3.35,25
292,87.627,1.46045,1756803438,5,0.61,3.05,25
293,87.927,1.46545,1756803438,5,0.61,3.05,25
294,88.227,1.47045,1756803439,5,0.7,3.5,25
295,88.524,1.4754,1756803439,5,0.69,3.45,25
296,88.823,1.480383333,1756803439,5,0.66,3.3,25
297,89.127,1.48545,1756803440,5,0.64,3.2,25
298,89.424,1.4904,1756803440,5,0.62,3.1,25
299,89.727,1.49545,1756803440,5,0.66,3.3,25
300,90.023,1.500383333,1756803440,5,0.66,3.3,25
301,90.323,1.505383333,1756803441,5,0.67,3.35,25
302,90.627,1.51045,1756803441,5,0.62,3.1,25
303,90.927,1.51545,1756803441,5,0.59,2.95,25
304,91.227,1.52045,1756803442,5,0.62,3.1,25
305,91.525,1.525416667,1756803442,5,0.61,3.05,25
306,91.827,1.53045,1756803442,5,0.65,3.25,25
307,92.122,1.535366667,1756803443,5,0.65,3.25,25
308,92.423,1.540383333,1756803443,5,0.7,3.5,25
309,92.727,1.54545,1756803443,5,0.7,3.5,25
310,93.026,1.550433333,1756803443,5,0.66,3.3,25
311,93.327,1.55545,1756803444,5,0.61,3.05,25
312,93.627,1.56045,1756803444,5,0.7,3.5,25
313,93.927,1.56545,1756803444,5,0.7,3.5,25
314,94.225,1.570416667,1756803445,5,0.7,3.5,25
315,94.522,1.575366667,1756803445,5,0.61,3.05,25
316,94.827,1.58045,1756803445,5,0.62,3.1,25
317,95.127,1.58545,1756803446,5,0.63,3.15,25
318,95.427,1.59045,1756803446,5,0.68,3.4,25
319,95.724,1.5954,1756803446,5,0.69,3.45,25
320,96.027,1.60045,1756803446,5,0.55,2.75,25
321,96.327,1.60545,1756803447,5,0.61,3.05,25
322,96.627,1.61045,1756803447,5,0.61,3.05,25
323,96.925,1.615416667,1756803447,5,0.68,3.4,25
324,97.227,1.62045,1756803448,5,0.7,3.5,25
325,97.527,1.62545,1756803448,5,0.69,3.45,25
326,97.824,1.6304,1756803448,5,0.61,3.05,25
327,98.122,1.635366667,1756803449,5,0.66,3.3,25
328,98.427,1.64045,1756803449,5,0.66,3.3,25
329,98.726,1.645433333,1756803449,5,0.66,3.3,25
330,99.025,1.650416667,1756803449,5,0.69,3.45,25
331,99.326,1.655433333,1756803450,5,0.61,3.05,25
332,99.627,1.66045,1756803450,5,0.69,3.45,25
333,99.927,1.66545,1756803450,5,0.67,3.35,25
334,100.227,1.67045,1756803451,5,0.67,3.35,25
335,100.527,1.67545,1756803451,5,0.67,3.35,25
336,100.825,1.680416667,1756803451,5,0.67,3.35,25
337,101.126,1.685433333,1756803452,5,0.61,3.05,25
338,101.422,1.690366667,1756803452,5,0.58,2.9,25
339,101.722,1.695366667,1756803452,5,0.61,3.05,25
340,102.025,1.700416667,1756803452,5,0.69,3.45,25
341,102.327,1.70545,1756803453,5,0.7,3.5,25
342,102.625,1.710416667,1756803453,5,0.62,3.1,25
343,102.927,1.71545,1756803453,5,0.62,3.1,25
344,103.226,1.720433333,1756803454,5,0.61,3.05,25
345,103.524,1.7254,1756803454,5,0.62,3.1,25
346,103.824,1.7304,1756803454,5,0.65,3.25,25
347,104.127,1.73545,1756803455,5,0.68,3.4,25
348,104.424,1.7404,1756803455,5,0.61,3.05,25
349,104.727,1.74545,1756803455,5,0.68,3.4,25
350,105.023,1.750383333,1756803455,5,0.68,3.3,25
351,105.324,1.7554,1756803456,5,0.66,3.3,25
352,105.627,1.76045,1756803456,5,0.68,3.4,25
353,105.927,1.76545,1756803456,5,0.69,3.45,25
354,106.227,1.77045,1756803457,5,0.6,3,25
355,106.523,1.775383333,1756803457,5,0.63,3.15,25
356,106.827,1.78045,1756803457,5,0.61,3.05,25
357,107.123,1.785383333,1756803458,5,0.68,3.4,25
358,107.427,1.79045,1756803458,5,0.68,3.4,25
359,107.724,1.7954,1756803458,5,0.69,3.45,25
360,108.027,1.80045,1756803458,5,0.63,3.15,25
361,108.327,1.80545,1756803459,5,0.61,3.05,25
362,108.627,1.81045,1756803459,5,0.61,3.05,25
363,108.927,1.81545,1756803459,5,0.7,3.5,25
364,109.226,1.820433333,1756803460,5,0.69,3.45,25
365,109.523,1.825383333,1756803460,5,0.69,3.45,25
366,109.827,1.83045,1756803460,5,0.68,3.4,25
367,110.127,1.83545,1756803461,5,0.61,3.05,25
368,110.425,1.840416667,1756803461,5,0.69,3.45,25
369,110.727,1.84545,1756803461,5,0.69,3.45,25
370,111.022,1.850366667,1756803461,5,0.61,3.05,25
371,111.327,1.85545,1756803462,5,0.61,3.05,25
372,111.627,1.86045,1756803462,5,0.64,3.2,25
373,111.926,1.865433333,1756803462,5,0.64,3.2,25
374,112.226,1.870433333,1756803463,5,0.54,2.7,25
375,112.522,1.875366667,1756803463,5,0.7,3.5,25
376,112.827,1.88045,1756803463,5,0.61,3.05,25
377,113.127,1.88545,1756803464,5,0.67,3.35,25
378,113.427,1.89045,1756803464,5,0.69,3.45,25
379,113.727,1.89545,1756803464,5,0.64,3.2,25
380,114.026,1.900433333,1756803464,5,0.64,3.2,25
381,114.327,1.90545,1756803465,5,0.63,3.15,25
382,114.626,1.910433333,1756803465,5,0.62,3.1,25
383,114.927,1.91545,1756803465,5,0.69,3.45,25
384,115.227,1.92045,1756803466,5,0.68,3.4,25
385,115.523,1.925383333,1756803466,5,0.63,3.15,25
386,115.827,1.93045,1756803466,5,0.62,3.1,25
387,116.127,1.93545,1756803467,5,0.62,3.1,25
388,116.427,1.94045,1756803467,5,0.69,3.45,25
389,116.727,1.94545,1756803467,5,0.7,3.5,25
390,117.026,1.950433333,1756803467,5,0.7,3.5,25
391,117.326,1.955433333,1756803468,5,0.51,2.55,25
392,117.627,1.96045,1756803468,5,0.68,3.4,25
393,117.926,1.965433333,1756803468,5,0.69,3.45,25
394,118.224,1.9704,1756803469,5,0.69,3.45,25
395,118.527,1.97545,1756803469,5,0.62,3.1,25
396,118.827,1.98045,1756803469,5,0.69,3.45,25
397,119.124,1.9854,1756803470,5,0.69,3.45,25
398,119.425,1.990416667,1756803470,5,0.63,3.15,25
399,119.727,1.99545,1756803470,5,0.65,3.25,25
400,120.026,2.000433333,1756803470,5,0.61,3.05,25
401,120.325,2.005416667,1756803471,5,0.69,3.45,25
402,120.623,2.010383333,1756803471,5,0.69,3.45,25
403,120.927,2.01545,1756803471,5,0.68,3.4,25
404,121.222,2.020366667,1756803472,5,0.62,3.1,25
405,121.527,2.02545,1756803472,5,0.62,3.1,25
406,121.826,2.030433333,1756803472,5,0.7,3.5,25
407,122.126,2.035433333,1756803473,5,0.69,3.45,25
408,122.427,2.04045,1756803473,5,0.55,2.75,25
409,122.724,2.0454,1756803473,5,0.55,2.75,25
410,123.025,2.050416667,1756803473,5,0.68,3.4,25
411,123.327,2.05545,1756803474,5,0.62,3.1,25
412,123.625,2.060416667,1756803474,5,0.61,3.05,25
413,123.925,2.065416667,1756803474,5,0.67,3.35,25
414,124.226,2.070433333,1756803475,5,0.69,3.45,25
415,124.526,2.075433333,1756803475,5,0.71,3.55,50
416,124.825,2.080416667,1756803475,5,0.71,3.55,50
417,125.126,2.085433333,1756803476,5,0.67,3.35,50
418,125.427,2.09045,1756803476,5,0.71,3.55,50
419,125.726,2.095433333,1756803476,5,0.65,3.25,50
420,126.025,2.100416667,1756803476,5,0.73,3.65,50
421,126.327,2.10545,1756803477,5,0.68,3.4,50
422,126.627,2.11045,1756803477,5,0.74,3.7,50
423,126.927,2.11545,1756803477,5,0.74,3.7,50
424,127.227,2.12045,1756803478,5,0.72,3.6,50
425,127.527,2.12545,1756803478,5,0.68,3.4,50
426,127.825,2.130416667,1756803478,5,0.61,3.05,50
427,128.125,2.135416667,1756803479,5,0.67,3.35,50
428,128.425,2.140416667,1756803479,5,0.76,3.8,50
429,128.724,2.1454,1756803479,5,0.65,3.25,50
430,129.027,2.15045,1756803479,5,0.73,3.65,50
431,129.327,2.15545,1756803480,5,0.73,3.65,50
432,129.625,2.160416667,1756803480,5,0.66,3.3,50
433,129.924,2.1654,1756803480,5,0.74,3.7,50
434,130.227,2.17045,1756803481,5,0.67,3.35,50
435,130.527,2.17545,1756803481,5,0.71,3.55,50
436,130.823,2.180383333,1756803481,5,0.68,3.4,50
437,131.127,2.18545,1756803482,5,0.69,3.45,50
438,131.427,2.19045,1756803482,5,0.69,3.45,50
439,131.727,2.19545,1756803482,5,0.74,3.7,50
440,132.027,2.20045,1756803482,5,0.69,3.45,50
441,132.323,2.205383333,1756803483,5,0.7,3.5,50
442,132.626,2.210433333,1756803483,5,0.68,3.4,50
443,132.927,2.21545,1756803483,5,0.76,3.8,50
444,133.227,2.22045,1756803484,5,0.71,3.55,50
445,133.523,2.225383333,1756803484,5,0.71,3.55,50
446,133.827,2.23045,1756803484,5,0.68,3.4,50
447,134.127,2.23545,1756803485,5,0.68,3.4,50
448,134.424,2.2404,1756803485,5,0.72,3.6,50
449,134.723,2.245383333,1756803485,5,0.69,3.45,50
450,135.024,2.2504,1756803485,5,0.71,3.55,50
451,135.326,2.255433333,1756803486,5,0.67,3.35,50
452,135.626,2.260433333,1756803486,5,0.74,3.7,50
453,135.927,2.26545,1756803486,5,0.74,3.7,50
454,136.224,2.2704,1756803487,5,0.69,3.45,50
455,136.527,2.27545,1756803487,5,0.73,3.65,50
456,136.827,2.28045,1756803487,5,0.68,3.4,50
457,137.127,2.28545,1756803488,5,0.71,3.55,50
458,137.427,2.29045,1756803488,5,0.66,3.3,50
459,137.727,2.29545,1756803488,5,0.74,3.7,50
460,138.025,2.300416667,1756803488,5,0.74,3.7,50
461,138.326,2.305433333,1756803489,5,0.68,3.4,50
462,138.627,2.31045,1756803489,5,0.73,3.65,50
463,138.926,2.315433333,1756803489,5,0.67,3.35,50
464,139.227,2.32045,1756803490,5,0.74,3.7,50
465,139.527,2.32545,1756803490,5,0.7,3.5,50
466,139.826,2.330433333,1756803490,5,0.71,3.55,50
467,140.123,2.335383333,1756803491,5,0.71,3.55,50
468,140.425,2.340416667,1756803491,5,0.67,3.35,50
469,140.724,2.3454,1756803491,5,0.73,3.65,50
470,141.027,2.35045,1756803491,5,0.71,3.55,50
471,141.327,2.35545,1756803492,5,0.68,3.4,50
472,141.626,2.360433333,1756803492,5,0.7,3.5,50
473,141.927,2.36545,1756803492,5,0.68,3.4,50
474,142.225,2.370416667,1756803493,5,0.71,3.55,50
475,142.525,2.375416667,1756803493,5,0.71,3.55,50
476,142.824,2.3804,1756803493,5,0.67,3.35,50
477,143.122,2.385366667,1756803494,5,0.71,3.55,50
478,143.427,2.39045,1756803494,5,0.6,3,50
479,143.723,2.395383333,1756803494,5,0.69,3.45,50
480,144.024,2.4004,1756803494,5,0.73,3.65,50
481,144.325,2.405416667,1756803495,5,0.71,3.55,50
482,144.627,2.41045,1756803495,5,0.71,3.55,50
483,144.927,2.41545,1756803495,5,0.71,3.55,50
484,145.225,2.420416667,1756803496,5,0.67,3.35,50
485,145.527,2.42545,1756803496,5,0.72,3.6,50
486,145.825,2.430416667,1756803496,5,0.67,3.35,50
487,146.125,2.435416667,1756803497,5,0.69,3.45,50
488,146.427,2.44045,1756803497,5,0.7,3.5,50
489,146.725,2.445416667,1756803497,5,0.7,3.5,50
490,147.027,2.45045,1756803497,5,0.7,3.5,50
491,147.325,2.455416667,1756803498,5,0.7,3.5,50
492,147.627,2.46045,1756803498,5,0.68,3.4,50
493,147.925,2.465416667,1756803498,5,0.72,3.6,50
494,148.227,2.47045,1756803499,5,0.7,3.5,50
495,148.527,2.47545,1756803499,5,0.68,3.4,50
496,148.823,2.480383333,1756803499,5,0.68,3.4,50
497,149.127,2.48545,1756803500,5,0.69,3.45,50
498,149.427,2.49045,1756803500,5,0.73,3.65,50
499,149.727,2.49545,1756803500,5,0.69,3.45,50
500,150.024,2.5004,1756803500,5,0.74,3.7,50
501,150.326,2.505433333,1756803501,5,0.7,3.5,50
502,150.627,2.51045,1756803501,5,0.71,3.55,50
503,150.926,2.515433333,1756803501,5,0.68,3.4,50
504,151.226,2.520433333,1756803502,5,0.68,3.4,50
505,151.523,2.525383333,1756803502,5,0.72,3.6,50
506,151.827,2.53045,1756803502,5,0.72,3.6,50
507,152.127,2.53545,1756803503,5,0.67,3.35,50
508,152.427,2.54045,1756803503,5,0.71,3.55,50
509,152.725,2.545416667,1756803503,5,0.7,3.5,50
510,153.024,2.5504,1756803503,5,0.72,3.6,50
511,153.324,2.5554,1756803504,5,0.72,3.6,50
512,153.626,2.560433333,1756803504,5,0.67,3.35,50
513,153.927,2.56545,1756803504,5,0.63,3.15,50
514,154.227,2.57045,1756803505,5,0.67,3.35,50
515,154.524,2.5754,1756803505,5,0.69,3.45,50
516,154.824,2.5804,1756803505,5,0.73,3.65,50
517,155.127,2.58545,1756803506,5,0.7,3.5,50
518,155.427,2.59045,1756803506,5,0.7,3.5,50
519,155.724,2.5954,1756803506,5,0.71,3.55,50
520,156.025,2.600416667,1756803506,5,0.68,3.4,50
521,156.327,2.60545,1756803507,5,0.74,3.7,50
522,156.624,2.6104,1756803507,5,0.68,3.4,50
523,156.927,2.61545,1756803507,5,0.74,3.7,50
524,157.227,2.62045,1756803508,5,0.7,3.5,50
525,157.527,2.62545,1756803508,5,0.7,3.5,50
526,157.823,2.630383333,1756803508,5,0.7,3.5,50
527,158.127,2.63545,1756803509,5,0.69,3.45,50
528,158.427,2.64045,1756803509,5,0.71,3.55,50
529,158.727,2.64545,1756803509,5,0.71,3.55,50
530,159.027,2.65045,1756803509,5,0.68,3.4,50
531,159.327,2.65545,1756803510,5,0.67,3.35,50
532,159.627,2.66045,1756803510,5,0.75,3.75,50
533,159.926,2.665433333,1756803510,5,0.75,3.75,50
534,160.227,2.67045,1756803511,5,0.69,3.45,50
535,160.524,2.6754,1756803511,5,0.7,3.5,50
536,160.823,2.680383333,1756803511,5,0.69,3.45,50
537,161.125,2.685416667,1756803512,5,0.69,3.45,50
538,161.427,2.69045,1756803512,5,0.7,3.5,50
539,161.727,2.69545,1756803512,5,0.69,3.45,50
540,162.022,2.700366667,1756803512,5,0.69,3.45,50
541,162.327,2.70545,1756803513,5,0.71,3.55,50
542,162.627,2.71045,1756803513,5,0.66,3.3,50
543,162.927,2.71545,1756803513,5,0.73,3.65,50
544,163.225,2.720416667,1756803514,5,0.79,3.95,50
545,163.522,2.725366667,1756803514,5,0.72,3.6,50
546,163.824,2.7304,1756803514,5,0.68,3.4,50
547,164.124,2.7354,1756803515,5,0.68,3.4,50
548,164.427,2.74045,1756803515,5,0.63,3.15,50
549,164.723,2.745383333,1756803515,5,0.7,3.5,50
550,165.026,2.750433333,1756803515,5,0.73,3.65,50
551,165.325,2.755416667,1756803516,5,0.72,3.6,50
552,165.623,2.760383333,1756803516,5,0.67,3.35,50
553,165.927,2.76545,1756803516,5,0.71,3.55,50
554,166.222,2.770366667,1756803517,5,0.71,3.55,50
555,166.525,2.775416667,1756803517,5,0.71,3.55,50
556,166.827,2.78045,1756803517,5,0.73,3.65,50
557,167.125,2.785416667,1756803518,5,0.65,3.25,50
558,167.423,2.790383333,1756803518,5,0.73,3.65,50
559,167.726,2.795433333,1756803518,5,0.67,3.35,50
560,168.026,2.800433333,1756803518,5,0.71,3.55,50
561,168.328,2.805466667,1756803519,5,0.7,3.5,50
562,168.627,2.81045,1756803519,5,0.7,3.5,50
563,168.927,2.81545,1756803519,5,0.72,3.6,50
564,169.227,2.82045,1756803520,5,0.67,3.35,50
565,169.525,2.825416667,1756803520,5,0.71,3.55,50
566,169.827,2.83045,1756803520,5,0.71,3.55,50
567,170.127,2.83545,1756803521,5,0.72,3.6,50
568,170.424,2.8404,1756803521,5,0.67,3.35,50
569,170.727,2.84545,1756803521,5,0.67,3.35,50
570,171.024,2.8504,1756803521,5,0.7,3.5,50
571,171.327,2.85545,1756803522,5,0.73,3.65,50
572,171.627,2.86045,1756803522,5,0.71,3.55,50
573,171.926,2.865433333,1756803522,5,0.7,3.5,50
574,172.224,2.8704,1756803523,5,0.69,3.45,50
575,172.526,2.875433333,1756803523,5,0.74,3.7,50
576,172.825,2.880416667,1756803523,5,0.71,3.55,50
577,173.127,2.88545,1756803524,5,0.71,3.55,50
578,173.424,2.8904,1756803524,5,0.7,3.5,50
579,173.727,2.89545,1756803524,5,0.69,3.45,50
580,174.026,2.900433333,1756803524,5,0.74,3.7,50
581,174.325,2.905416667,1756803525,5,0.69,3.45,50
582,174.624,2.9104,1756803525,5,0.67,3.35,50
583,174.927,2.91545,1756803525,5,0.71,3.55,50
584,175.227,2.92045,1756803526,5,0.71,3.55,50
585,175.524,2.9254,1756803526,5,0.71,3.55,50
586,175.827,2.93045,1756803526,5,0.71,3.55,50
587,176.123,2.935383333,1756803527,5,0.7,3.5,50
588,176.426,2.940433333,1756803527,5,0.68,3.4,50
589,176.727,2.94545,1756803527,5,0.72,3.6,50
590,177.024,2.9504,1756803527,5,0.67,3.35,50
591,177.324,2.9554,1756803528,5,0.67,3.35,50
592,177.624,2.9604,1756803528,5,0.74,3.7,50
593,177.923,2.965383333,1756803528,5,0.7,3.5,50
594,178.227,2.97045,1756803529,5,0.7,3.5,50
595,178.527,2.97545,1756803529,5,0.7,3.5,50
596,178.827,2.98045,1756803529,5,0.7,3.5,50
597,179.124,2.9854,1756803530,5,0.71,3.55,50
598,179.426,2.990433333,1756803530,5,0.71,3.55,50
599,179.727,2.99545,1756803530,5,0.65,3.25,50
600,180.024,3.0004,1756803530,5,0.69,3.45,50
601,180.324,3.0054,1756803531,5,0.68,3.4,50
602,180.627,3.01045,1756803531,5,0.73,3.65,50
603,180.926,3.015433333,1756803531,5,0.68,3.4,50
604,181.226,3.020433333,1756803532,5,0.72,3.6,50
605,181.526,3.025433333,1756803532,5,0.72,3.6,50
606,181.825,3.030416667,1756803532,5,0.7,3.5,50
607,182.124,3.0354,1756803533,5,0.71,3.55,50
608,182.424,3.0404,1756803533,5,0.7,3.5,50
609,182.727,3.04545,1756803533,5,0.71,3.55,50
610,183.027,3.05045,1756803533,5,0.72,3.6,50
611,183.326,3.055433333,1756803534,5,0.67,3.35,50
612,183.627,3.06045,1756803534,5,0.71,3.55,50
613,183.927,3.06545,1756803534,5,0.71,3.55,50
614,184.226,3.070433333,1756803535,5,0.7,3.5,50
615,184.527,3.07545,1756803535,5,0.79,3.95,75
616,184.827,3.08045,1756803535,5,0.75,3.75,75
617,185.127,3.08545,1756803536,5,0.78,3.9,75
618,185.427,3.09045,1756803536,5,0.77,3.85,75
619,185.723,3.095383333,1756803536,5,0.7,3.5,75
620,186.027,3.10045,1756803536,5,0.7,3.5,75
621,186.326,3.105433333,1756803537,5,0.78,3.9,75
622,186.624,3.1104,1756803537,5,0.71,3.55,75
623,186.927,3.11545,1756803537,5,0.7,3.5,75
624,187.227,3.12045,1756803538,5,0.8,4,75
625,187.523,3.125383333,1756803538,5,0.76,3.8,75
626,187.827,3.13045,1756803538,5,0.75,3.75,75
627,188.123,3.135383333,1756803539,5,0.75,3.8,75
628,188.427,3.14045,1756803539,5,0.76,3.8,75
629,188.727,3.14545,1756803539,5,0.79,3.95,75
630,189.026,3.150433333,1756803539,5,0.71,3.55,75
631,189.327,3.15545,1756803540,5,0.79,3.95,75
632,189.626,3.160433333,1756803540,5,0.8,4,75
633,189.927,3.16545,1756803540,5,0.72,3.6,75
634,190.223,3.170383333,1756803541,5,0.71,3.55,75
635,190.527,3.17545,1756803541,5,0.71,3.55,75
636,190.827,3.18045,1756803541,5,0.78,3.9,75
637,191.123,3.185383333,1756803542,5,0.69,3.45,75
638,191.423,3.190383333,1756803542,5,0.76,3.8,75
639,191.725,3.195416667,1756803542,5,0.76,3.8,75
640,192.027,3.20045,1756803542,5,0.7,3.5,75
641,192.326,3.205433333,1756803543,5,0.71,3.55,75
642,192.624,3.2104,1756803543,5,0.71,3.55,75
643,192.926,3.215433333,1756803543,5,0.76,3.8,75
644,193.224,3.2204,1756803544,5,0.71,3.55,75
645,193.524,3.2254,1756803544,5,0.78,3.9,75
646,193.823,3.230383333,1756803544,5,0.76,3.8,75
647,194.124,3.2354,1756803545,5,0.7,3.5,75
648,194.427,3.24045,1756803545,5,0.76,3.8,75
649,194.726,3.245433333,1756803545,5,0.76,3.8,75
650,195.023,3.250383333,1756803545,5,0.79,3.95,75
651,195.326,3.255433333,1756803546,5,0.75,3.75,75
652,195.627,3.26045,1756803546,5,0.79,3.95,75
653,195.927,3.26545,1756803546,5,0.78,3.9,75
654,196.227,3.27045,1756803547,5,0.75,3.75,75
655,196.527,3.27545,1756803547,5,0.79,3.95,75
656,196.827,3.28045,1756803547,5,0.79,3.95,75
657,197.127,3.28545,1756803548,5,0.73,3.65,75
658,197.426,3.290433333,1756803548,5,0.8,4,75
659,197.725,3.295416667,1756803548,5,0.8,4,75
660,198.025,3.300416667,1756803548,5,0.71,3.55,75
661,198.326,3.305433333,1756803549,5,0.8,4,75
662,198.627,3.31045,1756803549,5,0.79,3.95,75
663,198.927,3.31545,1756803549,5,0.69,3.45,75
664,199.225,3.320416667,1756803550,5,0.69,3.45,75
665,199.527,3.32545,1756803550,5,0.78,3.9,75
666,199.826,3.330433333,1756803550,5,0.74,3.7,75
667,200.126,3.335433333,1756803551,5,0.72,3.6,75
668,200.426,3.340433333,1756803551,5,0.77,3.85,75
669,200.727,3.34545,1756803551,5,0.77,3.85,75
670,201.027,3.35045,1756803551,5,0.73,3.65,75
671,201.326,3.355433333,1756803552,5,0.73,3.65,75
672,201.627,3.36045,1756803552,5,0.76,3.8,75
673,201.927,3.36545,1756803552,5,0.76,3.8,75
674,202.225,3.370416667,1756803553,5,0.69,3.45,75
675,202.527,3.37545,1756803553,5,0.79,3.95,75
676,202.826,3.380433333,1756803553,5,0.76,3.8,75
677,203.126,3.385433333,1756803554,5,0.73,3.65,75
678,203.423,3.390383333,1756803554,5,0.73,3.65,75
679,203.725,3.395416667,1756803554,5,0.79,3.95,75
680,204.027,3.40045,1756803554,5,0.78,3.9,75
681,204.327,3.40545,1756803555,5,0.71,3.55,75
682,204.627,3.41045,1756803555,5,0.79,3.95,75
683,204.923,3.415383333,1756803555,5,0.76,3.8,75
684,205.223,3.420383333,1756803556,5,0.74,3.7,75
685,205.527,3.42545,1756803556,5,0.74,3.7,75
686,205.825,3.430416667,1756803556,5,0.8,4,75
687,206.127,3.43545,1756803557,5,0.72,3.6,75
688,206.423,3.440383333,1756803557,5,0.78,3.9,75
689,206.727,3.44545,1756803557,5,0.76,3.8,75
690,207.027,3.45045,1756803557,5,0.72,3.6,75
691,207.324,3.4554,1756803558,5,0.76,3.8,75
692,207.626,3.460433333,1756803558,5,0.76,3.8,75
693,207.927,3.46545,1756803558,5,0.75,3.75,75
694,208.225,3.470416667,1756803559,5,0.75,3.75,75
695,208.522,3.475366667,1756803559,5,0.76,3.8,75
696,208.826,3.480433333,1756803559,5,0.7,3.5,75
697,209.123,3.485383333,1756803560,5,0.75,3.75,75
698,209.427,3.49045,1756803560,5,0.77,3.85,75
699,209.727,3.49545,1756803560,5,0.77,3.85,75
700,210.027,3.50045,1756803560,5,0.72,3.6,75
701,210.327,3.50545,1756803561,5,0.72,3.6,75
702,210.627,3.51045,1756803561,5,0.77,3.85,75
703,210.926,3.515433333,1756803561,5,0.72,3.6,75
704,211.227,3.52045,1756803562,5,0.76,3.8,75
705,211.527,3.52545,1756803562,5,0.78,3.9,75
706,211.827,3.53045,1756803562,5,0.76,3.8,75
707,212.127,3.53545,1756803563,5,0.76,3.8,75
708,212.427,3.54045,1756803563,5,0.77,3.85,75
709,212.727,3.54545,1756803563,5,0.78,3.9,75
710,213.027,3.55045,1756803563,5,0.77,3.85,75
711,213.322,3.555366667,1756803564,5,0.75,3.75,75
712,213.627,3.56045,1756803564,5,0.8,4,75
713,213.924,3.5654,1756803564,5,0.78,3.9,75
714,214.226,3.570433333,1756803565,5,0.78,3.9,75
715,214.523,3.575383333,1756803565,5,0.78,3.9,75
716,214.827,3.58045,1756803565,5,0.79,3.95,75
717,215.127,3.58545,1756803566,5,0.73,3.65,75
718,215.426,3.590433333,1756803566,5,0.77,3.85,75
719,215.727,3.59545,1756803566,5,0.8,4,75
720,216.022,3.600366667,1756803566,5,0.72,3.6,75
721,216.326,3.605433333,1756803567,5,0.72,3.6,75
722,216.626,3.610433333,1756803567,5,0.74,3.7,75
723,216.927,3.61545,1756803567,5,0.77,3.85,75
724,217.225,3.620416667,1756803569,5,0.7,3.5,75
725,218.459,3.640983333,1756803569,5,0.72,3.6,75
726,218.864,3.647733333,1756803569,5,0.79,3.95,75
727,219.26,3.654333333,1756803570,5,0.77,3.85,75
728,219.661,3.661016667,1756803570,5,0.72,3.6,75
729,220.064,3.667733333,1756803570,5,0.8,4,75
730,220.464,3.6744,1756803571,5,0.79,3.95,75
731,220.864,3.681066667,1756803571,5,0.72,3.6,75
732,221.262,3.6877,1756803572,5,0.76,3.8,75
733,221.662,3.694366667,1756803572,5,0.72,3.6,75
734,222.06,3.701,1756803572,5,0.73,3.65,75
735,222.46,3.707666667,1756803573,5,0.76,3.8,75
736,222.86,3.714333333,1756803573,5,0.7,3.5,75
737,223.261,3.721016667,1756803574,5,0.77,3.85,75
738,223.663,3.727716667,1756803574,5,0.72,3.6,75
739,224.064,3.7344,1756803574,5,0.79,3.95,75
740,224.464,3.741066667,1756803575,5,0.78,3.9,75
741,224.861,3.747683333,1756803575,5,0.75,3.75,75
742,225.264,3.7544,1756803576,5,0.75,3.75,75
743,225.664,3.761066667,1756803576,5,0.77,3.85,75
744,226.064,3.767733333,1756803576,5,0.71,3.55,75
745,226.461,3.77435,1756803577,5,0.78,3.9,75
746,226.859,3.780983333,1756803577,5,0.78,3.9,75
747,227.264,3.787733333,1756803578,5,0.71,3.55,75
748,227.664,3.7944,1756803578,5,0.77,3.85,75
749,228.064,3.801066667,1756803578,5,0.74,3.7,75
750,228.464,3.807733333,1756803579,5,0.7,3.5,75
751,228.864,3.8144,1756803579,5,0.75,3.75,75
752,229.264,3.821066667,1756803580,5,0.7,3.5,75
753,229.663,3.827716667,1756803580,5,0.8,4,75
754,230.06,3.834333333,1756803580,5,0.8,4,75
755,230.464,3.841066667,1756803581,5,0.78,3.9,75
756,230.864,3.847733333,1756803581,5,0.78,3.9,75
757,231.264,3.8544,1756803582,5,0.73,3.65,75
758,231.66,3.861,1756803582,5,0.8,4,75
759,232.061,3.867683333,1756803582,5,0.73,3.65,75
760,232.464,3.8744,1756803583,5,0.72,3.6,75
761,232.86,3.881,1756803583,5,0.78,3.9,75
762,233.263,3.887716667,1756803584,5,0.71,3.55,75
763,233.664,3.8944,1756803584,5,0.71,3.55,75
764,234.064,3.901066667,1756803584,5,0.74,3.7,75
765,234.464,3.907733333,1756803585,5,0.71,3.55,75
766,234.861,3.91435,1756803585,5,0.8,4,75
767,235.264,3.921066667,1756803586,5,0.73,3.65,75
768,235.664,3.927733333,1756803586,5,0.71,3.55,75
769,236.064,3.9344,1756803586,5,0.79,3.95,75
770,236.46,3.941,1756803587,5,0.71,3.55,75
771,236.864,3.947733333,1756803587,5,0.79,3.95,75
772,237.264,3.9544,1756803588,5,0.8,4,75
773,237.663,3.96105,1756803588,5,0.72,3.6,75
774,238.064,3.967733333,1756803588,5,0.75,3.75,75
775,238.463,3.974383333,1756803589,5,0.79,3.95,75
776,238.864,3.981066667,1756803589,5,0.75,3.75,75
777,239.264,3.987733333,1756803590,5,0.8,4,75
778,239.659,3.994316667,1756803590,5,0.75,3.75,75
779,240.064,4.001066667,1756803590,5,0.7,3.5,75
780,240.463,4.007716667,1756803591,5,0.79,3.95,75
781,240.864,4.0144,1756803591,5,0.78,3.9,75
782,241.261,4.021016667,1756803592,5,0.74,3.7,75
783,241.663,4.027716667,1756803592,5,0.8,4,75
784,242.062,4.034366667,1756803592,5,0.71,3.55,75
785,242.464,4.041066667,1756803593,5,0.79,3.95,75
786,242.863,4.047716667,1756803593,5,0.78,3.9,75
787,243.265,4.054416667,1756803594,5,0.73,3.65,75
788,243.663,4.06105,1756803594,5,0.79,3.95,75
789,244.064,4.067733333,1756803594,5,0.77,3.85,75
790,244.464,4.0744,1756803595,5,0.82,4.1,100
791,244.865,4.081083333,1756803595,5,0.8,4,100
792,245.26,4.087666667,1756803596,5,0.8,4,100
793,245.661,4.09435,1756803596,5,0.8,4,100
794,246.062,4.101033333,1756803596,5,0.8,4,100
795,246.463,4.107716667,1756803597,5,0.8,4,100
796,246.864,4.1144,1756803597,5,0.8,4,100
797,247.264,4.121066667,1756803598,5,0.8,4,100
798,247.664,4.127733333,1756803598,5,0.8,4,100
799,248.064,4.1344,1756803598,5,0.8,4,100
800,248.461,4.141016667,1756803599,5,0.8,4,100
801,248.864,4.147733333,1756803599,5,0.8,4,100
802,249.264,4.1544,1756803600,5,0.8,4,100
803,249.664,4.161066667,1756803600,5,0.81,4.05,100
804,250.064,4.167733333,1756803600,5,0.8,4,100
805,250.464,4.1744,1756803601,5,0.8,4,100
806,250.861,4.181016667,1756803601,5,0.8,4,100
807,251.263,4.187716667,1756803602,5,0.8,4,100
808,251.66,4.194333333,1756803602,5,0.79,3.95,100
809,252.064,4.201066667,1756803602,5,0.8,4,100
810,252.464,4.207733333,1756803603,5,0.81,4.05,100
811,252.864,4.2144,1756803603,5,0.8,4,100
812,253.264,4.221066667,1756803604,5,0.81,4.05,100
813,253.66,4.227666667,1756803604,5,0.8,4,100
814,254.064,4.2344,1756803604,5,0.8,4,100
815,254.463,4.24105,1756803605,5,0.8,4,100
816,254.862,4.2477,1756803605,5,0.81,4.05,100
817,255.259,4.254316667,1756803606,5,0.8,4,100
818,255.662,4.261033333,1756803606,5,0.8,4,100
819,256.063,4.267716667,1756803606,5,0.8,4,100
820,256.461,4.27435,1756803607,5,0.8,4,100
821,256.859,4.280983333,1756803607,5,0.8,4,100
822,257.263,4.287716667,1756803608,5,0.8,4,100
823,257.664,4.2944,1756803608,5,0.8,4,100
824,258.06,4.301,1756803608,5,0.8,4,100
825,258.464,4.307733333,1756803609,5,0.8,4,100
826,258.863,4.314383333,1756803609,5,0.8,4,100
827,259.26,4.321,1756803610,5,0.8,4,100
828,259.663,4.327716667,1756803610,5,0.79,3.95,100
829,260.06,4.334333333,1756803610,5,0.8,4,100
830,260.463,4.34105,1756803611,5,0.8,4,100
831,260.864,4.347733333,1756803611,5,0.81,4.05,100
832,261.262,4.354366667,1756803612,5,0.81,4.05,100
833,261.663,4.36105,1756803612,5,0.8,4,100
834,262.063,4.367716667,1756803612,5,0.8,4,100
835,262.463,4.374383333,1756803613,5,0.81,4.05,100
836,262.864,4.381066667,1756803613,5,0.81,4.05,100
837,263.264,4.387733333,1756803614,5,0.8,4,100
838,263.664,4.3944,1756803614,5,0.8,4,100
839,264.063,4.40105,1756803614,5,0.8,4,100
840,264.463,4.407716667,1756803615,5,0.81,4.05,100
841,264.862,4.414366667,1756803615,5,0.81,4.05,100
842,265.263,4.42105,1756803616,5,0.8,4,100
843,265.664,4.427733333,1756803616,5,0.81,4.05,100
844,266.064,4.4344,1756803616,5,0.8,4,100
845,266.464,4.441066667,1756803617,5,0.8,4,100
846,266.861,4.447683333,1756803617,5,0.81,4.05,100
847,267.264,4.4544,1756803618,5,0.81,4.05,100
848,267.663,4.46105,1756803618,5,0.81,4.05,100
849,268.063,4.467716667,1756803618,5,0.8,4,100
850,268.463,4.474383333,1756803619,5,0.8,4,100
851,268.864,4.481066667,1756803619,5,0.81,4.05,100
852,269.264,4.487733333,1756803620,5,0.85,4.25,100
853,269.664,4.4944,1756803620,5,0.8,4,100
854,270.06,4.501,1756803620,5,0.8,4,100
855,270.462,4.5077,1756803621,5,0.81,4.05,100
856,270.863,4.514383333,1756803621,5,0.8,4,100
857,271.263,4.52105,1756803622,5,0.8,4,100
858,271.661,4.527683333,1756803622,5,0.81,4.05,100
859,272.061,4.53435,1756803622,5,0.8,4,100
860,272.461,4.541016667,1756803623,5,0.81,4.05,100
861,272.862,4.5477,1756803623,5,0.8,4,100
862,273.263,4.554383333,1756803624,5,0.81,4.05,100
863,273.662,4.561033333,1756803624,5,0.8,4,100
864,274.064,4.567733333,1756803624,5,0.81,4.05,100
865,274.46,4.574333333,1756803625,5,0.8,4,100
866,274.863,4.58105,1756803625,5,0.8,4,100
867,275.262,4.5877,1756803626,5,0.81,4.05,100
868,275.662,4.594366667,1756803626,5,0.81,4.05,100
869,276.064,4.601066667,1756803626,5,0.81,4.05,100
870,276.464,4.607733333,1756803627,5,0.81,4.05,100
871,276.864,4.6144,1756803627,5,0.8,4,100
872,277.264,4.621066667,1756803628,5,0.8,4,100
873,277.664,4.627733333,1756803628,5,0.8,4,100
874,278.064,4.6344,1756803628,5,0.8,4,100
875,278.46,4.641,1756803629,5,0.81,4.05,100
876,278.86,4.647666667,1756803629,5,0.81,4.05,100
877,279.26,4.654333333,1756803630,5,0.81,4.05,100
878,279.662,4.661033333,1756803630,5,0.81,4.05,100
879,280.064,4.667733333,1756803630,5,0.81,4.05,100
880,280.464,4.6744,1756803631,5,0.81,4.05,100
881,280.864,4.681066667,1756803631,5,0.8,4,100
882,281.261,4.687683333,1756803632,5,0.81,4.05,100
883,281.664,4.6944,1756803632,5,0.81,4.05,100
884,282.064,4.701066667,1756803632,5,0.81,4.05,100
885,282.464,4.707733333,1756803633,5,0.81,4.05,100
886,282.863,4.714383333,1756803633,5,0.8,4,100
887,283.263,4.72105,1756803634,5,0.81,4.05,100
888,283.66,4.727666667,1756803634,5,0.81,4.05,100
889,284.063,4.734383333,1756803634,5,0.8,4,100
890,284.461,4.741016667,1756803635,5,0.8,4,100
891,284.865,4.74775,1756803635,5,0.8,4,100
892,285.264,4.7544,1756803636,5,0.8,4,100
893,285.664,4.761066667,1756803636,5,0.8,4.1,100
894,286.064,4.767733333,1756803636,5,0.8,4,100
895,286.464,4.7744,1756803637,5,0.81,4.05,100
896,286.86,4.781,1756803637,5,0.81,4.05,100
897,287.264,4.787733333,1756803638,5,0.8,4,100
898,287.663,4.794383333,1756803638,5,0.81,4.05,100
899,288.064,4.801066667,1756803638,5,0.81,4.05,100
900,288.464,4.807733333,1756803639,5,0.8,4,100
901,288.864,4.8144,1756803639,5,0.81,4.05,100
902,289.263,4.82105,1756803640,5,0.8,4,100
903,289.663,4.827716667,1756803640,5,0.8,4,100
904,290.06,4.834333333,1756803640,5,0.81,4.05,100
905,290.464,4.841066667,1756803641,5,0.81,4.05,100
906,290.864,4.847733333,1756803641,5,0.81,4.05,100
907,291.262,4.854366667,1756803642,5,0.81,4.05,100
908,291.664,4.861066667,1756803642,5,0.81,4.05,100
909,292.061,4.867683333,1756803642,5,0.81,4.05,100
910,292.46,4.874333333,1756803643,5,0.81,4.05,100
911,292.864,4.881066667,1756803643,5,0.81,4.05,100
912,293.264,4.887733333,1756803644,5,0.8,4,100
913,293.664,4.8944,1756803644,5,0.81,4.05,100
914,294.059,4.900983333,1756803644,5,0.81,4.05,100
915,294.464,4.907733333,1756803645,5,0.81,4.05,100
916,294.859,4.914316667,1756803645,5,0.81,4.05,100
917,295.265,4.921083333,1756803646,5,0.81,4.05,100
918,295.664,4.927733333,1756803646,5,0.81,4.05,100
919,296.064,4.9344,1756803646,5,0.81,4.05,100
920,296.464,4.941066667,1756803647,5,0.8,4,100
921,296.863,4.947716667,1756803647,5,0.8,4,100
922,297.264,4.9544,1756803648,5,0.81,4.05,100
923,297.661,4.961016667,1756803648,5,0.81,4.05,100
924,298.064,4.967733333,1756803648,5,0.8,4,100
925,298.464,4.9744,1756803649,5,0.81,4.05,100
926,298.859,4.980983333,1756803649,5,0.81,4,100
927,299.259,4.98765,1756803650,5,0.8,4,100
928,299.663,4.994383333,1756803650,5,0.81,4.05,100
929,300.062,5.001033333,1756803650,5,0.8,4,100
930,300.464,5.007733333,1756803651,5,0.8,4,100
931,300.863,5.014383333,1756803651,5,0.8,4,100
932,301.264,5.021066667,1756803652,5,0.81,4.05,100
933,301.661,5.027683333,1756803652,5,0.81,4.05,100
934,302.064,5.0344,1756803652,5,0.81,4.05,100
935,302.46,5.041,1756803653,5,0.81,4.05,100
936,302.863,5.047716667,1756803653,5,0.81,4.05,100
937,303.261,5.05435,1756803654,5,0.86,4.3,100
938,303.667,5.061116667,1756803654,5,0.81,4.05,100
939,304.067,5.067783333,1756803654,5,0.81,4.05,100
940,304.464,5.0744,1756803655,5,0.7,3.5,100
941,304.864,5.081066667,1756803655,5,0.63,3.15,0
942,305.264,5.087733333,1756803656,5,0.63,3.15,0
943,305.663,5.094383333,1756803656,5,0.63,3.15,0
944,306.064,5.101066667,1756803656,5,0.63,3.15,0
945,306.46,5.107666667,1756803657,5,0.63,3.15,0
946,306.864,5.1144,1756803657,5,0.63,3.15,0
947,307.262,5.121033333,1756803658,5,0.63,3.15,0
948,307.663,5.127716667,1756803658,5,0.63,3.15,0
949,308.063,5.134383333,1756803658,5,0.62,3.1,0
950,308.462,5.141033333,1756803659,5,0.63,3.15,0
951,308.864,5.147733333,1756803659,5,0.63,3.15,0
952,309.259,5.154316667,1756803660,5,0.63,3.15,0
953,309.664,5.161066667,1756803660,5,0.61,3.05,0
954,310.064,5.167733333,1756803660,5,0.49,2.45,0
955,310.464,5.1744,1756803661,5,0.48,2.4,0
956,310.864,5.181066667,1756803661,5,0.48,2.4,0
957,311.26,5.187666667,1756803662,5,0.48,2.4,0
958,311.659,5.194316667,1756803662,5,0.48,2.4,0
959,312.063,5.20105,1756803662,5,0.49,2.4,0
960,312.46,5.207666667,1756803663,5,0.48,2.4,0
961,312.861,5.21435,1756803663,5,0.48,2.4,0
962,313.264,5.221066667,1756803664,5,0.48,2.4,0
963,313.664,5.227733333,1756803664,5,0.48,2.4,0
964,314.06,5.234333333,1756803664,5,0.48,2.4,0
965,314.463,5.24105,1756803665,5,0.58,2.9,0
966,314.864,5.247733333,1756803665,5,0.48,2.4,0
967,315.264,5.2544,1756803666,5,0.48,2.4,0
968,315.661,5.261016667,1756803666,5,0.48,2.4,0
969,316.062,5.2677,1756803666,5,0.48,2.4,0
970,316.463,5.274383333,1756803667,5,0.48,2.4,0
971,316.864,5.281066667,1756803667,5,0.48,2.4,0
972,317.262,5.2877,1756803668,5,0.47,2.35,0
973,317.663,5.294383333,1756803668,5,0.47,2.35,0
974,318.059,5.300983333,1756803668,5,0.48,2.4,0
975,318.464,5.307733333,1756803669,5,0.48,2.4,0
976,318.864,5.3144,1756803669,5,0.48,2.4,0
977,319.264,5.321066667,1756803670,5,0.48,2.4,0
978,319.663,5.327716667,1756803670,5,0.48,2.4,0
979,320.063,5.334383333,1756803670,5,0.48,2.4,0
980,320.464,5.341066667,1756803671,5,0.47,2.35,0
981,320.861,5.347683333,1756803671,5,0.47,2.35,0
982,321.26,5.354333333,1756803672,5,0.48,2.4,0
983,321.66,5.361,1756803672,5,0.47,2.35,0
984,322.062,5.3677,1756803672,5,0.47,2.35,0
985,322.464,5.3744,1756803673,5,0.47,2.35,0
986,322.864,5.381066667,1756803673,5,0.47,2.35,0
987,323.265,5.38775,1756803674,5,0.47,2.35,0
988,323.66,5.394333333,1756803674,5,0.48,2.4,0
989,324.062,5.401033333,1756803674,5,0.47,2.35,0
990,324.462,5.4077,1756803675,5,0.48,2.4,0
991,324.864,5.4144,1756803675,5,0.47,2.35,0
992,325.264,5.421066667,1756803676,5,0.47,2.35,0
993,325.66,5.427666667,1756803676,5,0.55,2.75,0
994,326.063,5.434383333,1756803676,5,0.47,2.35,0
995,326.464,5.441066667,1756803677,5,0.47,2.35,0
996,326.864,5.447733333,1756803677,5,0.47,2.35,0
997,327.261,5.45435,1756803678,5,0.48,2.4,0
998,327.664,5.461066667,1756803678,5,0.48,2.4,0
999,328.065,5.46775,1756803678,5,0.48,2.4,0
1000,328.459,5.474316667,1756803679,5,0.47,2.35,0
1001,328.864,5.481066667,1756803679,5,0.47,2.35,0
1002,329.26,5.487666667,1756803680,5,0.47,2.35,0
1003,329.664,5.4944,1756803680,5,0.47,2.35,0
1004,330.064,5.501066667,1756803680,5,0.47,2.35,0
1005,330.464,5.507733333,1756803681,5,0.51,2.55,0
1006,330.864,5.5144,1756803681,5,0.48,2.4,0
1007,331.264,5.521066667,1756803682,5,0.47,2.35,0
1008,331.664,5.527733333,1756803682,5,0.47,2.35,0
1009,332.064,5.5344,1756803682,5,0.47,2.35,0
1010,332.464,5.541066667,1756803683,5,0.47,2.35,0
1011,332.86,5.547666667,1756803683,5,0.48,2.4,0
1012,333.26,5.554333333,1756803684,5,0.48,2.4,0
1013,333.664,5.561066667,1756803684,5,0.47,2.35,0
1014,334.064,5.567733333,1756803684,5,0.47,2.35,0
1015,334.464,5.5744,1756803685,5,0.47,2.35,0
1016,334.859,5.580983333,1756803685,5,0.47,2.35,0
1017,335.262,5.5877,1756803686,5,0.47,2.35,0
1018,335.664,5.5944,1756803686,5,0.48,2.4,0
1019,336.062,5.601033333,1756803686,5,0.48,2.4,0
1020,336.464,5.607733333,1756803687,5,0.47,2.35,0
1021,336.861,5.61435,1756803687,5,0.47,2.35,0
1022,337.264,5.621066667,1756803688,5,0.53,2.65,0
1023,337.663,5.627716667,1756803688,5,0.48,2.4,0
1024,338.064,5.6344,1756803688,5,0.47,2.35,0
1025,338.464,5.641066667,1756803689,5,0.47,2.35,0
1026,338.864,5.647733333,1756803689,5,0.47,2.35,0
1027,339.264,5.6544,1756803690,5,0.47,2.35,0
1028,339.664,5.661066667,1756803690,5,0.48,2.4,0
1029,340.064,5.667733333,1756803690,5,0.47,2.35,0
1030,340.463,5.674383333,1756803691,5,0.46,2.3,0
1031,340.864,5.681066667,1756803691,5,0.47,2.35,0
1032,341.26,5.687666667,1756803692,5,0.47,2.35,0
1033,341.664,5.6944,1756803692,5,0.47,2.35,0
1034,342.063,5.70105,1756803692,5,0.48,2.4,0
1035,342.463,5.707716667,1756803693,5,0.47,2.35,0
1036,342.863,5.714383333,1756803693,5,0.47,2.35,0
1037,343.264,5.721066667,1756803694,5,0.46,2.3,0
1038,343.664,5.727733333,1756803694,5,0.47,2.35,0
1039,344.061,5.73435,1756803694,5,0.47,2.35,0
1040,344.46,5.741,1756803695,5,0.47,2.35,0
1041,344.861,5.747683333,1756803695,5,0.47,2.35,0
1042,345.264,5.7544,1756803696,5,0.47,2.35,0
1043,345.663,5.76105,1756803696,5,0.47,2.35,0
1044,346.063,5.767716667,1756803696,5,0.47,2.35,0
1045,346.463,5.774383333,1756803697,5,0.47,2.35,0
1046,346.864,5.781066667,1756803697,5,0.46,2.3,0
1047,347.264,5.787733333,1756803698,5,0.47,2.35,0
1048,347.659,5.794316667,1756803698,5,0.47,2.35,0
1049,348.065,5.801083333,1756803698,5,0.47,2.35,0
1050,348.464,5.807733333,1756803699,5,0.49,2.45,0
1051,348.864,5.8144,1756803699,5,0.47,2.35,0
1052,349.265,5.821083333,1756803700,5,0.47,2.35,0
1053,349.662,5.8277,1756803700,5,0.47,2.35,0
1054,350.062,5.834366667,1756803700,5,0.47,2.35,0
1055,350.463,5.84105,1756803701,5,0.47,2.35,0
1056,350.863,5.847716667,1756803701,5,0.47,2.35,0
1057,351.263,5.854383333,1756803702,5,0.47,2.35,0
1058,351.66,5.861,1756803702,5,0.47,2.35,0
1059,352.06,5.867666667,1756803702,5,0.46,2.3,0
1060,352.463,5.874383333,1756803703,5,0.47,2.35,0
1061,352.864,5.881066667,1756803703,5,0.47,2.35,0
1062,353.261,5.887683333,1756803704,5,0.48,2.4,0
1063,353.661,5.89435,1756803704,5,0.47,2.35,0
1064,354.064,5.901066667,1756803704,5,0.47,2.35,0
1065,354.464,5.907733333,1756803705,5,0.47,2.35,0
1066,354.864,5.9144,1756803705,5,0.47,2.35,0
1067,355.263,5.92105,1756803706,5,0.47,2.35,0
1068,355.664,5.927733333,1756803706,5,0.47,2.35,0
1069,356.064,5.9344,1756803706,5,0.47,2.35,0
1070,356.464,5.941066667,1756803707,5,0.47,2.35,0
1071,356.864,5.947733333,1756803707,5,0.47,2.35,0
1072,357.265,5.954416667,1756803708,5,0.47,2.35,0
1073,357.664,5.961066667,1756803708,5,0.47,2.35,0
1074,358.064,5.967733333,1756803708,5,0.47,2.35,0
1075,358.464,5.9744,1756803709,5,0.47,2.35,0
1076,358.862,5.981033333,1756803709,5,0.46,2.3,0
1077,359.263,5.987716667,1756803710,5,0.46,2.3,0
1078,359.664,5.9944,1756803710,5,0.6,3,0
1079,360.063,6.00105,1756803710,5,0.47,2.35,0
1080,360.463,6.007716667,1756803711,5,0.46,2.3,0
1081,360.864,6.0144,1756803711,5,0.47,2.35,0
1082,361.26,6.021,1756803712,5,0.47,2.35,0
1083,361.663,6.027716667,1756803712,5,0.47,2.35,0
1084,362.063,6.034383333,1756803712,5,0.47,2.35,0
1085,362.463,6.04105,1756803713,5,0.47,2.35,0
1086,362.864,6.047733333,1756803713,5,0.47,2.35,0
1087,363.264,6.0544,1756803714,5,0.47,2.35,0
1088,363.663,6.06105,1756803714,5,0.53,2.65,0
1089,364.059,6.06765,1756803714,5,0.46,2.3,0
1090,364.46,6.074333333,1756803715,5,0.51,2.55,0
1091,364.864,6.081066667,1756803715,5,0.47,2.35,null
1092,365.264,6.087733333,1756803716,5,0.47,2.35,null
1093,365.66,6.094333333,1756803716,5,0.47,2.35,null
1094,366.064,6.101066667,1756803716,5,0.47,2.35,null
1095,366.463,6.107716667,1756803717,5,0.47,2.35,null
1096,366.863,6.114383333,1756803717,5,0.55,2.75,null
1097,367.264,6.121066667,1756803718,5,0.54,2.7,null
1098,367.663,6.127716667,1756803718,5,0.46,2.3,null
1099,368.062,6.134366667,1756803718,5,0.47,2.35,null
1100,368.464,6.141066667,1756803719,5,0.47,2.35,null
1101,368.863,6.147716667,1756803719,5,0.47,2.35,null
1102,369.264,6.1544,1756803720,5,0.46,2.3,null
1103,369.66,6.161,1756803720,5,0.47,2.35,null
1104,370.063,6.167716667,1756803720,5,0.46,2.3,null
1105,370.463,6.174383333,1756803721,5,0.46,2.3,null
1106,370.86,6.181,1756803721,5,0.47,2.35,null
1107,371.26,6.187666667,1756803722,5,0.46,2.3,null
1108,371.66,6.194333333,1756803722,5,0.47,2.35,null
1109,372.064,6.201066667,1756803722,5,0.46,2.3,null
1110,372.464,6.207733333,1756803723,5,0.46,2.3,null
1111,372.861,6.21435,1756803723,5,0.46,2.3,null
1112,373.264,6.221066667,1756803724,5,0.47,2.35,null
1113,373.664,6.227733333,1756803724,5,0.47,2.35,null
1114,374.061,6.23435,1756803724,5,0.47,2.35,null
1115,374.464,6.241066667,1756803725,5,0.47,2.35,null
1116,374.864,6.247733333,1756803725,5,0.47,2.35,null
1117,375.262,6.254366667,1756803726,5,0.46,2.3,null
1118,375.663,6.26105,1756803726,5,0.46,2.3,null
1119,376.064,6.267733333,1756803726,5,0.47,2.35,null
1120,376.464,6.2744,1756803727,5,0.46,2.3,null
1121,376.864,6.281066667,1756803727,5,0.46,2.3,null
1122,377.263,6.287716667,1756803728,5,0.47,2.35,null
1123,377.664,6.2944,1756803728,5,0.46,2.3,null
1124,378.064,6.301066667,1756803728,5,0.46,2.3,null
1125,378.463,6.307716667,1756803729,5,0.47,2.35,null
1126,378.864,6.3144,1756803729,5,0.46,2.3,null
1127,379.264,6.321066667,1756803730,5,0.47,2.35,null
1128,379.664,6.327733333,1756803730,5,0.47,2.35,null
1129,380.064,6.3344,1756803730,5,0.54,2.7,null
1130,380.464,6.341066667,1756803731,5,0.46,2.3,null
1131,380.865,6.34775,1756803731,5,0.46,2.3,null
1132,381.263,6.354383333,1756803732,5,0.46,2.3,null
1133,381.664,6.361066667,1756803732,5,0.46,2.3,null