Timestamp,Voltage (V),Current (A),Power (W),Energy So Far (Joules)
2025-08-29T11:15:15,0.874358,1.285920,1.124355,0.1124
2025-08-29T11:15:15,0.803711,0.669750,0.538285,0.1663
2025-08-29T11:15:15,0.749181,0.544730,0.408101,0.2071
2025-08-29T11:15:15,0.748644,0.544730,0.407809,0.2479
2025-08-29T11:15:16,0.748375,0.544730,0.407663,0.2886
2025-08-29T11:15:16,0.748644,0.544730,0.407809,0.3294
2025-08-29T11:15:16,0.748913,0.544730,0.407955,0.3702
2025-08-29T11:15:16,0.748375,0.553660,0.414346,0.4116
2025-08-29T11:15:16,0.748375,0.544730,0.407663,0.4524
2025-08-29T11:15:17,0.748644,0.544730,0.407809,0.4932
2025-08-29T11:15:17,0.748913,0.544730,0.407955,0.5340
2025-08-29T11:15:17,0.749987,0.544730,0.408540,0.5748
2025-08-29T11:15:17,0.749181,0.544730,0.408101,0.6156
2025-08-29T11:15:18,0.749181,0.544730,0.408101,0.6564
2025-08-29T11:15:18,0.748375,0.544730,0.407663,0.6972
2025-08-29T11:15:18,0.748913,0.544730,0.407955,0.7380
2025-08-29T11:15:18,0.748913,0.544730,0.407955,0.7788
2025-08-29T11:15:18,0.748913,0.544730,0.407955,0.8196
2025-08-29T11:15:19,0.748375,0.535800,0.400980,0.8597
2025-08-29T11:15:19,0.749450,0.535800,0.401555,0.8999
2025-08-29T11:15:19,0.748644,0.535800,0.401123,0.9400
2025-08-29T11:15:19,0.748644,0.544730,0.407809,0.9807
2025-08-29T11:15:19,0.747569,0.544730,0.407223,1.0215
2025-08-29T11:15:20,0.749450,0.535800,0.401555,1.0616
2025-08-29T11:15:20,0.748644,0.544730,0.407809,1.1024
2025-08-29T11:15:20,0.794578,0.634030,0.503786,1.1528
2025-08-29T11:15:20,0.749987,0.544730,0.408540,1.1936
2025-08-29T11:15:20,0.749450,0.544730,0.408248,1.2345
2025-08-29T11:15:21,0.749450,0.544730,0.408248,1.2753
2025-08-29T11:15:21,0.748375,0.544730,0.407663,1.3161
2025-08-29T11:15:21,0.748644,0.544730,0.407809,1.3568
2025-08-29T11:15:21,0.749450,0.544730,0.408248,1.3977
2025-08-29T11:15:22,0.749718,0.535800,0.401699,1.4378
2025-08-29T11:15:22,0.749987,0.544730,0.408540,1.4787
2025-08-29T11:15:22,0.749181,0.544730,0.408101,1.5195
2025-08-29T11:15:22,0.749450,0.544730,0.408248,1.5603
2025-08-29T11:15:22,0.749181,0.544730,0.408101,1.6011
2025-08-29T11:15:23,0.749450,0.535800,0.401555,1.6413
2025-08-29T11:15:23,0.749450,0.544730,0.408248,1.6821
2025-08-29T11:15:23,0.748107,0.544730,0.407516,1.7229
2025-08-29T11:15:23,0.748913,0.553660,0.414643,1.7643
2025-08-29T11:15:23,0.748913,0.553660,0.414643,1.8058
2025-08-29T11:15:24,0.749718,0.544730,0.408394,1.8466
2025-08-29T11:15:24,0.749450,0.544730,0.408248,1.8875
2025-08-29T11:15:24,0.748644,0.544730,0.407809,1.9282
2025-08-29T11:15:24,0.749450,0.544730,0.408248,1.9691
2025-08-29T11:15:24,0.749718,0.544730,0.408394,2.0099
2025-08-29T11:15:25,0.748375,0.544730,0.407663,2.0507
2025-08-29T11:15:25,0.748375,0.544730,0.407663,2.0914
2025-08-29T11:15:25,0.749450,0.553660,0.414940,2.1329
2025-08-29T11:15:25,0.748644,0.544730,0.407809,2.1737
2025-08-29T11:15:26,0.748644,0.544730,0.407809,2.2145
2025-08-29T11:15:26,0.748644,0.535800,0.401123,2.2546
2025-08-29T11:15:26,0.749181,0.544730,0.408101,2.2954
2025-08-29T11:15:26,0.749718,0.544730,0.408394,2.3363
2025-08-29T11:15:26,0.748644,0.544730,0.407809,2.3770
2025-08-29T11:15:27,0.749987,0.535800,0.401843,2.4172
2025-08-29T11:15:27,0.748644,0.535800,0.401123,2.4573
2025-08-29T11:15:27,0.749450,0.535800,0.401555,2.4975
2025-08-29T11:15:27,0.748913,0.544730,0.407955,2.5383
2025-08-29T11:15:27,0.748913,0.544730,0.407955,2.5791
2025-08-29T11:15:28,0.749450,0.544730,0.408248,2.6199
2025-08-29T11:15:28,0.748375,0.535800,0.400980,2.6600
2025-08-29T11:15:28,0.748913,0.544730,0.407955,2.7008
2025-08-29T11:15:28,0.748107,0.535800,0.400836,2.7409
2025-08-29T11:15:29,0.748375,0.544730,0.407663,2.7816
2025-08-29T11:15:29,0.748375,0.535800,0.400980,2.8217
2025-08-29T11:15:29,0.748913,0.544730,0.407955,2.8625
2025-08-29T11:15:29,0.748644,0.544730,0.407809,2.9033
2025-08-29T11:15:29,0.749987,0.544730,0.408540,2.9442
2025-08-29T11:15:30,0.749181,0.544730,0.408101,2.9850
2025-08-29T11:15:30,0.748644,0.544730,0.407809,3.0258
2025-08-29T11:15:30,0.748644,0.544730,0.407809,3.0665
2025-08-29T11:15:30,0.748644,0.544730,0.407809,3.1073
2025-08-29T11:15:31,0.749450,0.535800,0.401555,3.1475
2025-08-29T11:15:31,0.749450,0.544730,0.408248,3.1883
2025-08-29T11:15:31,0.749450,0.535800,0.401555,3.2285
2025-08-29T11:15:31,0.748913,0.544730,0.407955,3.2693
2025-08-29T11:15:31,0.748644,0.544730,0.407809,3.3100
2025-08-29T11:15:32,0.749987,0.553660,0.415238,3.3516
2025-08-29T11:15:32,0.749181,0.535800,0.401411,3.3917
2025-08-29T11:15:32,0.748913,0.535800,0.401267,3.4318
2025-08-29T11:15:32,0.748913,0.544730,0.407955,3.4726
2025-08-29T11:15:32,0.749718,0.544730,0.408394,3.5135
2025-08-29T11:15:33,0.749718,0.544730,0.408394,3.5543
2025-08-29T11:15:33,0.748644,0.544730,0.407809,3.5951
2025-08-29T11:15:33,0.748644,0.535800,0.401123,3.6352
2025-08-29T11:15:33,0.748644,0.535800,0.401123,3.6753
2025-08-29T11:15:33,0.749987,0.544730,0.408540,3.7162
2025-08-29T11:15:34,0.749450,0.553660,0.414940,3.7577
2025-08-29T11:15:34,0.749181,0.544730,0.408101,3.7985
2025-08-29T11:15:34,0.749181,0.535800,0.401411,3.8386
2025-08-29T11:15:34,0.748644,0.535800,0.401123,3.8787
2025-08-29T11:15:35,0.749181,0.535800,0.401411,3.9189
2025-08-29T11:15:35,0.748913,0.535800,0.401267,3.9590
2025-08-29T11:15:35,0.749987,0.535800,0.401843,3.9992
2025-08-29T11:15:35,0.748107,0.535800,0.400836,4.0393
2025-08-29T11:15:35,0.748913,0.544730,0.407955,4.0801
2025-08-29T11:15:36,0.749450,0.535800,0.401555,4.1202
2025-08-29T11:15:36,0.749181,0.544730,0.408101,4.1610
2025-08-29T11:15:36,0.748644,0.544730,0.407809,4.2018
2025-08-29T11:15:36,0.751062,0.535800,0.402419,4.2420
2025-08-29T11:15:37,0.803711,0.678680,0.545463,4.2966
2025-08-29T11:15:37,0.749181,0.535800,0.401411,4.3367
2025-08-29T11:15:37,0.748913,0.535800,0.401267,4.3769
2025-08-29T11:15:37,0.749987,0.544730,0.408540,4.4177
2025-08-29T11:15:37,0.748644,0.535800,0.401123,4.4578
2025-08-29T11:15:37,0.749987,0.544730,0.408540,4.4987
2025-08-29T11:15:38,0.749450,0.544730,0.408248,4.5395
2025-08-29T11:15:38,0.749181,0.535800,0.401411,4.5796
2025-08-29T11:15:38,0.748913,0.535800,0.401267,4.6198
2025-08-29T11:15:38,0.749987,0.535800,0.401843,4.6600
2025-08-29T11:15:39,0.749987,0.544730,0.408540,4.7008
2025-08-29T11:15:39,0.748375,0.535800,0.400980,4.7409
2025-08-29T11:15:39,0.748913,0.535800,0.401267,4.7810
2025-08-29T11:15:39,0.748644,0.535800,0.401123,4.8211
2025-08-29T11:15:39,0.749987,0.544730,0.408540,4.8620
2025-08-29T11:15:40,0.749450,0.535800,0.401555,4.9022
2025-08-29T11:15:40,0.749718,0.544730,0.408394,4.9430
2025-08-29T11:15:40,0.749450,0.535800,0.401555,4.9831
2025-08-29T11:15:40,0.748913,0.535800,0.401267,5.0233
2025-08-29T11:15:40,0.749450,0.535800,0.401555,5.0634
2025-08-29T11:15:41,0.748913,0.544730,0.407955,5.1042
2025-08-29T11:15:41,0.748375,0.535800,0.400980,5.1443
2025-08-29T11:15:41,0.749181,0.535800,0.401411,5.1845
2025-08-29T11:15:41,0.749450,0.544730,0.408248,5.2253
2025-08-29T11:15:41,0.748644,0.535800,0.401123,5.2654
2025-08-29T11:15:42,0.748913,0.535800,0.401267,5.3055
2025-08-29T11:15:42,0.749450,0.535800,0.401555,5.3457
2025-08-29T11:15:42,0.748913,0.535800,0.401267,5.3858
2025-08-29T11:15:42,0.748913,0.535800,0.401267,5.4259
2025-08-29T11:15:43,0.749987,0.535800,0.401843,5.4661
2025-08-29T11:15:43,0.748375,0.535800,0.400980,5.5062
2025-08-29T11:15:43,0.748913,0.544730,0.407955,5.5470
2025-08-29T11:15:43,0.748644,0.535800,0.401123,5.5871
2025-08-29T11:15:43,0.749987,0.544730,0.408540,5.6280
2025-08-29T11:15:44,0.749181,0.535800,0.401411,5.6681
2025-08-29T11:15:44,0.749987,0.553660,0.415238,5.7096
2025-08-29T11:15:44,0.749718,0.535800,0.401699,5.7498
2025-08-29T11:15:44,0.749987,0.535800,0.401843,5.7900
2025-08-29T11:15:45,0.749450,0.544730,0.408248,5.8308
2025-08-29T11:15:45,0.749718,0.535800,0.401699,5.8710
2025-08-29T11:15:45,0.749450,0.544730,0.408248,5.9118
2025-08-29T11:15:45,0.749450,0.544730,0.408248,5.9526
2025-08-29T11:15:45,0.749987,0.535800,0.401843,5.9928
2025-08-29T11:15:46,0.749718,0.535800,0.401699,6.0330
2025-08-29T11:15:46,0.749450,0.535800,0.401555,6.0732
2025-08-29T11:15:46,0.749718,0.544730,0.408394,6.1140
2025-08-29T11:15:46,0.874089,0.741190,0.647866,6.1788
2025-08-29T11:15:46,0.748644,0.544730,0.407809,6.2196
2025-08-29T11:15:46,0.748644,0.544730,0.407809,6.2603
2025-08-29T11:15:47,0.748644,0.544730,0.407809,6.3011
2025-08-29T11:15:47,0.749987,0.535800,0.401843,6.3413
2025-08-29T11:15:47,0.749718,0.535800,0.401699,6.3815
2025-08-29T11:15:47,0.749181,0.535800,0.401411,6.4216
2025-08-29T11:15:47,0.749718,0.535800,0.401699,6.4618
2025-08-29T11:15:48,0.748375,0.544730,0.407663,6.5026
2025-08-29T11:15:48,0.748644,0.544730,0.407809,6.5433
2025-08-29T11:15:48,0.748913,0.544730,0.407955,6.5841
2025-08-29T11:15:48,0.749718,0.544730,0.408394,6.6250
2025-08-29T11:15:49,0.749181,0.535800,0.401411,6.6651
2025-08-29T11:15:49,0.748644,0.535800,0.401123,6.7052
2025-08-29T11:15:49,0.749987,0.535800,0.401843,6.7454
2025-08-29T11:15:49,0.752136,0.535800,0.402994,6.7857
2025-08-29T11:15:50,0.748913,0.544730,0.407955,6.8265
2025-08-29T11:15:50,0.749450,0.544730,0.408248,6.8673
2025-08-29T11:15:50,0.752136,0.535800,0.402994,6.9076
2025-08-29T11:15:50,0.748913,0.544730,0.407955,6.9484
2025-08-29T11:15:50,0.749718,0.544730,0.408394,6.9893
2025-08-29T11:15:51,0.749450,0.535800,0.401555,7.0294
2025-08-29T11:15:51,0.749450,0.535800,0.401555,7.0696
2025-08-29T11:15:51,0.749450,0.544730,0.408248,7.1104
2025-08-29T11:15:51,0.748644,0.535800,0.401123,7.1505
2025-08-29T11:15:51,0.749718,0.535800,0.401699,7.1907
2025-08-29T11:15:52,0.749987,0.544730,0.408540,7.2315
2025-08-29T11:15:52,0.749181,0.535800,0.401411,7.2717
2025-08-29T11:15:52,0.749718,0.535800,0.401699,7.3118
2025-08-29T11:15:52,0.748913,0.553660,0.414643,7.3533
2025-08-29T11:15:52,0.748644,0.535800,0.401123,7.3934
2025-08-29T11:15:53,0.749181,0.535800,0.401411,7.4336
2025-08-29T11:15:53,0.779535,0.616170,0.480326,7.4816
2025-08-29T11:15:53,0.749450,0.544730,0.408248,7.5224
2025-08-29T11:15:53,0.748913,0.535800,0.401267,7.5625
2025-08-29T11:15:53,0.749450,0.535800,0.401555,7.6027
2025-08-29T11:15:54,0.748913,0.544730,0.407955,7.6435
2025-08-29T11:15:54,0.749181,0.535800,0.401411,7.6836
2025-08-29T11:15:54,0.748913,0.535800,0.401267,7.7238
2025-08-29T11:15:54,0.749450,0.544730,0.408248,7.7646
2025-08-29T11:15:54,0.749450,0.526870,0.394863,7.8041
2025-08-29T11:15:55,0.748913,0.544730,0.407955,7.8449
2025-08-29T11:15:55,0.749718,0.535800,0.401699,7.8850
2025-08-29T11:15:55,0.749718,0.535800,0.401699,7.9252
2025-08-29T11:15:55,0.749181,0.535800,0.401411,7.9654
2025-08-29T11:15:56,0.749181,0.535800,0.401411,8.0055
2025-08-29T11:15:56,0.748644,0.535800,0.401123,8.0456
2025-08-29T11:15:56,0.873284,0.714400,0.623874,8.1080
2025-08-29T11:15:56,0.749181,0.544730,0.408101,8.1488
2025-08-29T11:15:56,0.749718,0.535800,0.401699,8.1890
2025-08-29T11:15:56,0.748913,0.535800,0.401267,8.2291
2025-08-29T11:15:56,0.749987,0.535800,0.401843,8.2693
2025-08-29T11:15:57,0.873552,0.723330,0.631867,8.3325
2025-08-29T11:15:57,0.749718,0.544730,0.408394,8.3733
2025-08-29T11:15:57,0.749987,0.544730,0.408540,8.4142
2025-08-29T11:15:57,0.749987,0.535800,0.401843,8.4543
2025-08-29T11:15:57,0.749450,0.562590,0.421633,8.4965
2025-08-29T11:15:57,0.873552,0.723330,0.631867,8.5597
2025-08-29T11:15:57,0.749450,0.535800,0.401555,8.5999
2025-08-29T11:15:58,0.749987,0.526870,0.395146,8.6394
2025-08-29T11:15:58,0.748913,0.535800,0.401267,8.6795
2025-08-29T11:15:58,0.749718,0.535800,0.401699,8.7197
2025-08-29T11:15:58,0.748913,0.544730,0.407955,8.7605
2025-08-29T11:15:58,0.749181,0.544730,0.408101,8.8013
2025-08-29T11:15:59,0.749987,0.535800,0.401843,8.8415
2025-08-29T11:15:59,0.749987,0.535800,0.401843,8.8816
2025-08-29T11:15:59,0.750793,0.544730,0.408979,8.9225
2025-08-29T11:15:59,0.749450,0.535800,0.401555,8.9627
2025-08-29T11:16:00,0.751062,0.544730,0.409126,9.0036
2025-08-29T11:16:00,0.749450,0.544730,0.408248,9.0444
2025-08-29T11:16:00,0.749450,0.526870,0.394863,9.0839
2025-08-29T11:16:00,0.748913,0.535800,0.401267,9.1240
2025-08-29T11:16:00,0.749718,0.535800,0.401699,9.1642
2025-08-29T11:16:00,0.874089,0.571520,0.499560,9.2142
2025-08-29T11:16:01,0.748375,0.839420,0.628201,9.2770
2025-08-29T11:16:01,0.748913,0.544730,0.407955,9.3178
2025-08-29T11:16:01,0.749450,0.544730,0.408248,9.3586
2025-08-29T11:16:01,0.748644,0.535800,0.401123,9.3987
2025-08-29T11:16:02,0.749450,0.535800,0.401555,9.4389
2025-08-29T11:16:02,0.749987,0.526870,0.395146,9.4784
2025-08-29T11:16:02,0.748913,0.535800,0.401267,9.5185
2025-08-29T11:16:02,0.749987,0.535800,0.401843,9.5587
2025-08-29T11:16:02,0.749181,0.535800,0.401411,9.5988
2025-08-29T11:16:03,0.749987,0.544730,0.408540,9.6397
2025-08-29T11:16:03,0.748644,0.544730,0.407809,9.6805
2025-08-29T11:16:03,0.749181,0.535800,0.401411,9.7206
2025-08-29T11:16:03,0.748644,0.535800,0.401123,9.7607
2025-08-29T11:16:03,0.749718,0.535800,0.401699,9.8009
2025-08-29T11:16:04,0.748913,0.526870,0.394580,9.8404
2025-08-29T11:16:04,0.749987,0.544730,0.408540,9.8812
2025-08-29T11:16:04,0.748644,0.535800,0.401123,9.9213
2025-08-29T11:16:04,0.748375,0.535800,0.400980,9.9614
2025-08-29T11:16:04,0.749987,0.544730,0.408540,10.0023
2025-08-29T11:16:05,0.749181,0.535800,0.401411,10.0424
2025-08-29T11:16:05,0.749987,0.535800,0.401843,10.0826
2025-08-29T11:16:05,0.749181,0.535800,0.401411,10.1227
2025-08-29T11:16:05,0.749718,0.544730,0.408394,10.1636
2025-08-29T11:16:06,0.749718,0.544730,0.408394,10.2044
2025-08-29T11:16:06,0.749987,0.535800,0.401843,10.2446
2025-08-29T11:16:06,0.749450,0.544730,0.408248,10.2854
2025-08-29T11:16:06,0.749450,0.535800,0.401555,10.3256
2025-08-29T11:16:06,0.749181,0.535800,0.401411,10.3657
2025-08-29T11:16:07,0.749987,0.535800,0.401843,10.4059
2025-08-29T11:16:07,0.748913,0.544730,0.407955,10.4467
2025-08-29T11:16:07,0.749987,0.544730,0.408540,10.4876
2025-08-29T11:16:07,0.748644,0.544730,0.407809,10.5283
2025-08-29T11:16:07,0.748913,0.535800,0.401267,10.5685
2025-08-29T11:16:08,0.748913,0.544730,0.407955,10.6093
2025-08-29T11:16:08,0.748913,0.535800,0.401267,10.6494
2025-08-29T11:16:08,0.749181,0.535800,0.401411,10.6895
2025-08-29T11:16:08,0.749450,0.535800,0.401555,10.7297
2025-08-29T11:16:09,0.749450,0.544730,0.408248,10.7705
2025-08-29T11:16:09,0.749450,0.535800,0.401555,10.8107
2025-08-29T11:16:09,0.749181,0.535800,0.401411,10.8508
2025-08-29T11:16:09,0.749987,0.535800,0.401843,10.8910
2025-08-29T11:16:09,0.794578,0.634030,0.503786,10.9414
2025-08-29T11:16:10,0.748913,0.535800,0.401267,10.9815
2025-08-29T11:16:10,0.749718,0.544730,0.408394,11.0223
2025-08-29T11:16:10,0.749718,0.544730,0.408394,11.0632
2025-08-29T11:16:10,0.749450,0.526870,0.394863,11.1027
2025-08-29T11:16:10,0.749987,0.544730,0.408540,11.1435
2025-08-29T11:16:11,0.748644,0.535800,0.401123,11.1836
2025-08-29T11:16:11,0.749718,0.535800,0.401699,11.2238
2025-08-29T11:16:11,0.749987,0.535800,0.401843,11.2640
2025-08-29T11:16:11,0.748913,0.535800,0.401267,11.3041
2025-08-29T11:16:11,0.749718,0.544730,0.408394,11.3450
2025-08-29T11:16:12,0.749181,0.535800,0.401411,11.3851
2025-08-29T11:16:12,0.749718,0.535800,0.401699,11.4253
2025-08-29T11:16:12,0.749718,0.535800,0.401699,11.4654
2025-08-29T11:16:12,0.749181,0.535800,0.401411,11.5056
2025-08-29T11:16:13,0.749987,0.526870,0.395146,11.5451
2025-08-29T11:16:13,0.749718,0.535800,0.401699,11.5853
2025-08-29T11:16:13,0.749181,0.544730,0.408101,11.6261
2025-08-29T11:16:13,0.749450,0.535800,0.401555,11.6662
2025-08-29T11:16:13,0.748913,0.544730,0.407955,11.7070
2025-08-29T11:16:14,0.749450,0.535800,0.401555,11.7472
2025-08-29T11:16:14,0.748644,0.535800,0.401123,11.7873
2025-08-29T11:16:14,0.748644,0.553660,0.414494,11.8287
2025-08-29T11:16:14,0.749450,0.535800,0.401555,11.8689
2025-08-29T11:16:14,0.749450,0.526870,0.394863,11.9084
2025-08-29T11:16:15,0.749450,0.544730,0.408248,11.9492
2025-08-29T11:16:15,0.749450,0.535800,0.401555,11.9894
2025-08-29T11:16:15,0.748913,0.544730,0.407955,12.0302
2025-08-29T11:16:15,0.749718,0.526870,0.395004,12.0697
2025-08-29T11:16:16,0.749450,0.544730,0.408248,12.1105
2025-08-29T11:16:16,0.748644,0.544730,0.407809,12.1513
2025-08-29T11:16:16,0.749718,0.544730,0.408394,12.1921
2025-08-29T11:16:16,0.873821,0.759050,0.663274,12.2584
2025-08-29T11:16:16,0.749718,0.544730,0.408394,12.2993
2025-08-29T11:16:16,0.749718,0.544730,0.408394,12.3401
2025-08-29T11:16:17,0.749987,0.535800,0.401843,12.3803
2025-08-29T11:16:17,0.749987,0.544730,0.408540,12.4211
2025-08-29T11:16:17,0.748913,0.544730,0.407955,12.4619
2025-08-29T11:16:17,0.749718,0.535800,0.401699,12.5021
2025-08-29T11:16:17,0.749718,0.535800,0.401699,12.5423
2025-08-29T11:16:18,0.749450,0.535800,0.401555,12.5824
2025-08-29T11:16:18,0.749450,0.544730,0.408248,12.6233
2025-08-29T11:16:18,0.749987,0.535800,0.401843,12.6634
2025-08-29T11:16:18,0.749450,0.544730,0.408248,12.7043
2025-08-29T11:16:19,0.749718,0.544730,0.408394,12.7451
2025-08-29T11:16:19,0.749987,0.544730,0.408540,12.7860
2025-08-29T11:16:19,0.749181,0.544730,0.408101,12.8268
2025-08-29T11:16:19,0.748913,0.535800,0.401267,12.8669
2025-08-29T11:16:19,0.749181,0.535800,0.401411,12.9070
2025-08-29T11:16:20,0.749987,0.535800,0.401843,12.9472
2025-08-29T11:16:20,0.749718,0.535800,0.401699,12.9874
2025-08-29T11:16:20,0.748644,0.535800,0.401123,13.0275
2025-08-29T11:16:20,0.749450,0.535800,0.401555,13.0677
2025-08-29T11:16:20,0.749987,0.535800,0.401843,13.1078
2025-08-29T11:16:21,0.749987,0.544730,0.408540,13.1487
2025-08-29T11:16:21,0.749181,0.544730,0.408101,13.1895
2025-08-29T11:16:21,0.749718,0.544730,0.408394,13.2304
2025-08-29T11:16:21,0.749181,0.544730,0.408101,13.2712
2025-08-29T11:16:22,0.749987,0.535800,0.401843,13.3113
2025-08-29T11:16:22,0.748913,0.544730,0.407955,13.3521
2025-08-29T11:16:22,0.748644,0.535800,0.401123,13.3923
2025-08-29T11:16:22,0.749450,0.535800,0.401555,13.4324
2025-08-29T11:16:22,0.749718,0.535800,0.401699,13.4726
2025-08-29T11:16:23,0.749181,0.544730,0.408101,13.5134
2025-08-29T11:16:23,0.749718,0.535800,0.401699,13.5536
2025-08-29T11:16:23,0.749181,0.535800,0.401411,13.5937
2025-08-29T11:16:23,0.749450,0.544730,0.408248,13.6345
2025-08-29T11:16:23,0.749718,0.544730,0.408394,13.6754
2025-08-29T11:16:24,0.749181,0.535800,0.401411,13.7155
2025-08-29T11:16:24,0.748644,0.535800,0.401123,13.7556
2025-08-29T11:16:24,0.749987,0.535800,0.401843,13.7958
2025-08-29T11:16:24,0.748644,0.544730,0.407809,13.8366
2025-08-29T11:16:25,0.749718,0.535800,0.401699,13.8768
2025-08-29T11:16:25,0.749450,0.535800,0.401555,13.9169
2025-08-29T11:16:25,0.749450,0.535800,0.401555,13.9571
2025-08-29T11:16:25,0.748644,0.535800,0.401123,13.9972
2025-08-29T11:16:25,0.749450,0.544730,0.408248,14.0380
2025-08-29T11:16:26,0.748644,0.535800,0.401123,14.0781
2025-08-29T11:16:26,0.803980,0.669750,0.538465,14.1320
2025-08-29T11:16:26,0.748913,0.535800,0.401267,14.1721
2025-08-29T11:16:26,0.749718,0.544730,0.408394,14.2129
2025-08-29T11:16:26,0.749450,0.535800,0.401555,14.2531
2025-08-29T11:16:27,0.749450,0.535800,0.401555,14.2932
2025-08-29T11:16:27,0.748644,0.535800,0.401123,14.3334
2025-08-29T11:16:27,0.873284,0.732260,0.639471,14.3973
2025-08-29T11:16:27,0.749450,0.776910,0.582255,14.4555
2025-08-29T11:16:27,0.749987,0.776910,0.582672,14.5138
2025-08-29T11:16:27,0.749718,0.535800,0.401699,14.5540
2025-08-29T11:16:28,0.748107,0.544730,0.407516,14.5947
2025-08-29T11:16:28,0.748644,0.535800,0.401123,14.6348
2025-08-29T11:16:28,0.749450,0.535800,0.401555,14.6750
2025-08-29T11:16:28,0.748644,0.535800,0.401123,14.7151
2025-08-29T11:16:29,0.749718,0.544730,0.408394,14.7559
2025-08-29T11:16:29,0.750256,0.535800,0.401987,14.7961
2025-08-29T11:16:29,0.749450,0.535800,0.401555,14.8363
2025-08-29T11:16:29,0.748644,0.535800,0.401123,14.8764
2025-08-29T11:16:29,0.748644,0.535800,0.401123,14.9165
2025-08-29T11:16:30,0.749718,0.526870,0.395004,14.9560
2025-08-29T11:16:30,0.748913,0.544730,0.407955,14.9968
2025-08-29T11:16:30,0.749450,0.535800,0.401555,15.0370
2025-08-29T11:16:30,0.749718,0.544730,0.408394,15.0778
2025-08-29T11:16:30,0.749718,0.535800,0.401699,15.1180
2025-08-29T11:16:31,0.749450,0.535800,0.401555,15.1581
2025-08-29T11:16:31,0.748644,0.544730,0.407809,15.1989
2025-08-29T11:16:31,0.752136,0.535800,0.402994,15.2392
2025-08-29T11:16:31,0.749987,0.544730,0.408540,15.2801
2025-08-29T11:16:31,0.749181,0.535800,0.401411,15.3202
2025-08-29T11:16:32,0.749718,0.535800,0.401699,15.3604
2025-08-29T11:16:32,0.749718,0.535800,0.401699,15.4005
2025-08-29T11:16:32,0.749181,0.535800,0.401411,15.4407
2025-08-29T11:16:32,0.749181,0.535800,0.401411,15.4808
2025-08-29T11:16:33,0.749987,0.544730,0.408540,15.5217
2025-08-29T11:16:33,0.748913,0.544730,0.407955,15.5625
2025-08-29T11:16:33,0.748644,0.535800,0.401123,15.6026
2025-08-29T11:16:33,0.748644,0.535800,0.401123,15.6427
2025-08-29T11:16:33,0.748375,0.535800,0.400980,15.6828
2025-08-29T11:16:34,0.748644,0.544730,0.407809,15.7236
2025-08-29T11:16:34,0.749181,0.535800,0.401411,15.7637
2025-08-29T11:16:34,0.749987,0.535800,0.401843,15.8039
2025-08-29T11:16:34,0.749450,0.535800,0.401555,15.8441
2025-08-29T11:16:35,0.748913,0.535800,0.401267,15.8842
2025-08-29T11:16:35,0.749450,0.535800,0.401555,15.9243
2025-08-29T11:16:35,0.749450,0.535800,0.401555,15.9645
2025-08-29T11:16:35,0.749450,0.535800,0.401555,16.0047
2025-08-29T11:16:35,0.748913,0.634030,0.474833,16.0521
2025-08-29T11:16:36,0.748913,0.535800,0.401267,16.0923
2025-08-29T11:16:36,0.748913,0.544730,0.407955,16.1331
2025-08-29T11:16:36,0.749718,0.544730,0.408394,16.1739
2025-08-29T11:16:36,0.749987,0.535800,0.401843,16.2141
2025-08-29T11:16:36,0.749987,0.535800,0.401843,16.2543
2025-08-29T11:16:37,0.748913,0.535800,0.401267,16.2944
2025-08-29T11:16:37,0.748913,0.535800,0.401267,16.3345
2025-08-29T11:16:37,0.749450,0.544730,0.408248,16.3753
2025-08-29T11:16:37,0.749718,0.544730,0.408394,16.4162
2025-08-29T11:16:37,0.749450,0.535800,0.401555,16.4563
2025-08-29T11:16:38,0.749987,0.535800,0.401843,16.4965
2025-08-29T11:16:38,0.749450,0.535800,0.401555,16.5367
2025-08-29T11:16:38,0.749987,0.535800,0.401843,16.5769
2025-08-29T11:16:38,0.749987,0.526870,0.395146,16.6164
2025-08-29T11:16:39,0.749450,0.535800,0.401555,16.6565
2025-08-29T11:16:39,0.749987,0.535800,0.401843,16.6967
2025-08-29T11:16:39,0.748913,0.544730,0.407955,16.7375
2025-08-29T11:16:39,0.748644,0.535800,0.401123,16.7776
2025-08-29T11:16:39,0.749987,0.535800,0.401843,16.8178
2025-08-29T11:16:40,0.749450,0.526870,0.394863,16.8573
2025-08-29T11:16:40,0.748375,0.544730,0.407663,16.8981
2025-08-29T11:16:40,0.749718,0.535800,0.401699,16.9382
2025-08-29T11:16:40,0.749450,0.535800,0.401555,16.9784
2025-08-29T11:16:40,0.749181,0.535800,0.401411,17.0185
2025-08-29T11:16:41,0.749450,0.535800,0.401555,17.0587
2025-08-29T11:16:41,0.749718,0.544730,0.408394,17.0995
2025-08-29T11:16:41,0.749718,0.535800,0.401699,17.1397
2025-08-29T11:16:41,0.748644,0.535800,0.401123,17.1798
2025-08-29T11:16:42,0.749450,0.535800,0.401555,17.2200
2025-08-29T11:16:42,0.748644,0.535800,0.401123,17.2601
2025-08-29T11:16:42,0.748644,0.535800,0.401123,17.3002
2025-08-29T11:16:42,0.804248,0.651890,0.524281,17.3526
2025-08-29T11:16:42,0.749181,0.544730,0.408101,17.3934
2025-08-29T11:16:43,0.749987,0.544730,0.408540,17.4343
2025-08-29T11:16:43,0.749450,0.526870,0.394863,17.4738
2025-08-29T11:16:43,0.748913,0.544730,0.407955,17.5146
2025-08-29T11:16:43,0.749181,0.544730,0.408101,17.5554
2025-08-29T11:16:43,0.749718,0.544730,0.408394,17.5962
2025-08-29T11:16:44,0.748913,0.526870,0.394580,17.6357
2025-08-29T11:16:44,0.749181,0.535800,0.401411,17.6758
2025-08-29T11:16:44,0.749718,0.535800,0.401699,17.7160
2025-08-29T11:16:44,0.749181,0.535800,0.401411,17.7561
2025-08-29T11:16:44,0.748913,0.535800,0.401267,17.7962
2025-08-29T11:16:45,0.748644,0.544730,0.407809,17.8370
2025-08-29T11:16:45,0.749450,0.535800,0.401555,17.8772
2025-08-29T11:16:45,0.749450,0.553660,0.414940,17.9187
2025-08-29T11:16:45,0.748644,0.535800,0.401123,17.9588
2025-08-29T11:16:46,0.749450,0.535800,0.401555,17.9989
2025-08-29T11:16:46,0.748913,0.535800,0.401267,18.0391
2025-08-29T11:16:46,0.749181,0.535800,0.401411,18.0792
2025-08-29T11:16:46,0.749718,0.535800,0.401699,18.1194
2025-08-29T11:16:46,0.749450,0.535800,0.401555,18.1595
2025-08-29T11:16:46,0.748644,0.535800,0.401123,18.1996
2025-08-29T11:16:47,0.873284,0.750120,0.655067,18.2652
2025-08-29T11:16:47,0.748644,0.544730,0.407809,18.3059
2025-08-29T11:16:47,0.749718,0.535800,0.401699,18.3461
2025-08-29T11:16:47,0.752136,0.535800,0.402994,18.3864
2025-08-29T11:16:47,0.749450,0.535800,0.401555,18.4266
2025-08-29T11:16:48,0.749987,0.526870,0.395146,18.4661
2025-08-29T11:16:48,0.749987,0.535800,0.401843,18.5063
2025-08-29T11:16:48,0.748375,0.544730,0.407663,18.5470
2025-08-29T11:16:48,0.749181,0.544730,0.408101,18.5878
2025-08-29T11:16:48,0.749181,0.544730,0.408101,18.6286
2025-08-29T11:16:49,0.749987,0.544730,0.408540,18.6695
2025-08-29T11:16:49,0.749987,0.544730,0.408540,18.7104
2025-08-29T11:16:49,0.749450,0.535800,0.401555,18.7505
2025-08-29T11:16:49,0.749987,0.535800,0.401843,18.7907
2025-08-29T11:16:49,0.749450,0.535800,0.401555,18.8309
2025-08-29T11:16:50,0.749718,0.544730,0.408394,18.8717
2025-08-29T11:16:50,0.749181,0.526870,0.394721,18.9112
2025-08-29T11:16:50,0.748913,0.544730,0.407955,18.9520
2025-08-29T11:16:50,0.749450,0.535800,0.401555,18.9921
2025-08-29T11:16:50,0.749718,0.535800,0.401699,19.0323
2025-08-29T11:16:51,0.748913,0.535800,0.401267,19.0724
2025-08-29T11:16:51,0.748913,0.544730,0.407955,19.1132
2025-08-29T11:16:51,0.749181,0.535800,0.401411,19.1533
2025-08-29T11:16:51,0.749718,0.544730,0.408394,19.1942
2025-08-29T11:16:51,0.748644,0.535800,0.401123,19.2343
2025-08-29T11:16:52,0.749987,0.544730,0.408540,19.2752
2025-08-29T11:16:52,0.748913,0.544730,0.407955,19.3159
2025-08-29T11:16:52,0.749987,0.544730,0.408540,19.3568
2025-08-29T11:16:52,0.749181,0.535800,0.401411,19.3969
2025-08-29T11:16:52,0.749987,0.544730,0.408540,19.4378
2025-08-29T11:16:53,0.749718,0.535800,0.401699,19.4780
2025-08-29T11:16:53,0.749450,0.535800,0.401555,19.5181
2025-08-29T11:16:53,0.749450,0.535800,0.401555,19.5583
2025-08-29T11:16:53,0.749718,0.535800,0.401699,19.5984
2025-08-29T11:16:54,0.749450,0.535800,0.401555,19.6386
2025-08-29T11:16:54,0.748913,0.535800,0.401267,19.6787
2025-08-29T11:16:54,0.748107,0.544730,0.407516,19.7195
2025-08-29T11:16:54,0.749987,0.535800,0.401843,19.7597
2025-08-29T11:16:54,0.748644,0.535800,0.401123,19.7998
2025-08-29T11:16:55,0.748913,0.535800,0.401267,19.8399
2025-08-29T11:16:55,0.749181,0.526870,0.394721,19.8794
2025-08-29T11:16:55,0.749181,0.535800,0.401411,19.9195
2025-08-29T11:16:55,0.748644,0.544730,0.407809,19.9603
2025-08-29T11:16:55,0.749450,0.535800,0.401555,20.0005
2025-08-29T11:16:56,0.749450,0.535800,0.401555,20.0406
2025-08-29T11:16:56,0.748913,0.535800,0.401267,20.0807
2025-08-29T11:16:56,0.749718,2.205710,1.653661,20.2461
2025-08-29T11:16:56,0.749987,0.544730,0.408540,20.2870
2025-08-29T11:16:56,0.749181,0.535800,0.401411,20.3271
2025-08-29T11:16:57,0.749987,0.544730,0.408540,20.3680
2025-08-29T11:16:57,0.748913,0.535800,0.401267,20.4081
2025-08-29T11:16:57,0.749181,0.535800,0.401411,20.4482
2025-08-29T11:16:57,0.749450,0.544730,0.408248,20.4890
2025-08-29T11:16:58,0.748644,0.535800,0.401123,20.5292
2025-08-29T11:16:58,0.748644,0.544730,0.407809,20.5699
2025-08-29T11:16:58,0.749450,0.553660,0.414940,20.6114
2025-08-29T11:16:58,0.749987,0.526870,0.395146,20.6509
2025-08-29T11:16:58,0.749987,0.535800,0.401843,20.6911
2025-08-29T11:16:59,0.804786,0.678680,0.546192,20.7458
2025-08-29T11:16:59,0.748644,0.535800,0.401123,20.7859
2025-08-29T11:16:59,0.749181,0.535800,0.401411,20.8260
2025-08-29T11:16:59,0.748913,0.535800,0.401267,20.8661
2025-08-29T11:16:59,0.749450,0.535800,0.401555,20.9063
2025-08-29T11:17:00,0.749987,0.535800,0.401843,20.9465
2025-08-29T11:17:00,0.749181,0.544730,0.408101,20.9873
2025-08-29T11:17:00,0.749987,0.535800,0.401843,21.0275
2025-08-29T11:17:00,0.749987,0.535800,0.401843,21.0676
2025-08-29T11:17:00,0.748644,0.535800,0.401123,21.1078
2025-08-29T11:17:01,0.874089,0.714400,0.624449,21.1702
2025-08-29T11:17:01,0.748913,0.535800,0.401267,21.2103
2025-08-29T11:17:01,0.748644,0.544730,0.407809,21.2511
2025-08-29T11:17:01,0.748644,0.535800,0.401123,21.2912
2025-08-29T11:17:01,0.749450,0.553660,0.414940,21.3327
2025-08-29T11:17:01,0.748644,0.535800,0.401123,21.3728
2025-08-29T11:17:02,0.749987,0.535800,0.401843,21.4130
2025-08-29T11:17:02,0.749987,0.553660,0.415238,21.4545
2025-08-29T11:17:02,0.749181,0.535800,0.401411,21.4947
2025-08-29T11:17:02,0.749718,0.544730,0.408394,21.5355
2025-08-29T11:17:02,0.748913,0.544730,0.407955,21.5763
2025-08-29T11:17:03,0.749987,0.544730,0.408540,21.6172
2025-08-29T11:17:03,0.749987,0.535800,0.401843,21.6574
2025-08-29T11:17:03,0.749181,0.535800,0.401411,21.6975
2025-08-29T11:17:03,0.749450,0.535800,0.401555,21.7377
2025-08-29T11:17:04,0.749718,0.535800,0.401699,21.7778
2025-08-29T11:17:04,0.749450,0.535800,0.401555,21.8180
2025-08-29T11:17:04,0.748644,0.535800,0.401123,21.8581
2025-08-29T11:17:04,0.749987,0.535800,0.401843,21.8983
2025-08-29T11:17:04,0.749718,0.535800,0.401699,21.9384
2025-08-29T11:17:05,0.748375,0.535800,0.400980,21.9785
2025-08-29T11:17:05,0.750524,0.535800,0.402131,22.0188
2025-08-29T11:17:05,0.748644,0.535800,0.401123,22.0589
2025-08-29T11:17:05,0.748644,0.535800,0.401123,22.0990
2025-08-29T11:17:05,0.748644,0.535800,0.401123,22.1391
2025-08-29T11:17:06,0.749450,0.535800,0.401555,22.1792
2025-08-29T11:17:06,0.749450,0.535800,0.401555,22.2194
2025-08-29T11:17:06,0.748913,0.535800,0.401267,22.2595
2025-08-29T11:17:06,0.749181,0.544730,0.408101,22.3003
2025-08-29T11:17:07,0.748913,0.535800,0.401267,22.3405
2025-08-29T11:17:07,0.749181,0.535800,0.401411,22.3806
2025-08-29T11:17:07,0.749987,0.535800,0.401843,22.4208
2025-08-29T11:17:07,0.749450,0.535800,0.401555,22.4609
2025-08-29T11:17:07,0.749181,0.544730,0.408101,22.5018
2025-08-29T11:17:08,0.749181,0.535800,0.401411,22.5419
2025-08-29T11:17:08,0.748913,0.544730,0.407955,22.5827
2025-08-29T11:17:08,0.749718,0.535800,0.401699,22.6229
2025-08-29T11:17:08,0.749987,0.544730,0.408540,22.6637
2025-08-29T11:17:08,0.749987,0.535800,0.401843,22.7039
2025-08-29T11:17:09,0.748644,0.535800,0.401123,22.7440
2025-08-29T11:17:09,0.749718,0.535800,0.401699,22.7842
2025-08-29T11:17:09,0.748644,0.544730,0.407809,22.8250
2025-08-29T11:17:09,0.748644,0.544730,0.407809,22.8657
2025-08-29T11:17:10,0.749450,0.535800,0.401555,22.9059
2025-08-29T11:17:10,0.749450,0.535800,0.401555,22.9461
2025-08-29T11:17:10,0.748644,0.535800,0.401123,22.9862
2025-08-29T11:17:10,0.749450,0.544730,0.408248,23.0270
2025-08-29T11:17:11,0.749181,0.535800,0.401411,23.0671
2025-08-29T11:17:11,0.748644,0.535800,0.401123,23.1072
2025-08-29T11:17:11,0.749181,0.544730,0.408101,23.1481
2025-08-29T11:17:11,0.749450,0.535800,0.401555,23.1882
2025-08-29T11:17:11,0.749450,0.535800,0.401555,23.2284
2025-08-29T11:17:12,0.749450,0.535800,0.401555,23.2685
2025-08-29T11:17:12,0.749181,0.544730,0.408101,23.3093
2025-08-29T11:17:12,0.748913,0.535800,0.401267,23.3495
2025-08-29T11:17:12,0.749987,0.535800,0.401843,23.3896
2025-08-29T11:17:12,0.749181,0.526870,0.394721,23.4291
2025-08-29T11:17:13,0.749181,0.544730,0.408101,23.4699
2025-08-29T11:17:13,0.749450,0.544730,0.408248,23.5108
2025-08-29T11:17:13,0.749987,0.535800,0.401843,23.5509
2025-08-29T11:17:13,0.749181,0.535800,0.401411,23.5911
2025-08-29T11:17:13,0.749450,0.544730,0.408248,23.6319
2025-08-29T11:17:14,0.749181,0.544730,0.408101,23.6727
2025-08-29T11:17:14,0.749181,0.535800,0.401411,23.7129
2025-08-29T11:17:14,0.749450,0.535800,0.401555,23.7530
2025-08-29T11:17:14,0.748913,0.544730,0.407955,23.7938
2025-08-29T11:17:14,0.749450,0.544730,0.408248,23.8346
2025-08-29T11:17:15,0.749718,0.535800,0.401699,23.8748
2025-08-29T11:17:15,0.749450,0.544730,0.408248,23.9156
2025-08-29T11:17:15,0.779267,0.607240,0.473202,23.9629
2025-08-29T11:17:15,0.764224,0.571520,0.436769,24.0066
2025-08-29T11:17:15,0.749450,0.535800,0.401555,24.0468
2025-08-29T11:17:16,0.749718,0.535800,0.401699,24.0869
2025-08-29T11:17:16,0.748644,0.535800,0.401123,24.1271
2025-08-29T11:17:16,0.748644,0.535800,0.401123,24.1672
2025-08-29T11:17:16,0.749450,0.544730,0.408248,24.2080
2025-08-29T11:17:16,0.749450,0.535800,0.401555,24.2482
2025-08-29T11:17:17,0.748913,0.535800,0.401267,24.2883
2025-08-29T11:17:17,0.874089,0.741190,0.647866,24.3531
2025-08-29T11:17:17,0.749718,0.544730,0.408394,24.3939
2025-08-29T11:17:17,0.749718,0.535800,0.401699,24.4341
2025-08-29T11:17:17,0.749450,0.544730,0.408248,24.4749
2025-08-29T11:17:17,0.748644,0.535800,0.401123,24.5150
2025-08-29T11:17:18,0.749450,0.544730,0.408248,24.5558
2025-08-29T11:17:18,0.749181,0.526870,0.394721,24.5953
2025-08-29T11:17:18,0.749450,0.535800,0.401555,24.6355
2025-08-29T11:17:18,0.749450,0.535800,0.401555,24.6756
2025-08-29T11:17:19,0.749450,0.544730,0.408248,24.7164
2025-08-29T11:17:19,0.749450,0.535800,0.401555,24.7566
2025-08-29T11:17:19,0.749181,0.544730,0.408101,24.7974
2025-08-29T11:17:19,0.749450,0.535800,0.401555,24.8376
2025-08-29T11:17:19,0.748644,0.535800,0.401123,24.8777
2025-08-29T11:17:20,0.749987,0.535800,0.401843,24.9179
2025-08-29T11:17:20,0.748644,0.544730,0.407809,24.9586
2025-08-29T11:17:20,0.748644,0.544730,0.407809,24.9994
2025-08-29T11:17:20,0.749450,0.535800,0.401555,25.0396
2025-08-29T11:17:20,0.749181,0.544730,0.408101,25.0804
2025-08-29T11:17:21,0.749181,0.535800,0.401411,25.1205
2025-08-29T11:17:21,0.749987,0.544730,0.408540,25.1614
2025-08-29T11:17:21,0.749987,0.535800,0.401843,25.2016
2025-08-29T11:17:21,0.749450,0.535800,0.401555,25.2417
2025-08-29T11:17:22,0.748644,0.535800,0.401123,25.2818
2025-08-29T11:17:22,0.749181,0.526870,0.394721,25.3213
2025-08-29T11:17:22,0.749181,0.535800,0.401411,25.3615
2025-08-29T11:17:22,0.749987,0.535800,0.401843,25.4016
2025-08-29T11:17:22,0.749181,0.535800,0.401411,25.4418
2025-08-29T11:17:23,0.749450,0.535800,0.401555,25.4819
2025-08-29T11:17:23,0.749181,0.544730,0.408101,25.5227
2025-08-29T11:17:23,0.749181,0.535800,0.401411,25.5629
2025-08-29T11:17:23,0.749718,0.535800,0.401699,25.6031
2025-08-29T11:17:23,0.749450,0.544730,0.408248,25.6439
2025-08-29T11:17:24,0.749181,0.535800,0.401411,25.6840
2025-08-29T11:17:24,0.749181,0.544730,0.408101,25.7248
2025-08-29T11:17:24,0.748913,0.535800,0.401267,25.7650
2025-08-29T11:17:24,0.749450,0.535800,0.401555,25.8051
2025-08-29T11:17:25,0.749718,0.544730,0.408394,25.8460
2025-08-29T11:17:25,0.749181,0.544730,0.408101,25.8868
2025-08-29T11:17:25,0.749987,0.535800,0.401843,25.9269
2025-08-29T11:17:25,0.748644,0.535800,0.401123,25.9671
2025-08-29T11:17:25,0.748913,0.544730,0.407955,26.0079
2025-08-29T11:17:26,0.749987,0.526870,0.395146,26.0474
2025-08-29T11:17:26,0.749718,0.535800,0.401699,26.0875
2025-08-29T11:17:26,0.749450,0.535800,0.401555,26.1277
2025-08-29T11:17:26,0.749450,0.535800,0.401555,26.1678
2025-08-29T11:17:26,0.748644,0.535800,0.401123,26.2080
2025-08-29T11:17:27,0.749987,0.544730,0.408540,26.2488
2025-08-29T11:17:27,0.748644,0.535800,0.401123,26.2889
2025-08-29T11:17:27,0.748644,0.544730,0.407809,26.3297
2025-08-29T11:17:27,0.748913,0.535800,0.401267,26.3698
2025-08-29T11:17:27,0.749181,0.526870,0.394721,26.4093
2025-08-29T11:17:28,0.749987,0.535800,0.401843,26.4495
2025-08-29T11:17:28,0.748644,0.544730,0.407809,26.4903
2025-08-29T11:17:28,0.748644,0.544730,0.407809,26.5311
2025-08-29T11:17:28,0.748644,0.526870,0.394438,26.5705
2025-08-29T11:17:29,0.749181,0.535800,0.401411,26.6106
2025-08-29T11:17:29,0.749987,0.535800,0.401843,26.6508
2025-08-29T11:17:29,0.749450,0.544730,0.408248,26.6916
2025-08-29T11:17:29,0.748644,0.535800,0.401123,26.7318
2025-08-29T11:17:29,0.748644,0.526870,0.394438,26.7712
2025-08-29T11:17:30,0.749718,0.535800,0.401699,26.8114
2025-08-29T11:17:30,0.749181,0.535800,0.401411,26.8515
2025-08-29T11:17:30,0.749181,0.544730,0.408101,26.8923
2025-08-29T11:17:30,0.748644,0.535800,0.401123,26.9324
2025-08-29T11:17:31,0.748644,0.535800,0.401123,26.9725
2025-08-29T11:17:31,0.748913,0.544730,0.407955,27.0133
2025-08-29T11:17:31,0.748644,0.535800,0.401123,27.0535
2025-08-29T11:17:31,0.749181,0.544730,0.408101,27.0943
2025-08-29T11:17:31,0.780072,0.607240,0.473691,27.1416
2025-08-29T11:17:32,0.749450,0.535800,0.401555,27.1818
2025-08-29T11:17:32,0.748644,0.544730,0.407809,27.2226
2025-08-29T11:17:32,0.749987,0.526870,0.395146,27.2621
2025-08-29T11:17:32,0.749181,0.544730,0.408101,27.3029
2025-08-29T11:17:32,0.748913,0.544730,0.407955,27.3437
2025-08-29T11:17:33,0.749987,0.535800,0.401843,27.3839
2025-08-29T11:17:33,0.749987,0.535800,0.401843,27.4241
2025-08-29T11:17:33,0.749450,0.544730,0.408248,27.4649
2025-08-29T11:17:33,0.749450,0.544730,0.408248,27.5057
2025-08-29T11:17:34,0.748913,0.544730,0.407955,27.5465
2025-08-29T11:17:34,0.749718,0.544730,0.408394,27.5873
2025-08-29T11:17:34,0.749450,0.544730,0.408248,27.6282
2025-08-29T11:17:34,0.749718,0.544730,0.408394,27.6690
2025-08-29T11:17:34,0.749181,0.535800,0.401411,27.7092
2025-08-29T11:17:35,0.749987,0.535800,0.401843,27.7493
2025-08-29T11:17:35,0.749450,0.544730,0.408248,27.7902
2025-08-29T11:17:35,0.749718,0.544730,0.408394,27.8310
2025-08-29T11:17:35,0.749718,0.535800,0.401699,27.8712
2025-08-29T11:17:35,0.749450,0.535800,0.401555,27.9113
2025-08-29T11:17:36,0.748644,0.544730,0.407809,27.9521
2025-08-29T11:17:36,0.748644,0.544730,0.407809,27.9929
2025-08-29T11:17:36,0.749718,0.544730,0.408394,28.0337
2025-08-29T11:17:36,0.749987,0.544730,0.408540,28.0746
2025-08-29T11:17:37,0.749450,0.544730,0.408248,28.1154
2025-08-29T11:17:37,0.748913,0.526870,0.394580,28.1549
2025-08-29T11:17:37,0.748913,0.544730,0.407955,28.1957
2025-08-29T11:17:37,0.749718,0.544730,0.408394,28.2365
2025-08-29T11:17:37,0.749987,0.535800,0.401843,28.2767
2025-08-29T11:17:38,0.748644,0.535800,0.401123,28.3168
2025-08-29T11:17:38,0.748913,0.544730,0.407955,28.3576
2025-08-29T11:17:38,0.749987,0.535800,0.401843,28.3978
2025-08-29T11:17:38,0.748913,0.544730,0.407955,28.4386
2025-08-29T11:17:38,0.749450,0.535800,0.401555,28.4787
2025-08-29T11:17:39,0.749987,0.544730,0.408540,28.5196
2025-08-29T11:17:39,0.748913,0.535800,0.401267,28.5597
2025-08-29T11:17:39,0.748644,0.544730,0.407809,28.6005
2025-08-29T11:17:39,0.749181,0.535800,0.401411,28.6406
2025-08-29T11:17:40,0.749450,0.535800,0.401555,28.6808
2025-08-29T11:17:40,0.749718,0.535800,0.401699,28.7210
2025-08-29T11:17:40,0.749181,0.535800,0.401411,28.7611
2025-08-29T11:17:40,0.749181,0.544730,0.408101,28.8019
2025-08-29T11:17:40,0.749718,0.535800,0.401699,28.8421
2025-08-29T11:17:41,0.748913,0.535800,0.401267,28.8822
2025-08-29T11:17:41,0.749987,0.544730,0.408540,28.9231
2025-08-29T11:17:41,0.748644,0.535800,0.401123,28.9632
2025-08-29T11:17:41,0.748644,0.535800,0.401123,29.0033
2025-08-29T11:17:41,0.748913,0.535800,0.401267,29.0434
2025-08-29T11:17:42,0.749181,0.535800,0.401411,29.0835
2025-08-29T11:17:42,0.748913,0.535800,0.401267,29.1237
2025-08-29T11:17:42,0.749987,0.535800,0.401843,29.1639
2025-08-29T11:17:42,0.748644,0.544730,0.407809,29.2046
2025-08-29T11:17:42,0.748913,0.544730,0.407955,29.2454
2025-08-29T11:17:43,0.749181,0.544730,0.408101,29.2862
2025-08-29T11:17:43,0.749450,0.544730,0.408248,29.3271
2025-08-29T11:17:43,0.749450,0.544730,0.408248,29.3679
2025-08-29T11:17:43,0.749718,0.535800,0.401699,29.4081
2025-08-29T11:17:44,0.749450,0.535800,0.401555,29.4482
2025-08-29T11:17:44,0.749450,0.535800,0.401555,29.4884
2025-08-29T11:17:44,0.749450,0.535800,0.401555,29.5285
2025-08-29T11:17:44,0.748913,0.535800,0.401267,29.5687
2025-08-29T11:17:44,0.748644,0.535800,0.401123,29.6088
2025-08-29T11:17:45,0.749181,0.535800,0.401411,29.6489
2025-08-29T11:17:45,0.751062,0.535800,0.402419,29.6892
2025-08-29T11:17:45,0.749450,0.535800,0.401555,29.7293
2025-08-29T11:17:45,0.749718,0.535800,0.401699,29.7695
2025-08-29T11:17:46,0.749718,0.535800,0.401699,29.8097
2025-08-29T11:17:46,0.749987,0.544730,0.408540,29.8505
2025-08-29T11:17:46,0.749718,0.535800,0.401699,29.8907
2025-08-29T11:17:46,0.748644,0.544730,0.407809,29.9315
2025-08-29T11:17:46,0.749450,0.535800,0.401555,29.9716
2025-08-29T11:17:47,0.749987,0.535800,0.401843,30.0118
2025-08-29T11:17:47,0.748644,0.544730,0.407809,30.0526
2025-08-29T11:17:47,0.748375,0.535800,0.400980,30.0927
2025-08-29T11:17:47,0.749718,0.535800,0.401699,30.1328
2025-08-29T11:17:47,0.749450,0.535800,0.401555,30.1730
2025-08-29T11:17:48,0.748913,0.544730,0.407955,30.2138
2025-08-29T11:17:48,0.873821,0.830490,0.725699,30.2864
2025-08-29T11:17:48,0.874089,0.830490,0.725922,30.3590
2025-08-29T11:17:48,0.873821,0.830490,0.725699,30.4315
2025-08-29T11:17:48,0.873821,0.830490,0.725699,30.5041
2025-08-29T11:17:48,0.873284,0.848350,0.740850,30.5782
2025-08-29T11:17:49,0.874358,0.839420,0.733954,30.6516
2025-08-29T11:17:49,0.874627,0.839420,0.734179,30.7250
2025-08-29T11:17:49,0.873821,0.839420,0.733503,30.7983
2025-08-29T11:17:49,0.874089,0.839420,0.733728,30.8717
2025-08-29T11:17:50,0.873821,0.839420,0.733503,30.9451
2025-08-29T11:17:50,0.874089,0.848350,0.741534,31.0192
2025-08-29T11:17:50,0.873821,0.848350,0.741306,31.0934
2025-08-29T11:17:50,0.873552,0.839420,0.733277,31.1667
2025-08-29T11:17:50,0.874089,0.839420,0.733728,31.2401
2025-08-29T11:17:51,0.874627,0.839420,0.734179,31.3135
2025-08-29T11:17:51,0.873284,0.839420,0.733052,31.3868
2025-08-29T11:17:51,0.874089,0.830490,0.725922,31.4594
2025-08-29T11:17:51,0.873821,0.830490,0.725699,31.5319
2025-08-29T11:17:52,0.873552,0.857280,0.748879,31.6068
2025-08-29T11:17:52,0.874089,0.839420,0.733728,31.6802
2025-08-29T11:17:52,0.873552,0.839420,0.733277,31.7535
2025-08-29T11:17:52,0.874627,0.839420,0.734179,31.8269
2025-08-29T11:17:52,0.873284,0.821560,0.717455,31.8987
2025-08-29T11:17:53,0.874358,0.839420,0.733954,31.9721
2025-08-29T11:17:53,0.874089,0.830490,0.725922,32.0447
2025-08-29T11:17:53,0.749181,0.544730,0.408101,32.0855
2025-08-29T11:17:53,0.749987,0.544730,0.408540,32.1263
2025-08-29T11:17:53,0.749987,0.544730,0.408540,32.1672
2025-08-29T11:17:54,0.749987,0.544730,0.408540,32.2080
2025-08-29T11:17:54,0.749718,0.544730,0.408394,32.2489
2025-08-29T11:17:54,0.749181,0.544730,0.408101,32.2897
2025-08-29T11:17:54,0.749450,0.544730,0.408248,32.3305
2025-08-29T11:17:54,0.749718,0.535800,0.401699,32.3707
2025-08-29T11:17:55,0.749181,0.544730,0.408101,32.4115
2025-08-29T11:17:55,0.749450,0.544730,0.408248,32.4523
2025-08-29T11:17:55,0.748913,0.535800,0.401267,32.4925
2025-08-29T11:17:55,0.748913,0.544730,0.407955,32.5333
2025-08-29T11:17:55,0.749987,0.535800,0.401843,32.5734
2025-08-29T11:17:56,0.748644,0.544730,0.407809,32.6142
2025-08-29T11:17:56,0.748375,0.544730,0.407663,32.6550
2025-08-29T11:17:56,0.748913,0.544730,0.407955,32.6958
2025-08-29T11:17:56,0.749718,0.535800,0.401699,32.7359
2025-08-29T11:17:56,0.748644,0.544730,0.407809,32.7767
2025-08-29T11:17:57,0.748644,0.553660,0.414494,32.8182
2025-08-29T11:17:57,0.749718,0.544730,0.408394,32.8590
2025-08-29T11:17:57,0.749987,0.544730,0.408540,32.8999
2025-08-29T11:17:57,0.749718,0.535800,0.401699,32.9400
2025-08-29T11:17:58,0.748375,0.544730,0.407663,32.9808
2025-08-29T11:17:58,0.748644,0.535800,0.401123,33.0209
2025-08-29T11:17:58,0.749450,0.544730,0.408248,33.0617
2025-08-29T11:17:58,0.749718,0.535800,0.401699,33.1019
2025-08-29T11:17:59,0.749987,0.535800,0.401843,33.1421
2025-08-29T11:17:59,0.749987,0.544730,0.408540,33.1830
2025-08-29T11:17:59,0.750524,0.544730,0.408833,33.2238
2025-08-29T11:17:59,0.749718,0.544730,0.408394,33.2647
2025-08-29T11:17:59,0.750793,0.544730,0.408979,33.3056
2025-08-29T11:18:00,0.749718,0.535800,0.401699,33.3457
2025-08-29T11:18:00,0.749450,0.544730,0.408248,33.3866
2025-08-29T11:18:00,0.748644,0.544730,0.407809,33.4273
2025-08-29T11:18:00,0.749718,0.544730,0.408394,33.4682
2025-08-29T11:18:00,0.748644,0.544730,0.407809,33.5090
2025-08-29T11:18:01,0.873284,0.723330,0.631672,33.5721
2025-08-29T11:18:01,0.749181,0.535800,0.401411,33.6123
2025-08-29T11:18:01,0.748375,0.544730,0.407663,33.6530
2025-08-29T11:18:01,0.748913,0.544730,0.407955,33.6938
2025-08-29T11:18:01,0.749181,0.544730,0.408101,33.7347
2025-08-29T11:18:02,0.748644,0.544730,0.407809,33.7754
2025-08-29T11:18:02,0.748375,0.544730,0.407663,33.8162
2025-08-29T11:18:02,0.749718,0.535800,0.401699,33.8564
2025-08-29T11:18:02,0.749450,0.544730,0.408248,33.8972
2025-08-29T11:18:02,0.748913,0.544730,0.407955,33.9380
2025-08-29T11:18:03,0.749450,0.544730,0.408248,33.9788
2025-08-29T11:18:03,0.749987,0.535800,0.401843,34.0190
2025-08-29T11:18:03,0.748644,0.544730,0.407809,34.0598
2025-08-29T11:18:03,0.749718,0.535800,0.401699,34.0999
2025-08-29T11:18:03,0.749450,0.544730,0.408248,34.1408
2025-08-29T11:18:04,0.749181,0.544730,0.408101,34.1816
2025-08-29T11:18:04,0.749450,0.535800,0.401555,34.2217
2025-08-29T11:18:04,0.749181,0.544730,0.408101,34.2625
2025-08-29T11:18:04,0.764224,0.580450,0.443594,34.3069
2025-08-29T11:18:05,0.748644,0.553660,0.414494,34.3484
2025-08-29T11:18:05,0.749987,0.535800,0.401843,34.3885
2025-08-29T11:18:05,0.748913,0.535800,0.401267,34.4287
2025-08-29T11:18:05,0.749181,0.535800,0.401411,34.4688
2025-08-29T11:18:05,0.749181,0.544730,0.408101,34.5096
2025-08-29T11:18:06,0.749450,0.535800,0.401555,34.5498
2025-08-29T11:18:06,0.749987,0.535800,0.401843,34.5900
2025-08-29T11:18:06,0.749450,0.544730,0.408248,34.6308
2025-08-29T11:18:06,0.749987,0.544730,0.408540,34.6716
2025-08-29T11:18:06,0.749181,0.544730,0.408101,34.7124
2025-08-29T11:18:07,0.748913,0.544730,0.407955,34.7532
2025-08-29T11:18:07,0.749450,0.544730,0.408248,34.7941
2025-08-29T11:18:07,0.748913,0.535800,0.401267,34.8342
2025-08-29T11:18:07,0.749718,0.535800,0.401699,34.8744
2025-08-29T11:18:07,0.748913,0.544730,0.407955,34.9152
2025-08-29T11:18:08,0.749450,0.544730,0.408248,34.9560
2025-08-29T11:18:08,0.749987,0.544730,0.408540,34.9968
2025-08-29T11:18:08,0.749987,0.544730,0.408540,35.0377
2025-08-29T11:18:08,0.749450,0.544730,0.408248,35.0785
2025-08-29T11:18:09,0.749450,0.544730,0.408248,35.1193
2025-08-29T11:18:09,0.748913,0.535800,0.401267,35.1595
2025-08-29T11:18:09,0.749450,0.544730,0.408248,35.2003
2025-08-29T11:18:09,0.749718,0.562590,0.421784,35.2425
2025-08-29T11:18:09,0.748913,0.544730,0.407955,35.2833
2025-08-29T11:18:10,0.749987,0.535800,0.401843,35.3235
2025-08-29T11:18:10,0.749450,0.535800,0.401555,35.3636
2025-08-29T11:18:10,0.749718,0.535800,0.401699,35.4038
2025-08-29T11:18:10,0.749450,0.544730,0.408248,35.4446
2025-08-29T11:18:10,0.748913,0.544730,0.407955,35.4854
2025-08-29T11:18:11,0.749181,0.544730,0.408101,35.5262
2025-08-29T11:18:11,0.748913,0.535800,0.401267,35.5663
2025-08-29T11:18:11,0.749718,0.535800,0.401699,35.6065
2025-08-29T11:18:11,0.749181,0.544730,0.408101,35.6473
2025-08-29T11:18:12,0.749450,0.544730,0.408248,35.6881
2025-08-29T11:18:12,0.748913,0.526870,0.394580,35.7276
2025-08-29T11:18:12,0.748913,0.544730,0.407955,35.7684
2025-08-29T11:18:12,0.749450,0.535800,0.401555,35.8085
2025-08-29T11:18:12,0.749718,0.535800,0.401699,35.8487
2025-08-29T11:18:13,0.748644,0.535800,0.401123,35.8888
2025-08-29T11:18:13,0.748644,0.544730,0.407809,35.9296
2025-08-29T11:18:13,0.748913,0.553660,0.414643,35.9711
2025-08-29T11:18:13,0.749181,0.535800,0.401411,36.0112
2025-08-29T11:18:13,0.749987,0.544730,0.408540,36.0521
2025-08-29T11:18:14,0.748644,0.526870,0.394438,36.0915
2025-08-29T11:18:14,0.749450,0.535800,0.401555,36.1317
2025-08-29T11:18:14,0.749181,0.544730,0.408101,36.1725
2025-08-29T11:18:14,0.749450,0.544730,0.408248,36.2133
2025-08-29T11:18:15,0.749987,0.535800,0.401843,36.2535
2025-08-29T11:18:15,0.749450,0.535800,0.401555,36.2936
2025-08-29T11:18:15,0.749987,0.544730,0.408540,36.3345
2025-08-29T11:18:15,0.749450,0.544730,0.408248,36.3753
2025-08-29T11:18:15,0.748913,0.544730,0.407955,36.4161
2025-08-29T11:18:16,0.749987,0.535800,0.401843,36.4563
2025-08-29T11:18:16,0.748644,0.544730,0.407809,36.4971
2025-08-29T11:18:16,0.749450,0.535800,0.401555,36.5372
2025-08-29T11:18:16,0.749181,0.544730,0.408101,36.5781
2025-08-29T11:18:16,0.749718,0.535800,0.401699,36.6182
2025-08-29T11:18:17,0.749450,0.544730,0.408248,36.6590
2025-08-29T11:18:17,0.748644,0.544730,0.407809,36.6998
2025-08-29T11:18:17,0.749718,0.544730,0.408394,36.7407
2025-08-29T11:18:17,0.748913,0.535800,0.401267,36.7808
2025-08-29T11:18:17,0.749450,0.544730,0.408248,36.8216
2025-08-29T11:18:18,0.749987,0.535800,0.401843,36.8618
2025-08-29T11:18:18,0.749450,0.535800,0.401555,36.9020
2025-08-29T11:18:18,0.749181,0.535800,0.401411,36.9421
2025-08-29T11:18:18,0.748644,0.544730,0.407809,36.9829
2025-08-29T11:18:19,0.873284,0.759050,0.662866,37.0492
2025-08-29T11:18:19,0.749181,0.544730,0.408101,37.0900
2025-08-29T11:18:19,0.748644,0.544730,0.407809,37.1308
2025-08-29T11:18:19,0.749181,0.544730,0.408101,37.1716
2025-08-29T11:18:19,0.749987,0.544730,0.408540,37.2124
2025-08-29T11:18:19,0.750256,0.544730,0.408687,37.2533
2025-08-29T11:18:20,0.749450,0.544730,0.408248,37.2941
2025-08-29T11:18:20,0.749718,0.535800,0.401699,37.3343
2025-08-29T11:18:20,0.749718,0.535800,0.401699,37.3745
2025-08-29T11:18:20,0.749718,0.535800,0.401699,37.4146
2025-08-29T11:18:21,0.749450,0.553660,0.414940,37.4561
2025-08-29T11:18:21,0.779535,0.616170,0.480326,37.5042
2025-08-29T11:18:21,0.749181,0.544730,0.408101,37.5450
2025-08-29T11:18:21,0.749718,0.535800,0.401699,37.5851
2025-08-29T11:18:21,0.748913,0.535800,0.401267,37.6253
2025-08-29T11:18:21,0.749450,0.544730,0.408248,37.6661
2025-08-29T11:18:22,0.749718,0.535800,0.401699,37.7063
2025-08-29T11:18:22,0.749450,0.544730,0.408248,37.7471
2025-08-29T11:18:22,0.748913,0.535800,0.401267,37.7872
2025-08-29T11:18:22,0.749450,0.544730,0.408248,37.8280
2025-08-29T11:18:23,0.750256,0.544730,0.408687,37.8689
2025-08-29T11:18:23,0.749181,0.544730,0.408101,37.9097
2025-08-29T11:18:23,0.749181,0.544730,0.408101,37.9505
2025-08-29T11:18:23,0.748375,0.535800,0.400980,37.9906
2025-08-29T11:18:23,0.748375,0.535800,0.400980,38.0307
2025-08-29T11:18:24,0.748913,0.535800,0.401267,38.0708
2025-08-29T11:18:24,0.748644,0.544730,0.407809,38.1116
2025-08-29T11:18:24,0.749987,0.535800,0.401843,38.1518
2025-08-29T11:18:24,0.749450,0.535800,0.401555,38.1920
2025-08-29T11:18:25,0.749450,0.544730,0.408248,38.2328
2025-08-29T11:18:25,0.749181,0.535800,0.401411,38.2729
2025-08-29T11:18:25,0.748644,0.535800,0.401123,38.3130
2025-08-29T11:18:25,0.748644,0.544730,0.407809,38.3538
2025-08-29T11:18:25,0.749987,0.535800,0.401843,38.3940
2025-08-29T11:18:25,0.749987,0.535800,0.401843,38.4342
2025-08-29T11:18:26,0.749181,0.535800,0.401411,38.4743
2025-08-29T11:18:26,0.749450,0.544730,0.408248,38.5152
2025-08-29T11:18:26,0.749450,0.544730,0.408248,38.5560
2025-08-29T11:18:26,0.749450,0.535800,0.401555,38.5961
2025-08-29T11:18:27,0.748913,0.535800,0.401267,38.6363
2025-08-29T11:18:27,0.749450,0.544730,0.408248,38.6771
2025-08-29T11:18:27,0.750793,0.535800,0.402275,38.7173
2025-08-29T11:18:27,0.749718,0.544730,0.408394,38.7582
2025-08-29T11:18:27,0.749987,0.544730,0.408540,38.7990
2025-08-29T11:18:28,0.748913,0.535800,0.401267,38.8391
2025-08-29T11:18:28,0.748913,0.544730,0.407955,38.8799
2025-08-29T11:18:28,0.748913,0.535800,0.401267,38.9201
2025-08-29T11:18:28,0.749987,0.535800,0.401843,38.9602
2025-08-29T11:18:28,0.749718,0.544730,0.408394,39.0011
2025-08-29T11:18:29,0.749450,0.544730,0.408248,39.0419
2025-08-29T11:18:29,0.748913,0.544730,0.407955,39.0827
2025-08-29T11:18:29,0.749987,0.535800,0.401843,39.1229
2025-08-29T11:18:29,0.748375,0.544730,0.407663,39.1637
2025-08-29T11:18:30,0.749987,0.544730,0.408540,39.2045
2025-08-29T11:18:30,0.748644,0.535800,0.401123,39.2446
2025-08-29T11:18:30,0.748644,0.544730,0.407809,39.2854
2025-08-29T11:18:30,0.749987,0.544730,0.408540,39.3263
2025-08-29T11:18:30,0.749450,0.535800,0.401555,39.3664
2025-08-29T11:18:31,0.749450,0.535800,0.401555,39.4066
2025-08-29T11:18:31,0.748913,0.544730,0.407955,39.4474
2025-08-29T11:18:31,0.748644,0.544730,0.407809,39.4881
2025-08-29T11:18:31,0.748644,0.544730,0.407809,39.5289
2025-08-29T11:18:32,0.749450,0.544730,0.408248,39.5697
2025-08-29T11:18:32,0.749718,0.544730,0.408394,39.6106
2025-08-29T11:18:32,0.749718,0.535800,0.401699,39.6508
2025-08-29T11:18:32,0.749181,0.535800,0.401411,39.6909
2025-08-29T11:18:32,0.749987,0.544730,0.408540,39.7317
2025-08-29T11:18:33,0.748644,0.544730,0.407809,39.7725
2025-08-29T11:18:33,0.749987,0.535800,0.401843,39.8127
2025-08-29T11:18:33,0.748375,0.544730,0.407663,39.8535
2025-08-29T11:18:33,0.749718,0.544730,0.408394,39.8943
2025-08-29T11:18:33,0.748913,0.535800,0.401267,39.9344
2025-08-29T11:18:34,0.749718,0.544730,0.408394,39.9753
2025-08-29T11:18:34,0.749450,0.544730,0.408248,40.0161
2025-08-29T11:18:34,0.749718,0.544730,0.408394,40.0570
2025-08-29T11:18:34,0.749450,0.535800,0.401555,40.0971
2025-08-29T11:18:34,0.748913,0.544730,0.407955,40.1379
2025-08-29T11:18:35,0.749450,0.535800,0.401555,40.1781
2025-08-29T11:18:35,0.749718,0.535800,0.401699,40.2182
2025-08-29T11:18:35,0.749987,0.535800,0.401843,40.2584
2025-08-29T11:18:35,0.749987,0.535800,0.401843,40.2986
2025-08-29T11:18:36,0.749718,0.544730,0.408394,40.3394
2025-08-29T11:18:36,0.749181,0.544730,0.408101,40.3802
2025-08-29T11:18:36,0.749450,0.535800,0.401555,40.4204
2025-08-29T11:18:36,0.749450,0.544730,0.408248,40.4612
2025-08-29T11:18:36,0.749181,0.544730,0.408101,40.5020
2025-08-29T11:18:37,0.748644,0.553660,0.414494,40.5435
2025-08-29T11:18:37,0.749181,0.535800,0.401411,40.5836
2025-08-29T11:18:37,0.749181,0.544730,0.408101,40.6244
2025-08-29T11:18:37,0.749450,0.535800,0.401555,40.6646
2025-08-29T11:18:37,0.749987,0.535800,0.401843,40.7048
2025-08-29T11:18:38,0.749450,0.544730,0.408248,40.7456
2025-08-29T11:18:38,0.752136,0.544730,0.409711,40.7866
2025-08-29T11:18:38,0.749181,0.535800,0.401411,40.8267
2025-08-29T11:18:38,0.749450,0.544730,0.408248,40.8675
2025-08-29T11:18:38,0.749181,0.535800,0.401411,40.9077
2025-08-29T11:18:39,0.749718,0.544730,0.408394,40.9485
2025-08-29T11:18:39,0.749181,0.535800,0.401411,40.9887
2025-08-29T11:18:39,0.749987,0.535800,0.401843,41.0288
2025-08-29T11:18:39,0.749181,0.535800,0.401411,41.0690
2025-08-29T11:18:40,0.749718,0.535800,0.401699,41.1092
2025-08-29T11:18:40,0.749987,0.535800,0.401843,41.1493
2025-08-29T11:18:40,0.749987,0.535800,0.401843,41.1895
2025-08-29T11:18:40,0.748913,0.535800,0.401267,41.2297
2025-08-29T11:18:40,0.749181,0.544730,0.408101,41.2705
2025-08-29T11:18:41,0.748913,0.535800,0.401267,41.3106
2025-08-29T11:18:41,0.748913,0.535800,0.401267,41.3507
2025-08-29T11:18:41,0.749450,0.535800,0.401555,41.3909
2025-08-29T11:18:41,0.748644,0.535800,0.401123,41.4310
2025-08-29T11:18:41,0.749181,0.544730,0.408101,41.4718
2025-08-29T11:18:42,0.749718,0.544730,0.408394,41.5126
2025-08-29T11:18:42,0.749450,0.535800,0.401555,41.5528
2025-08-29T11:18:42,0.748913,0.535800,0.401267,41.5929
2025-08-29T11:18:42,0.749181,0.526870,0.394721,41.6324
2025-08-29T11:18:42,0.749718,0.535800,0.401699,41.6726
2025-08-29T11:18:42,0.748913,0.544730,0.407955,41.7134
2025-08-29T11:18:43,0.749450,0.535800,0.401555,41.7535
2025-08-29T11:18:43,0.749718,0.544730,0.408394,41.7943
2025-08-29T11:18:43,0.749987,0.535800,0.401843,41.8345
2025-08-29T11:18:43,0.749718,0.544730,0.408394,41.8754
2025-08-29T11:18:44,0.749718,0.535800,0.401699,41.9155
2025-08-29T11:18:44,0.749450,0.553660,0.414940,41.9570
2025-08-29T11:18:44,0.748644,0.535800,0.401123,41.9971
2025-08-29T11:18:44,0.749450,0.544730,0.408248,42.0380
2025-08-29T11:18:44,0.748644,0.535800,0.401123,42.0781
2025-08-29T11:18:45,0.749718,0.544730,0.408394,42.1189
2025-08-29T11:18:45,0.749450,0.535800,0.401555,42.1591
2025-08-29T11:18:45,0.749987,0.535800,0.401843,42.1993
2025-08-29T11:18:45,0.749450,0.535800,0.401555,42.2394
2025-08-29T11:18:45,0.749450,0.544730,0.408248,42.2802
2025-08-29T11:18:46,0.748644,0.544730,0.407809,42.3210
2025-08-29T11:18:46,0.749718,0.535800,0.401699,42.3612
2025-08-29T11:18:46,0.749987,0.544730,0.408540,42.4020
2025-08-29T11:18:46,0.749718,0.544730,0.408394,42.4429
2025-08-29T11:18:46,0.749987,0.535800,0.401843,42.4831
2025-08-29T11:18:47,0.749987,0.535800,0.401843,42.5233
2025-08-29T11:18:47,0.749718,0.535800,0.401699,42.5634
2025-08-29T11:18:47,0.749450,0.544730,0.408248,42.6043
2025-08-29T11:18:47,0.748913,0.544730,0.407955,42.6450
2025-08-29T11:18:47,0.749450,0.535800,0.401555,42.6852
2025-08-29T11:18:48,0.749450,0.535800,0.401555,42.7254
2025-08-29T11:18:48,0.749181,0.544730,0.408101,42.7662
2025-08-29T11:18:48,0.749718,0.535800,0.401699,42.8063
2025-08-29T11:18:48,0.748913,0.544730,0.407955,42.8471
2025-08-29T11:18:48,0.749450,0.535800,0.401555,42.8873
2025-08-29T11:18:49,0.749181,0.544730,0.408101,42.9281
2025-08-29T11:18:49,0.874089,0.759050,0.663477,42.9944
2025-08-29T11:18:49,0.749718,0.544730,0.408394,43.0353
2025-08-29T11:18:49,0.748913,0.535800,0.401267,43.0754
2025-08-29T11:18:49,0.748913,0.544730,0.407955,43.1162
2025-08-29T11:18:49,0.873552,0.714400,0.624066,43.1786
2025-08-29T11:18:49,0.749987,0.544730,0.408540,43.2195
2025-08-29T11:18:50,0.749450,0.535800,0.401555,43.2596
2025-08-29T11:18:50,0.749450,0.544730,0.408248,43.3004
2025-08-29T11:18:50,0.749987,0.544730,0.408540,43.3413
2025-08-29T11:18:50,0.749718,0.544730,0.408394,43.3821
2025-08-29T11:18:50,0.748644,0.535800,0.401123,43.4223
2025-08-29T11:18:50,0.749718,0.535800,0.401699,43.4624
2025-08-29T11:18:51,0.749718,0.535800,0.401699,43.5026
2025-08-29T11:18:51,0.749181,0.544730,0.408101,43.5434
2025-08-29T11:18:51,0.749718,0.544730,0.408394,43.5842
2025-08-29T11:18:51,0.749987,0.535800,0.401843,43.6244
2025-08-29T11:18:51,0.749718,0.535800,0.401699,43.6646
2025-08-29T11:18:52,0.748913,0.544730,0.407955,43.7054
2025-08-29T11:18:52,0.749987,0.544730,0.408540,43.7462
2025-08-29T11:18:52,0.749450,0.544730,0.408248,43.7871
2025-08-29T11:18:52,0.749450,0.571520,0.428326,43.8299
2025-08-29T11:18:52,0.749987,0.535800,0.401843,43.8701
2025-08-29T11:18:52,0.764493,0.580450,0.443750,43.9145
2025-08-29T11:18:53,0.749718,0.544730,0.408394,43.9553
2025-08-29T11:18:53,0.749987,0.544730,0.408540,43.9962
2025-08-29T11:18:53,0.748375,0.544730,0.407663,44.0369
2025-08-29T11:18:53,0.749450,0.535800,0.401555,44.0771
2025-08-29T11:18:53,0.749450,0.634030,0.475174,44.1246
2025-08-29T11:18:54,0.779535,0.607240,0.473365,44.1719
2025-08-29T11:18:54,0.749181,0.535800,0.401411,44.2121
2025-08-29T11:18:54,0.749450,0.544730,0.408248,44.2529
2025-08-29T11:18:54,0.749718,0.544730,0.408394,44.2937
2025-08-29T11:18:54,0.749987,0.535800,0.401843,44.3339
2025-08-29T11:18:55,0.749718,0.776910,0.582464,44.3922
2025-08-29T11:18:55,0.749450,0.535800,0.401555,44.4323
2025-08-29T11:18:55,0.749987,0.544730,0.408540,44.4732
2025-08-29T11:18:55,0.749987,0.535800,0.401843,44.5134
2025-08-29T11:18:55,0.748644,0.544730,0.407809,44.5541
2025-08-29T11:18:56,0.749987,0.544730,0.408540,44.5950
2025-08-29T11:18:56,0.748913,0.544730,0.407955,44.6358
2025-08-29T11:18:56,0.749718,0.544730,0.408394,44.6766
2025-08-29T11:18:56,0.748913,0.535800,0.401267,44.7168
2025-08-29T11:18:57,0.749718,0.544730,0.408394,44.7576
2025-08-29T11:18:57,0.749450,0.535800,0.401555,44.7978
2025-08-29T11:18:57,0.748913,0.535800,0.401267,44.8379
2025-08-29T11:18:57,0.748644,0.544730,0.407809,44.8787
2025-08-29T11:18:57,0.749181,0.553660,0.414792,44.9201
2025-08-29T11:18:58,0.749181,0.535800,0.401411,44.9603
2025-08-29T11:18:58,0.749987,0.535800,0.401843,45.0005
2025-08-29T11:18:58,0.749987,0.544730,0.408540,45.0413
2025-08-29T11:18:58,0.749450,0.535800,0.401555,45.0815
2025-08-29T11:18:58,0.748644,0.535800,0.401123,45.1216
2025-08-29T11:18:59,0.749718,0.535800,0.401699,45.1618
2025-08-29T11:18:59,0.749450,0.544730,0.408248,45.2026
2025-08-29T11:18:59,0.749450,0.544730,0.408248,45.2434
2025-08-29T11:18:59,0.749450,0.544730,0.408248,45.2842
2025-08-29T11:19:00,0.749718,0.535800,0.401699,45.3244
2025-08-29T11:19:00,0.749987,0.544730,0.408540,45.3653
2025-08-29T11:19:00,0.749987,0.544730,0.408540,45.4061
2025-08-29T11:19:00,0.749450,0.535800,0.401555,45.4463
2025-08-29T11:19:00,0.749181,0.535800,0.401411,45.4864
2025-08-29T11:19:01,0.874089,0.723330,0.632255,45.5496
2025-08-29T11:19:01,0.749450,0.544730,0.408248,45.5905
2025-08-29T11:19:01,0.749181,0.544730,0.408101,45.6313
2025-08-29T11:19:01,0.749718,0.544730,0.408394,45.6721
2025-08-29T11:19:01,0.748644,0.535800,0.401123,45.7122
2025-08-29T11:19:02,0.749450,0.544730,0.408248,45.7530
2025-08-29T11:19:02,0.748913,0.535800,0.401267,45.7932
2025-08-29T11:19:02,0.749718,0.535800,0.401699,45.8333
2025-08-29T11:19:02,0.749987,0.544730,0.408540,45.8742
2025-08-29T11:19:02,0.749450,0.535800,0.401555,45.9144
2025-08-29T11:19:03,0.749181,0.526870,0.394721,45.9538
2025-08-29T11:19:03,0.748913,0.535800,0.401267,45.9939
2025-08-29T11:19:03,0.749718,0.535800,0.401699,46.0341
2025-08-29T11:19:03,0.749718,0.544730,0.408394,46.0750
2025-08-29T11:19:03,0.748644,0.544730,0.407809,46.1157
2025-08-29T11:19:04,0.749450,0.544730,0.408248,46.1566
2025-08-29T11:19:04,0.749987,0.535800,0.401843,46.1967
2025-08-29T11:19:04,0.749718,0.544730,0.408394,46.2376
2025-08-29T11:19:04,0.749718,0.544730,0.408394,46.2784
2025-08-29T11:19:05,0.749181,0.535800,0.401411,46.3186
2025-08-29T11:19:05,0.749181,0.535800,0.401411,46.3587
2025-08-29T11:19:05,0.748913,0.544730,0.407955,46.3995
2025-08-29T11:19:05,0.749450,0.553660,0.414940,46.4410
2025-08-29T11:19:05,0.749987,0.544730,0.408540,46.4819
2025-08-29T11:19:06,0.749181,0.544730,0.408101,46.5227
2025-08-29T11:19:06,0.748913,0.544730,0.407955,46.5635
2025-08-29T11:19:06,0.749987,0.544730,0.408540,46.6043
2025-08-29T11:19:06,0.749987,0.544730,0.408540,46.6452
2025-08-29T11:19:07,0.749718,0.535800,0.401699,46.6853
2025-08-29T11:19:07,0.749718,0.535800,0.401699,46.7255
2025-08-29T11:19:07,0.749181,0.535800,0.401411,46.7656
2025-08-29T11:19:07,0.748913,0.535800,0.401267,46.8058
2025-08-29T11:19:07,0.748913,0.535800,0.401267,46.8459
2025-08-29T11:19:08,0.748913,0.535800,0.401267,46.8860
2025-08-29T11:19:08,0.749450,0.544730,0.408248,46.9269
2025-08-29T11:19:08,0.748644,0.535800,0.401123,46.9670
2025-08-29T11:19:08,0.748644,0.544730,0.407809,47.0077
2025-08-29T11:19:08,0.749987,0.544730,0.408540,47.0486
2025-08-29T11:19:09,0.749718,0.535800,0.401699,47.0888
2025-08-29T11:19:09,0.749450,0.535800,0.401555,47.1289
2025-08-29T11:19:09,0.748644,0.535800,0.401123,47.1690
2025-08-29T11:19:09,0.748644,0.526870,0.394438,47.2085
2025-08-29T11:19:10,0.748913,0.544730,0.407955,47.2493
2025-08-29T11:19:10,0.749181,0.544730,0.408101,47.2901
2025-08-29T11:19:10,0.803980,0.660820,0.531286,47.3432
2025-08-29T11:19:10,0.748913,0.544730,0.407955,47.3840
2025-08-29T11:19:10,0.749450,0.535800,0.401555,47.4242
2025-08-29T11:19:11,0.749718,0.544730,0.408394,47.4650
2025-08-29T11:19:11,0.748644,0.535800,0.401123,47.5051
2025-08-29T11:19:11,0.748644,0.535800,0.401123,47.5452
2025-08-29T11:19:11,0.749450,0.544730,0.408248,47.5861
2025-08-29T11:19:11,0.748644,0.544730,0.407809,47.6268
2025-08-29T11:19:12,0.748913,0.544730,0.407955,47.6676
2025-08-29T11:19:12,0.749987,0.544730,0.408540,47.7085
2025-08-29T11:19:12,0.749450,0.535800,0.401555,47.7486
2025-08-29T11:19:12,0.749181,0.535800,0.401411,47.7888
2025-08-29T11:19:12,0.749450,0.544730,0.408248,47.8296
2025-08-29T11:19:13,0.750793,0.535800,0.402275,47.8698
2025-08-29T11:19:13,0.749718,0.544730,0.408394,47.9107
2025-08-29T11:19:13,0.749987,0.544730,0.408540,47.9515
2025-08-29T11:19:13,0.749987,0.544730,0.408540,47.9924
2025-08-29T11:19:14,0.749450,0.544730,0.408248,48.0332
2025-08-29T11:19:14,0.749450,0.535800,0.401555,48.0734
2025-08-29T11:19:14,0.748913,0.544730,0.407955,48.1142
2025-08-29T11:19:14,0.748913,0.544730,0.407955,48.1550
2025-08-29T11:19:14,0.749718,0.535800,0.401699,48.1951
2025-08-29T11:19:15,0.749181,0.544730,0.408101,48.2359
2025-08-29T11:19:15,0.748913,0.535800,0.401267,48.2761
2025-08-29T11:19:15,0.749450,0.544730,0.408248,48.3169
2025-08-29T11:19:15,0.749987,0.544730,0.408540,48.3577
2025-08-29T11:19:15,0.748644,0.544730,0.407809,48.3985
2025-08-29T11:19:16,0.749450,0.544730,0.408248,48.4393
2025-08-29T11:19:16,0.748644,0.544730,0.407809,48.4801
2025-08-29T11:19:16,0.749987,0.544730,0.408540,48.5210
2025-08-29T11:19:16,0.748913,0.535800,0.401267,48.5611
2025-08-29T11:19:17,0.749450,0.535800,0.401555,48.6013
2025-08-29T11:19:17,0.748913,0.544730,0.407955,48.6421
2025-08-29T11:19:17,0.749181,0.535800,0.401411,48.6822
2025-08-29T11:19:17,0.749987,0.544730,0.408540,48.7231
2025-08-29T11:19:17,0.748913,0.535800,0.401267,48.7632
2025-08-29T11:19:18,0.749718,0.544730,0.408394,48.8040
2025-08-29T11:19:18,0.748644,0.544730,0.407809,48.8448
2025-08-29T11:19:18,0.748913,0.535800,0.401267,48.8849
2025-08-29T11:19:18,0.748375,0.535800,0.400980,48.9250
2025-08-29T11:19:18,0.749181,0.544730,0.408101,48.9658
2025-08-29T11:19:19,0.874358,0.732260,0.640257,49.0299
2025-08-29T11:19:19,0.749450,0.544730,0.408248,49.0707
2025-08-29T11:19:19,0.748913,0.544730,0.407955,49.1115
2025-08-29T11:19:19,0.749987,0.535800,0.401843,49.1517
2025-08-29T11:19:19,0.749181,0.544730,0.408101,49.1925
2025-08-29T11:19:20,0.748375,0.535800,0.400980,49.2326
2025-08-29T11:19:20,0.749987,0.535800,0.401843,49.2728
2025-08-29T11:19:20,0.749181,0.535800,0.401411,49.3129
2025-08-29T11:19:20,0.748913,0.544730,0.407955,49.3537
2025-08-29T11:19:20,0.749181,0.535800,0.401411,49.3938
2025-08-29T11:19:21,0.748913,0.535800,0.401267,49.4340
2025-08-29T11:19:21,0.749718,0.544730,0.408394,49.4748
2025-08-29T11:19:21,0.756434,0.544730,0.412052,49.5160
2025-08-29T11:19:21,0.749181,0.544730,0.408101,49.5568
2025-08-29T11:19:21,0.748913,0.535800,0.401267,49.5969
2025-08-29T11:19:22,0.748644,0.544730,0.407809,49.6377
2025-08-29T11:19:22,0.749987,0.544730,0.408540,49.6786
2025-08-29T11:19:22,0.749181,0.544730,0.408101,49.7194
2025-08-29T11:19:22,0.749718,0.535800,0.401699,49.7596
2025-08-29T11:19:23,0.749181,0.544730,0.408101,49.8004
2025-08-29T11:19:23,0.749718,0.544730,0.408394,49.8412
2025-08-29T11:19:23,0.749718,0.535800,0.401699,49.8814
2025-08-29T11:19:23,0.749987,0.544730,0.408540,49.9222
2025-08-29T11:19:23,0.749987,0.535800,0.401843,49.9624
2025-08-29T11:19:24,0.749450,0.544730,0.408248,50.0032
2025-08-29T11:19:24,0.748644,0.535800,0.401123,50.0434
2025-08-29T11:19:24,0.748644,0.544730,0.407809,50.0841
2025-08-29T11:19:24,0.748913,0.544730,0.407955,50.1249
2025-08-29T11:19:24,0.748913,0.544730,0.407955,50.1657
2025-08-29T11:19:25,0.749987,0.535800,0.401843,50.2059
2025-08-29T11:19:25,0.749718,0.535800,0.401699,50.2461
2025-08-29T11:19:25,0.749450,0.544730,0.408248,50.2869
2025-08-29T11:19:25,0.748644,0.535800,0.401123,50.3270
2025-08-29T11:19:25,0.748913,0.526870,0.394580,50.3665
2025-08-29T11:19:26,0.748913,0.535800,0.401267,50.4066
2025-08-29T11:19:26,0.748644,0.544730,0.407809,50.4474
2025-08-29T11:19:26,0.749181,0.535800,0.401411,50.4875
2025-08-29T11:19:26,0.804517,0.669750,0.538825,50.5414
2025-08-29T11:19:27,0.751062,0.535800,0.402419,50.5816
2025-08-29T11:19:27,0.748375,0.535800,0.400980,50.6217
2025-08-29T11:19:27,0.748913,0.535800,0.401267,50.6619
2025-08-29T11:19:27,0.749987,0.544730,0.408540,50.7027
2025-08-29T11:19:27,0.749181,0.544730,0.408101,50.7435
2025-08-29T11:19:28,0.749181,0.535800,0.401411,50.7837
2025-08-29T11:19:28,0.748644,0.544730,0.407809,50.8245
2025-08-29T11:19:28,0.748913,0.535800,0.401267,50.8646
2025-08-29T11:19:28,0.749987,0.535800,0.401843,50.9048
2025-08-29T11:19:28,0.749718,0.535800,0.401699,50.9449
2025-08-29T11:19:29,0.748913,0.544730,0.407955,50.9857
2025-08-29T11:19:29,0.749718,0.535800,0.401699,51.0259
2025-08-29T11:19:29,0.749450,0.544730,0.408248,51.0667
2025-08-29T11:19:29,0.749718,0.544730,0.408394,51.1076
2025-08-29T11:19:29,0.749450,0.544730,0.408248,51.1484
2025-08-29T11:19:30,0.749450,0.544730,0.408248,51.1892
2025-08-29T11:19:30,0.749450,0.544730,0.408248,51.2300
2025-08-29T11:19:30,0.749718,0.544730,0.408394,51.2709
2025-08-29T11:19:30,0.748913,0.544730,0.407955,51.3117
2025-08-29T11:19:31,0.749987,0.526870,0.395146,51.3512
2025-08-29T11:19:31,0.749987,0.535800,0.401843,51.3914
2025-08-29T11:19:31,0.748913,0.544730,0.407955,51.4322
2025-08-29T11:19:31,0.749450,0.544730,0.408248,51.4730
2025-08-29T11:19:31,0.749181,0.544730,0.408101,51.5138
2025-08-29T11:19:32,0.749450,0.544730,0.408248,51.5546
2025-08-29T11:19:32,0.749181,0.535800,0.401411,51.5948
2025-08-29T11:19:32,0.748644,0.544730,0.407809,51.6356
2025-08-29T11:19:32,0.749450,0.535800,0.401555,51.6757
2025-08-29T11:19:32,0.749181,0.544730,0.408101,51.7165
2025-08-29T11:19:33,0.749181,0.544730,0.408101,51.7573
2025-08-29T11:19:33,0.748644,0.526870,0.394438,51.7968
2025-08-29T11:19:33,0.748913,0.535800,0.401267,51.8369
2025-08-29T11:19:33,0.749718,0.535800,0.401699,51.8771
2025-08-29T11:19:34,0.748644,0.535800,0.401123,51.9172
2025-08-29T11:19:34,0.749718,0.544730,0.408394,51.9580
2025-08-29T11:19:34,0.749450,0.535800,0.401555,51.9982
2025-08-29T11:19:34,0.748644,0.535800,0.401123,52.0383
2025-08-29T11:19:34,0.749718,0.544730,0.408394,52.0791
2025-08-29T11:19:35,0.749718,0.535800,0.401699,52.1193
2025-08-29T11:19:35,0.752136,0.544730,0.409711,52.1603
2025-08-29T11:19:35,0.748644,0.544730,0.407809,52.2011
2025-08-29T11:19:35,0.748375,0.535800,0.400980,52.2412
2025-08-29T11:19:36,0.749987,0.544730,0.408540,52.2820
2025-08-29T11:19:36,0.749718,0.535800,0.401699,52.3222
2025-08-29T11:19:36,0.749987,0.535800,0.401843,52.3624
2025-08-29T11:19:36,0.748913,0.535800,0.401267,52.4025
2025-08-29T11:19:36,0.749450,0.535800,0.401555,52.4426
2025-08-29T11:19:37,0.749987,0.544730,0.408540,52.4835
2025-08-29T11:19:37,0.749718,0.535800,0.401699,52.5237
2025-08-29T11:19:37,0.749181,0.544730,0.408101,52.5645
2025-08-29T11:19:37,0.748913,0.544730,0.407955,52.6053
2025-08-29T11:19:37,0.749718,0.535800,0.401699,52.6454
2025-08-29T11:19:38,0.749450,0.544730,0.408248,52.6863
2025-08-29T11:19:38,0.749718,0.535800,0.401699,52.7264
2025-08-29T11:19:38,0.749450,0.544730,0.408248,52.7673
2025-08-29T11:19:38,0.748644,0.535800,0.401123,52.8074
2025-08-29T11:19:38,0.748644,0.544730,0.407809,52.8482
2025-08-29T11:19:39,0.749987,0.544730,0.408540,52.8890
2025-08-29T11:19:39,0.749450,0.535800,0.401555,52.9292
2025-08-29T11:19:39,0.748913,0.544730,0.407955,52.9700
2025-08-29T11:19:39,0.749987,0.544730,0.408540,53.0108
2025-08-29T11:19:40,0.749718,0.535800,0.401699,53.0510
2025-08-29T11:19:40,0.748644,0.526870,0.394438,53.0904
2025-08-29T11:19:40,0.749181,0.544730,0.408101,53.1312
2025-08-29T11:19:40,0.749181,0.535800,0.401411,53.1714
2025-08-29T11:19:40,0.749987,0.535800,0.401843,53.2116
2025-08-29T11:19:41,0.749987,0.535800,0.401843,53.2517
2025-08-29T11:19:41,0.749181,0.535800,0.401411,53.2919
2025-08-29T11:19:41,0.748913,0.544730,0.407955,53.3327
2025-08-29T11:19:41,0.748644,0.544730,0.407809,53.3735
2025-08-29T11:19:41,0.749987,0.535800,0.401843,53.4136
2025-08-29T11:19:42,0.749718,0.535800,0.401699,53.4538
2025-08-29T11:19:42,0.749718,0.544730,0.408394,53.4947
2025-08-29T11:19:42,0.749718,0.544730,0.408394,53.5355
2025-08-29T11:19:42,0.748644,0.544730,0.407809,53.5763
2025-08-29T11:19:43,0.749450,0.535800,0.401555,53.6164
2025-08-29T11:19:43,0.764493,0.580450,0.443750,53.6608
2025-08-29T11:19:43,0.749718,0.535800,0.401699,53.7010
2025-08-29T11:19:43,0.749718,0.535800,0.401699,53.7411
2025-08-29T11:19:43,0.749450,0.526870,0.394863,53.7806
2025-08-29T11:19:44,0.749450,0.535800,0.401555,53.8208
2025-08-29T11:19:44,0.749718,0.535800,0.401699,53.8610
2025-08-29T11:19:44,0.749450,0.535800,0.401555,53.9011
2025-08-29T11:19:44,0.749987,0.535800,0.401843,53.9413
2025-08-29T11:19:44,0.749450,0.535800,0.401555,53.9815
2025-08-29T11:19:45,0.749987,0.544730,0.408540,54.0223
2025-08-29T11:19:45,0.749987,0.535800,0.401843,54.0625
2025-08-29T11:19:45,0.749450,0.544730,0.408248,54.1033
2025-08-29T11:19:45,0.749450,0.535800,0.401555,54.1435
2025-08-29T11:19:45,0.748644,0.535800,0.401123,54.1836
2025-08-29T11:19:46,0.749987,0.535800,0.401843,54.2238
2025-08-29T11:19:46,0.748644,0.544730,0.407809,54.2646
2025-08-29T11:19:46,0.749718,0.535800,0.401699,54.3047
2025-08-29T11:19:46,0.749450,0.553660,0.414940,54.3462
2025-08-29T11:19:46,0.749987,0.535800,0.401843,54.3864
2025-08-29T11:19:47,0.748913,0.544730,0.407955,54.4272
2025-08-29T11:19:47,0.748913,0.544730,0.407955,54.4680
2025-08-29T11:19:47,0.749718,0.544730,0.408394,54.5088
2025-08-29T11:19:47,0.748913,0.544730,0.407955,54.5496
2025-08-29T11:19:48,0.749181,0.535800,0.401411,54.5898
2025-08-29T11:19:48,0.749450,0.544730,0.408248,54.6306
2025-08-29T11:19:48,0.749718,0.535800,0.401699,54.6708
2025-08-29T11:19:48,0.749718,0.544730,0.408394,54.7116
2025-08-29T11:19:48,0.748913,0.535800,0.401267,54.7517
2025-08-29T11:19:49,0.748644,0.553660,0.414494,54.7932
2025-08-29T11:19:49,0.749987,0.544730,0.408540,54.8340
2025-08-29T11:19:49,0.749987,0.535800,0.401843,54.8742
2025-08-29T11:19:49,0.748644,0.544730,0.407809,54.9150
2025-08-29T11:19:49,0.874089,0.741190,0.647866,54.9798
2025-08-29T11:19:50,0.749987,0.544730,0.408540,55.0206
2025-08-29T11:19:50,0.748913,0.544730,0.407955,55.0614
2025-08-29T11:19:50,0.749181,0.535800,0.401411,55.1016
2025-08-29T11:19:50,0.749987,0.535800,0.401843,55.1418
2025-08-29T11:19:50,0.749718,0.544730,0.408394,55.1826
2025-08-29T11:19:51,0.748913,0.535800,0.401267,55.2227
2025-08-29T11:19:51,0.749718,0.544730,0.408394,55.2636
2025-08-29T11:19:51,0.749987,0.535800,0.401843,55.3037
2025-08-29T11:19:51,0.749718,0.544730,0.408394,55.3446
2025-08-29T11:19:51,0.749987,0.544730,0.408540,55.3854
2025-08-29T11:19:52,0.749987,0.544730,0.408540,55.4263
2025-08-29T11:19:52,0.749450,0.535800,0.401555,55.4665
2025-08-29T11:19:52,0.749987,0.544730,0.408540,55.5073
2025-08-29T11:19:52,0.748913,0.535800,0.401267,55.5474
2025-08-29T11:19:52,0.749181,0.544730,0.408101,55.5882
2025-08-29T11:19:53,0.749718,0.544730,0.408394,55.6291
2025-08-29T11:19:53,0.749718,0.544730,0.408394,55.6699
2025-08-29T11:19:53,0.748913,0.535800,0.401267,55.7100
2025-08-29T11:19:53,0.749450,0.544730,0.408248,55.7509
2025-08-29T11:19:54,0.873552,0.750120,0.655269,55.8164
2025-08-29T11:19:54,0.874358,0.750120,0.655873,55.8820
2025-08-29T11:19:54,0.874089,0.741190,0.647866,55.9468
2025-08-29T11:19:54,0.874089,0.750120,0.655672,56.0123
2025-08-29T11:19:54,0.874358,0.759050,0.663681,56.0787
2025-08-29T11:19:54,0.873552,0.741190,0.647468,56.1435
2025-08-29T11:19:54,0.874089,0.750120,0.655672,56.2090
2025-08-29T11:19:54,0.874089,0.750120,0.655672,56.2746
2025-08-29T11:19:55,0.873821,0.759050,0.663274,56.3409
2025-08-29T11:19:55,0.748913,0.544730,0.407955,56.3817
2025-08-29T11:19:55,0.749718,0.544730,0.408394,56.4226
2025-08-29T11:19:55,0.749181,0.544730,0.408101,56.4634
2025-08-29T11:19:55,0.752136,0.544730,0.409711,56.5043
2025-08-29T11:19:56,0.748644,0.535800,0.401123,56.5444
2025-08-29T11:19:56,0.874358,1.402010,1.225859,56.6670
2025-08-29T11:19:56,0.873821,0.741190,0.647667,56.7318
2025-08-29T11:19:56,0.873552,1.535960,1.341741,56.8660
2025-08-29T11:19:56,0.873552,0.759050,0.663070,56.9323
2025-08-29T11:19:56,0.873552,0.741190,0.647468,56.9970
2025-08-29T11:19:56,0.873821,0.750120,0.655471,57.0626
2025-08-29T11:19:56,0.873821,0.759050,0.663274,57.1289
2025-08-29T11:19:57,0.749718,0.544730,0.408394,57.1697
2025-08-29T11:19:57,0.748644,0.544730,0.407809,57.2105
2025-08-29T11:19:57,0.748644,0.544730,0.407809,57.2513
2025-08-29T11:19:57,0.749718,0.544730,0.408394,57.2921
2025-08-29T11:19:58,0.748375,0.553660,0.414346,57.3336
2025-08-29T11:19:58,0.749987,0.535800,0.401843,57.3738
2025-08-29T11:19:58,0.748644,0.544730,0.407809,57.4145
2025-08-29T11:19:58,0.749718,0.535800,0.401699,57.4547
2025-08-29T11:19:58,0.749450,0.544730,0.408248,57.4955
2025-08-29T11:19:59,0.748644,0.535800,0.401123,57.5356
2025-08-29T11:19:59,0.749987,0.544730,0.408540,57.5765
2025-08-29T11:19:59,0.749987,0.544730,0.408540,57.6174
2025-08-29T11:19:59,0.794041,0.651890,0.517627,57.6691
2025-08-29T11:19:59,0.749718,0.544730,0.408394,57.7100
2025-08-29T11:20:00,0.748913,0.544730,0.407955,57.7508
2025-08-29T11:20:00,0.749987,0.544730,0.408540,57.7916
2025-08-29T11:20:00,0.748375,0.544730,0.407663,57.8324
2025-08-29T11:20:00,0.748913,0.544730,0.407955,57.8732
2025-08-29T11:20:00,0.749987,0.535800,0.401843,57.9134
2025-08-29T11:20:01,0.874089,0.723330,0.632255,57.9766
2025-08-29T11:20:01,0.748913,0.553660,0.414643,58.0180
2025-08-29T11:20:01,0.749987,0.535800,0.401843,58.0582
2025-08-29T11:20:01,0.749450,0.544730,0.408248,58.0991
2025-08-29T11:20:01,0.749181,0.544730,0.408101,58.1399
2025-08-29T11:20:02,0.749718,0.544730,0.408394,58.1807
2025-08-29T11:20:02,0.749718,0.544730,0.408394,58.2215
2025-08-29T11:20:02,0.748644,0.544730,0.407809,58.2623
2025-08-29T11:20:02,0.749181,0.553660,0.414792,58.3038
2025-08-29T11:20:03,0.748644,0.544730,0.407809,58.3446
2025-08-29T11:20:03,0.749450,0.544730,0.408248,58.3854
2025-08-29T11:20:03,0.749450,0.526870,0.394863,58.4249
2025-08-29T11:20:03,0.748644,0.544730,0.407809,58.4657
2025-08-29T11:20:03,0.748913,0.544730,0.407955,58.5065
2025-08-29T11:20:03,0.749718,0.544730,0.408394,58.5473
2025-08-29T11:20:04,0.748644,0.544730,0.407809,58.5881
2025-08-29T11:20:04,0.749450,0.544730,0.408248,58.6289
2025-08-29T11:20:04,0.748644,0.544730,0.407809,58.6697
2025-08-29T11:20:04,0.748913,0.544730,0.407955,58.7105
2025-08-29T11:20:05,0.749718,0.544730,0.408394,58.7513
2025-08-29T11:20:05,0.749181,0.544730,0.408101,58.7921
2025-08-29T11:20:05,0.749181,0.544730,0.408101,58.8330
2025-08-29T11:20:05,0.748644,0.544730,0.407809,58.8737
2025-08-29T11:20:05,0.749450,0.553660,0.414940,58.9152
2025-08-29T11:20:06,0.748913,0.544730,0.407955,58.9560
2025-08-29T11:20:06,0.749181,0.544730,0.408101,58.9968
2025-08-29T11:20:06,0.749987,0.544730,0.408540,59.0377
2025-08-29T11:20:06,0.749450,0.544730,0.408248,59.0785
2025-08-29T11:20:06,0.748913,0.544730,0.407955,59.1193
2025-08-29T11:20:07,0.749181,0.544730,0.408101,59.1601
2025-08-29T11:20:07,0.749450,0.553660,0.414940,59.2016
2025-08-29T11:20:07,0.749450,0.535800,0.401555,59.2418
2025-08-29T11:20:07,0.749718,0.535800,0.401699,59.2819
2025-08-29T11:20:07,0.749987,0.544730,0.408540,59.3228
2025-08-29T11:20:08,0.749450,0.544730,0.408248,59.3636
2025-08-29T11:20:08,0.749450,0.544730,0.408248,59.4044
2025-08-29T11:20:08,0.749450,0.544730,0.408248,59.4453
2025-08-29T11:20:08,0.748107,0.544730,0.407516,59.4860
2025-08-29T11:20:09,0.749450,0.544730,0.408248,59.5268
2025-08-29T11:20:09,0.749718,0.544730,0.408394,59.5677
2025-08-29T11:20:09,0.749987,0.553660,0.415238,59.6092
2025-08-29T11:20:09,0.748913,0.544730,0.407955,59.6500
2025-08-29T11:20:09,0.749987,0.544730,0.408540,59.6909
2025-08-29T11:20:10,0.749181,0.544730,0.408101,59.7317
2025-08-29T11:20:10,0.749450,0.544730,0.408248,59.7725
2025-08-29T11:20:10,0.748913,0.544730,0.407955,59.8133
2025-08-29T11:20:10,0.749181,0.544730,0.408101,59.8541
2025-08-29T11:20:11,0.749181,0.535800,0.401411,59.8942
2025-08-29T11:20:11,0.748913,0.544730,0.407955,59.9350
2025-08-29T11:20:11,0.749718,0.544730,0.408394,59.9759
2025-08-29T11:20:11,0.748913,0.544730,0.407955,60.0167
2025-08-29T11:20:11,0.749450,0.544730,0.408248,60.0575
2025-08-29T11:20:12,0.748913,0.544730,0.407955,60.0983
2025-08-29T11:20:12,0.749987,0.535800,0.401843,60.1385
2025-08-29T11:20:12,0.749450,0.535800,0.401555,60.1786
2025-08-29T11:20:12,0.748644,0.544730,0.407809,60.2194
2025-08-29T11:20:12,0.749181,0.544730,0.408101,60.2602
2025-08-29T11:20:13,0.749181,0.544730,0.408101,60.3010
2025-08-29T11:20:13,0.749987,0.544730,0.408540,60.3419
2025-08-29T11:20:13,0.749181,0.544730,0.408101,60.3827
2025-08-29T11:20:13,0.749450,0.535800,0.401555,60.4228
2025-08-29T11:20:13,0.749718,0.544730,0.408394,60.4637
2025-08-29T11:20:14,0.749718,0.544730,0.408394,60.5045
2025-08-29T11:20:14,0.748913,0.544730,0.407955,60.5453
2025-08-29T11:20:14,0.749987,0.544730,0.408540,60.5862
2025-08-29T11:20:14,0.749181,0.544730,0.408101,60.6270
2025-08-29T11:20:15,0.749987,0.544730,0.408540,60.6678
2025-08-29T11:20:15,0.749181,0.544730,0.408101,60.7086
2025-08-29T11:20:15,0.748913,0.544730,0.407955,60.7494
2025-08-29T11:20:15,0.748913,0.544730,0.407955,60.7902
2025-08-29T11:20:15,0.749450,0.544730,0.408248,60.8311
2025-08-29T11:20:15,0.748913,0.544730,0.407955,60.8719
2025-08-29T11:20:16,0.749718,0.544730,0.408394,60.9127
2025-08-29T11:20:16,0.748913,0.553660,0.414643,60.9542
2025-08-29T11:20:16,0.749987,0.553660,0.415238,60.9957
2025-08-29T11:20:16,0.749987,0.544730,0.408540,61.0365
2025-08-29T11:20:17,0.749450,0.544730,0.408248,61.0774
2025-08-29T11:20:17,0.749181,0.535800,0.401411,61.1175
2025-08-29T11:20:17,0.749181,0.535800,0.401411,61.1576
2025-08-29T11:20:17,0.749987,0.544730,0.408540,61.1985
2025-08-29T11:20:17,0.749718,0.562590,0.421784,61.2407
2025-08-29T11:20:18,0.749718,0.544730,0.408394,61.2815
2025-08-29T11:20:18,0.749987,0.544730,0.408540,61.3224
2025-08-29T11:20:18,0.749450,0.544730,0.408248,61.3632
2025-08-29T11:20:18,0.749718,0.544730,0.408394,61.4040
2025-08-29T11:20:18,0.749450,0.535800,0.401555,61.4442
2025-08-29T11:20:19,0.874089,0.750120,0.655672,61.5098
2025-08-29T11:20:19,0.748644,0.544730,0.407809,61.5505
2025-08-29T11:20:19,0.749450,0.544730,0.408248,61.5914
2025-08-29T11:20:19,0.749718,0.544730,0.408394,61.6322
2025-08-29T11:20:19,0.748913,0.535800,0.401267,61.6723
2025-08-29T11:20:19,0.749450,0.544730,0.408248,61.7132
2025-08-29T11:20:20,0.752405,0.535800,0.403138,61.7535
2025-08-29T11:20:20,0.749181,0.544730,0.408101,61.7943
2025-08-29T11:20:20,0.749718,0.544730,0.408394,61.8351
2025-08-29T11:20:20,0.749987,0.544730,0.408540,61.8760
2025-08-29T11:20:21,0.749450,0.544730,0.408248,61.9168
2025-08-29T11:20:21,0.749987,0.544730,0.408540,61.9577
2025-08-29T11:20:21,0.749181,0.535800,0.401411,61.9978
2025-08-29T11:20:21,0.748644,0.544730,0.407809,62.0386
2025-08-29T11:20:21,0.749450,0.544730,0.408248,62.0794
2025-08-29T11:20:22,0.749718,0.535800,0.401699,62.1196
2025-08-29T11:20:22,0.749987,0.553660,0.415238,62.1611
2025-08-29T11:20:22,0.749450,0.544730,0.408248,62.2019
2025-08-29T11:20:22,0.749987,0.535800,0.401843,62.2421
2025-08-29T11:20:23,0.749987,0.535800,0.401843,62.2823
2025-08-29T11:20:23,0.749987,0.544730,0.408540,62.3231
2025-08-29T11:20:23,0.748644,0.544730,0.407809,62.3639
2025-08-29T11:20:23,0.749987,0.544730,0.408540,62.4048
2025-08-29T11:20:23,0.749718,0.535800,0.401699,62.4449
2025-08-29T11:20:24,0.749718,0.535800,0.401699,62.4851
2025-08-29T11:20:24,0.748644,0.535800,0.401123,62.5252
2025-08-29T11:20:24,0.748644,0.544730,0.407809,62.5660
2025-08-29T11:20:24,0.748913,0.535800,0.401267,62.6061
2025-08-29T11:20:24,0.749450,0.544730,0.408248,62.6470
2025-08-29T11:20:25,0.751062,0.535800,0.402419,62.6872
2025-08-29T11:20:25,0.749181,0.535800,0.401411,62.7273
2025-08-29T11:20:25,0.749718,0.544730,0.408394,62.7682
2025-08-29T11:20:25,0.748913,0.544730,0.407955,62.8090
2025-08-29T11:20:26,0.749181,0.544730,0.408101,62.8498
2025-08-29T11:20:26,0.749718,0.544730,0.408394,62.8906
2025-08-29T11:20:26,0.749718,0.544730,0.408394,62.9315
2025-08-29T11:20:26,0.749718,0.535800,0.401699,62.9716
2025-08-29T11:20:26,0.748644,0.535800,0.401123,63.0118
2025-08-29T11:20:27,0.749181,0.544730,0.408101,63.0526
2025-08-29T11:20:27,0.749181,0.526870,0.394721,63.0920
2025-08-29T11:20:27,0.749718,0.544730,0.408394,63.1329
2025-08-29T11:20:27,0.751062,0.535800,0.402419,63.1731
2025-08-29T11:20:27,0.748375,0.544730,0.407663,63.2139
2025-08-29T11:20:28,0.748913,0.535800,0.401267,63.2540
2025-08-29T11:20:28,0.749718,0.535800,0.401699,63.2942
2025-08-29T11:20:28,0.749181,0.544730,0.408101,63.3350
2025-08-29T11:20:28,0.749987,0.535800,0.401843,63.3752
2025-08-29T11:20:29,0.749718,0.544730,0.408394,63.4160
2025-08-29T11:20:29,0.749181,0.544730,0.408101,63.4568
2025-08-29T11:20:29,0.749987,0.535800,0.401843,63.4970
2025-08-29T11:20:29,0.748644,0.544730,0.407809,63.5378
2025-08-29T11:20:29,0.749450,0.535800,0.401555,63.5779
2025-08-29T11:20:30,0.749987,0.535800,0.401843,63.6181
2025-08-29T11:20:30,0.750793,0.544730,0.408979,63.6590
2025-08-29T11:20:30,0.749181,0.544730,0.408101,63.6998
2025-08-29T11:20:30,0.749987,0.535800,0.401843,63.7400
2025-08-29T11:20:30,0.749450,0.544730,0.408248,63.7808
2025-08-29T11:20:31,0.749718,0.544730,0.408394,63.8217
2025-08-29T11:20:31,0.749987,0.544730,0.408540,63.8625
2025-08-29T11:20:31,0.749718,0.544730,0.408394,63.9034
2025-08-29T11:20:31,0.748913,0.535800,0.401267,63.9435
2025-08-29T11:20:32,0.748644,0.544730,0.407809,63.9843
2025-08-29T11:20:32,0.749718,0.544730,0.408394,64.0251
2025-08-29T11:20:32,0.748913,0.544730,0.407955,64.0659
2025-08-29T11:20:32,0.794578,0.642960,0.510882,64.1170
2025-08-29T11:20:32,0.749987,0.544730,0.408540,64.1579
2025-08-29T11:20:32,0.749987,0.544730,0.408540,64.1987
2025-08-29T11:20:33,0.749987,0.544730,0.408540,64.2396
2025-08-29T11:20:33,0.749718,0.544730,0.408394,64.2804
2025-08-29T11:20:33,0.749987,0.544730,0.408540,64.3213
2025-08-29T11:20:33,0.749718,0.535800,0.401699,64.3614
2025-08-29T11:20:34,0.749987,0.544730,0.408540,64.4023
2025-08-29T11:20:34,0.749181,0.544730,0.408101,64.4431
2025-08-29T11:20:34,0.748644,0.526870,0.394438,64.4825
2025-08-29T11:20:34,0.749450,0.535800,0.401555,64.5227
2025-08-29T11:20:34,0.749181,0.544730,0.408101,64.5635
2025-08-29T11:20:35,0.749718,0.544730,0.408394,64.6043
2025-08-29T11:20:35,0.749718,0.544730,0.408394,64.6452
2025-08-29T11:20:35,0.748644,0.535800,0.401123,64.6853
2025-08-29T11:20:35,0.749987,0.535800,0.401843,64.7255
2025-08-29T11:20:36,0.749718,0.544730,0.408394,64.7663
2025-08-29T11:20:36,0.749181,0.535800,0.401411,64.8065
2025-08-29T11:20:36,0.748644,0.544730,0.407809,64.8472
2025-08-29T11:20:36,0.749987,0.553660,0.415238,64.8888
2025-08-29T11:20:36,0.748913,0.535800,0.401267,64.9289
2025-08-29T11:20:37,0.749450,0.544730,0.408248,64.9697
2025-08-29T11:20:37,0.749718,0.535800,0.401699,65.0099
2025-08-29T11:20:37,0.749450,0.544730,0.408248,65.0507
2025-08-29T11:20:37,0.748913,0.544730,0.407955,65.0915
2025-08-29T11:20:37,0.748644,0.544730,0.407809,65.1323
2025-08-29T11:20:38,0.748913,0.544730,0.407955,65.1731
2025-08-29T11:20:38,0.749450,0.535800,0.401555,65.2132
2025-08-29T11:20:38,0.748913,0.544730,0.407955,65.2540
2025-08-29T11:20:38,0.749181,0.544730,0.408101,65.2948
2025-08-29T11:20:38,0.749718,0.535800,0.401699,65.3350
2025-08-29T11:20:39,0.749181,0.544730,0.408101,65.3758
2025-08-29T11:20:39,0.749181,0.544730,0.408101,65.4166
2025-08-29T11:20:39,0.749987,0.553660,0.415238,65.4582
2025-08-29T11:20:39,0.749450,0.535800,0.401555,65.4983
2025-08-29T11:20:40,0.748913,0.535800,0.401267,65.5384
2025-08-29T11:20:40,0.749987,0.544730,0.408540,65.5793
2025-08-29T11:20:40,0.749450,0.535800,0.401555,65.6195
2025-08-29T11:20:40,0.748644,0.535800,0.401123,65.6596
2025-08-29T11:20:40,0.749718,0.544730,0.408394,65.7004
2025-08-29T11:20:41,0.748644,0.544730,0.407809,65.7412
2025-08-29T11:20:41,0.749987,0.544730,0.408540,65.7820
2025-08-29T11:20:41,0.749718,0.544730,0.408394,65.8229
2025-08-29T11:20:41,0.748644,0.544730,0.407809,65.8637
2025-08-29T11:20:41,0.749987,0.535800,0.401843,65.9038
2025-08-29T11:20:42,0.749718,0.544730,0.408394,65.9447
2025-08-29T11:20:42,0.749181,0.535800,0.401411,65.9848
2025-08-29T11:20:42,0.748644,0.544730,0.407809,66.0256
2025-08-29T11:20:42,0.749181,0.544730,0.408101,66.0664
2025-08-29T11:20:42,0.749718,0.535800,0.401699,66.1066
2025-08-29T11:20:43,0.749450,0.535800,0.401555,66.1467
2025-08-29T11:20:43,0.748644,0.544730,0.407809,66.1875
2025-08-29T11:20:43,0.748913,0.544730,0.407955,66.2283
2025-08-29T11:20:43,0.749987,0.544730,0.408540,66.2692
2025-08-29T11:20:44,0.749987,0.544730,0.408540,66.3100
2025-08-29T11:20:44,0.749450,0.544730,0.408248,66.3508
2025-08-29T11:20:44,0.748644,0.544730,0.407809,66.3916
2025-08-29T11:20:44,0.749718,0.544730,0.408394,66.4325
2025-08-29T11:20:44,0.748644,0.535800,0.401123,66.4726
2025-08-29T11:20:45,0.748375,0.544730,0.407663,66.5133
2025-08-29T11:20:45,0.749987,0.535800,0.401843,66.5535
2025-08-29T11:20:45,0.749450,0.544730,0.408248,66.5944
2025-08-29T11:20:45,0.749181,0.535800,0.401411,66.6345
2025-08-29T11:20:46,0.749450,0.535800,0.401555,66.6747
2025-08-29T11:20:46,0.749450,0.544730,0.408248,66.7155
2025-08-29T11:20:46,0.749181,0.535800,0.401411,66.7556
2025-08-29T11:20:46,0.748913,0.535800,0.401267,66.7957
2025-08-29T11:20:46,0.749450,0.544730,0.408248,66.8366
2025-08-29T11:20:47,0.749450,0.544730,0.408248,66.8774
2025-08-29T11:20:47,0.748913,0.553660,0.414643,66.9189
2025-08-29T11:20:47,0.749718,0.562590,0.421784,66.9610
2025-08-29T11:20:47,0.749718,0.544730,0.408394,67.0019
2025-08-29T11:20:47,0.748107,0.535800,0.400836,67.0420
2025-08-29T11:20:47,0.749987,0.535800,0.401843,67.0821
2025-08-29T11:20:48,0.749181,0.544730,0.408101,67.1230
2025-08-29T11:20:48,0.749987,0.535800,0.401843,67.1631
2025-08-29T11:20:48,0.749450,0.544730,0.408248,67.2040
2025-08-29T11:20:48,0.747569,0.535800,0.400548,67.2440
2025-08-29T11:20:48,0.794309,0.642960,0.510709,67.2951
2025-08-29T11:20:49,0.748913,0.544730,0.407955,67.3359
2025-08-29T11:20:49,0.749450,0.544730,0.408248,67.3767
2025-08-29T11:20:49,0.749987,0.544730,0.408540,67.4176
2025-08-29T11:20:49,0.873821,0.750120,0.655471,67.4831
2025-08-29T11:20:49,0.749450,0.544730,0.408248,67.5239
2025-08-29T11:20:49,0.749987,0.544730,0.408540,67.5648
2025-08-29T11:20:50,0.749450,0.544730,0.408248,67.6056
2025-08-29T11:20:50,0.749718,0.535800,0.401699,67.6458
2025-08-29T11:20:50,0.749181,0.544730,0.408101,67.6866
2025-08-29T11:20:50,0.749718,0.535800,0.401699,67.7268
2025-08-29T11:20:50,0.749718,0.544730,0.408394,67.7676
2025-08-29T11:20:51,0.748913,0.544730,0.407955,67.8084
2025-08-29T11:20:51,0.749718,0.535800,0.401699,67.8486
2025-08-29T11:20:51,0.749450,0.544730,0.408248,67.8894
2025-08-29T11:20:51,0.749718,0.544730,0.408394,67.9302
2025-08-29T11:20:52,0.749450,0.544730,0.408248,67.9711
2025-08-29T11:20:52,0.749987,0.544730,0.408540,68.0119
2025-08-29T11:20:52,0.748644,0.544730,0.407809,68.0527
2025-08-29T11:20:52,0.749718,0.544730,0.408394,68.0935
2025-08-29T11:20:52,0.749987,0.553660,0.415238,68.1351
2025-08-29T11:20:53,0.749718,0.553660,0.415089,68.1766
2025-08-29T11:20:53,0.749450,0.544730,0.408248,68.2174
2025-08-29T11:20:53,0.749450,0.535800,0.401555,68.2575
2025-08-29T11:20:53,0.749987,0.535800,0.401843,68.2977
2025-08-29T11:20:54,0.748644,0.544730,0.407809,68.3385
2025-08-29T11:20:54,0.748644,0.535800,0.401123,68.3786
2025-08-29T11:20:54,0.748913,0.535800,0.401267,68.4188
2025-08-29T11:20:54,0.749718,0.544730,0.408394,68.4596
2025-08-29T11:20:54,0.749718,0.553660,0.415089,68.5011
2025-08-29T11:20:55,0.748644,0.544730,0.407809,68.5419
2025-08-29T11:20:55,0.749181,0.544730,0.408101,68.5827
2025-08-29T11:20:55,0.749450,0.544730,0.408248,68.6235
2025-08-29T11:20:55,0.749987,0.544730,0.408540,68.6644
2025-08-29T11:20:55,0.748913,0.544730,0.407955,68.7052
2025-08-29T11:20:56,0.749450,0.535800,0.401555,68.7453
2025-08-29T11:20:56,0.749987,0.544730,0.408540,68.7862
2025-08-29T11:20:56,0.748913,0.535800,0.401267,68.8263
2025-08-29T11:20:56,0.749987,0.544730,0.408540,68.8672
2025-08-29T11:20:57,0.749718,0.544730,0.408394,68.9080
2025-08-29T11:20:57,0.749718,0.535800,0.401699,68.9482
2025-08-29T11:20:57,0.749718,0.544730,0.408394,68.9890
2025-08-29T11:20:57,0.749718,0.544730,0.408394,69.0298
2025-08-29T11:20:57,0.749718,0.535800,0.401699,69.0700
2025-08-29T11:20:58,0.749450,0.553660,0.414940,69.1115
2025-08-29T11:20:58,0.748913,0.535800,0.401267,69.1516
2025-08-29T11:20:58,0.748644,0.544730,0.407809,69.1924
2025-08-29T11:20:58,0.749718,0.535800,0.401699,69.2326
2025-08-29T11:20:58,0.748913,0.535800,0.401267,69.2727
2025-08-29T11:20:59,0.748913,0.544730,0.407955,69.3135
2025-08-29T11:20:59,0.749450,0.544730,0.408248,69.3543
2025-08-29T11:20:59,0.748913,0.544730,0.407955,69.3951
2025-08-29T11:20:59,0.749987,0.544730,0.408540,69.4360
2025-08-29T11:20:59,0.748644,0.544730,0.407809,69.4768
2025-08-29T11:21:00,0.749181,0.535800,0.401411,69.5169
2025-08-29T11:21:00,0.748644,0.526870,0.394438,69.5563
2025-08-29T11:21:00,0.748644,0.535800,0.401123,69.5965
2025-08-29T11:21:00,0.749987,0.535800,0.401843,69.6366
2025-08-29T11:21:01,0.873821,0.723330,0.632061,69.6998
2025-08-29T11:21:01,0.749718,0.535800,0.401699,69.7400
2025-08-29T11:21:01,0.748913,0.544730,0.407955,69.7808
2025-08-29T11:21:01,0.749181,0.535800,0.401411,69.8210
2025-08-29T11:21:01,0.748644,0.535800,0.401123,69.8611
2025-08-29T11:21:01,0.749450,0.544730,0.408248,69.9019
2025-08-29T11:21:02,0.749718,0.544730,0.408394,69.9427
2025-08-29T11:21:02,0.749987,0.535800,0.401843,69.9829
2025-08-29T11:21:02,0.748913,0.535800,0.401267,70.0230
2025-08-29T11:21:02,0.749718,0.535800,0.401699,70.0632
2025-08-29T11:21:03,0.749181,0.535800,0.401411,70.1034
2025-08-29T11:21:03,0.748644,0.544730,0.407809,70.1441
2025-08-29T11:21:03,0.749718,0.535800,0.401699,70.1843
2025-08-29T11:21:03,0.748644,0.544730,0.407809,70.2251
2025-08-29T11:21:03,0.749987,0.544730,0.408540,70.2659
2025-08-29T11:21:04,0.749718,0.544730,0.408394,70.3068
2025-08-29T11:21:04,0.749718,0.544730,0.408394,70.3476
2025-08-29T11:21:04,0.748913,0.535800,0.401267,70.3877
2025-08-29T11:21:04,0.749987,0.535800,0.401843,70.4279
2025-08-29T11:21:04,0.749181,0.544730,0.408101,70.4687
2025-08-29T11:21:05,0.794578,0.634030,0.503786,70.5191
2025-08-29T11:21:05,0.749450,0.535800,0.401555,70.5593
2025-08-29T11:21:05,0.748913,0.544730,0.407955,70.6001
2025-08-29T11:21:05,0.748913,0.544730,0.407955,70.6409
2025-08-29T11:21:05,0.749987,0.544730,0.408540,70.6817
2025-08-29T11:21:06,0.749718,0.535800,0.401699,70.7219
2025-08-29T11:21:06,0.749987,0.535800,0.401843,70.7621
2025-08-29T11:21:06,0.748644,0.544730,0.407809,70.8029
2025-08-29T11:21:06,0.749450,0.544730,0.408248,70.8437
2025-08-29T11:21:07,0.749450,0.544730,0.408248,70.8845
2025-08-29T11:21:07,0.748644,0.535800,0.401123,70.9246
2025-08-29T11:21:07,0.749987,0.535800,0.401843,70.9648
2025-08-29T11:21:07,0.749181,0.535800,0.401411,71.0049
2025-08-29T11:21:07,0.749181,0.535800,0.401411,71.0451
2025-08-29T11:21:08,0.749450,0.535800,0.401555,71.0852
2025-08-29T11:21:08,0.749181,0.535800,0.401411,71.1254
2025-08-29T11:21:08,0.748913,0.535800,0.401267,71.1655
2025-08-29T11:21:08,0.749718,0.535800,0.401699,71.2057
2025-08-29T11:21:09,0.749987,0.544730,0.408540,71.2465
2025-08-29T11:21:09,0.749987,0.544730,0.408540,71.2874
2025-08-29T11:21:09,0.749450,0.535800,0.401555,71.3275
2025-08-29T11:21:09,0.749987,0.544730,0.408540,71.3684
2025-08-29T11:21:09,0.749181,0.535800,0.401411,71.4085
2025-08-29T11:21:10,0.748913,0.544730,0.407955,71.4493
2025-08-29T11:21:10,0.749987,0.544730,0.408540,71.4902
2025-08-29T11:21:10,0.749987,0.544730,0.408540,71.5310
2025-08-29T11:21:10,0.749718,0.544730,0.408394,71.5719
2025-08-29T11:21:10,0.749718,0.535800,0.401699,71.6120
2025-08-29T11:21:11,0.749987,0.544730,0.408540,71.6529
2025-08-29T11:21:11,0.748913,0.544730,0.407955,71.6937
2025-08-29T11:21:11,0.749987,0.535800,0.401843,71.7339
2025-08-29T11:21:11,0.749718,0.535800,0.401699,71.7741
2025-08-29T11:21:11,0.749450,0.544730,0.408248,71.8149
2025-08-29T11:21:12,0.748644,0.544730,0.407809,71.8557
2025-08-29T11:21:12,0.749450,0.535800,0.401555,71.8958
2025-08-29T11:21:12,0.749450,0.535800,0.401555,71.9360
2025-08-29T11:21:12,0.749450,0.544730,0.408248,71.9768
2025-08-29T11:21:13,0.749181,0.535800,0.401411,72.0169
2025-08-29T11:21:13,0.749450,0.544730,0.408248,72.0578
2025-08-29T11:21:13,0.749450,0.544730,0.408248,72.0986
2025-08-29T11:21:13,0.749181,0.544730,0.408101,72.1394
2025-08-29T11:21:13,0.749718,0.544730,0.408394,72.1802
2025-08-29T11:21:14,0.748913,0.544730,0.407955,72.2210
2025-08-29T11:21:14,0.752136,0.544730,0.409711,72.2620
2025-08-29T11:21:14,0.748644,0.544730,0.407809,72.3028
2025-08-29T11:21:14,0.749450,0.544730,0.408248,72.3436
2025-08-29T11:21:15,0.748913,0.544730,0.407955,72.3844
2025-08-29T11:21:15,0.748913,0.544730,0.407955,72.4252
2025-08-29T11:21:15,0.749450,0.526870,0.394863,72.4647
