,time,voltage,current,cpuload
11,1758017447.614,5,0.52,0
78,1758017467.731,5,0.51,0
79,1758017468.018,5,0.51,0
80,1758017468.32,5,0.55,0
81,1758017468.62,5,0.52,0
82,1758017468.923,5,0.54,0
83,1758017469.225,5,0.51,0
84,1758017469.52,5,0.55,0
85,1758017469.822,5,0.52,0
86,1758017470.139,5,0.52,0
87,1758017470.426,5,0.55,0
88,1758017470.718,5,0.52,0
89,1758017471.019,5,0.52,0
90,1758017471.318,5,0.52,0
91,1758017471.625,5,0.52,0
92,1758017471.92,5,0.52,0
93,1758017472.245,5,0.52,0
94,1758017472.52,5,0.52,0
95,1758017472.825,5,0.52,0
96,1758017473.118,5,0.52,0
97,1758017473.419,5,0.52,0
98,1758017473.721,5,0.52,0
99,1758017474.024,5,0.52,0
100,1758017474.324,5,0.55,0
101,1758017474.619,5,0.55,0
102,1758017474.923,5,0.52,0
103,1758017475.218,5,0.51,0
104,1758017475.522,5,0.52,0
105,1758017475.82,5,0.52,0
106,1758017476.116,5,0.52,0
107,1758017476.421,5,0.52,0
108,1758017476.718,5,0.52,0
109,1758017477.02,5,0.52,0
110,1758017477.32,5,0.51,0
111,1758017477.623,5,0.52,0
112,1758017477.925,5,0.52,0
113,1758017478.219,5,0.52,0
114,1758017478.524,5,0.52,0
115,1758017478.839,5,0.52,0
116,1758017479.12,5,0.52,0
117,1758017479.421,5,0.52,0
118,1758017479.722,5,0.52,0
119,1758017480.022,5,0.52,0
120,1758017480.318,5,0.52,0
121,1758017480.618,5,0.52,0
122,1758017480.943,5,0.52,0
123,1758017481.22,5,0.52,0
124,1758017481.524,5,0.53,0
125,1758017481.825,5,0.52,0
126,1758017482.125,5,0.52,0
127,1758017482.422,5,0.52,0
128,1758017482.718,5,0.52,0
129,1758017483.023,5,0.52,0
130,1758017483.32,5,0.52,0
131,1758017483.622,5,0.52,0
132,1758017483.926,5,0.57,0
133,1758017484.217,5,0.52,0
134,1758017484.521,5,0.54,0
135,1758017484.823,5,0.52,0
136,1758017485.12,5,0.55,0
137,1758017485.421,5,0.55,0
138,1758017485.725,5,0.52,0
139,1758017486.022,5,0.55,0
140,1758017486.323,5,0.52,0
141,1758017486.623,5,0.55,0
142,1758017486.925,5,0.52,0
143,1758017487.224,5,0.55,0
144,1758017487.539,5,0.51,0
145,1758017487.816,5,0.51,0
146,1758017488.122,5,0.56,0
147,1758017488.415,5,0.51,0
148,1758017488.718,5,0.57,0
149,1758017489.018,5,0.51,0
150,1758017489.319,5,0.56,0
151,1758017489.624,5,0.51,0
152,1758017489.922,5,0.51,0
153,1758017490.229,5,0.56,0
154,1758017490.518,5,0.52,0
155,1758017490.822,5,0.58,0
156,1758017491.12,5,0.51,0
157,1758017491.422,5,0.57,0
158,1758017491.728,5,0.52,0
159,1758017492.037,5,0.57,0
160,1758017492.319,5,0.57,0
161,1758017492.622,5,0.52,0
162,1758017492.921,5,0.57,0
163,1758017493.219,5,0.52,0
164,1758017493.521,5,0.55,0
165,1758017493.821,5,0.52,0
166,1758017494.128,5,0.56,0
167,1758017494.423,5,0.56,0
168,1758017494.72,5,0.52,0
169,1758017495.022,5,0.56,0
170,1758017495.318,5,0.59,0
171,1758017495.621,5,0.55,0
172,1758017495.918,5,0.52,0
173,1758017496.225,5,0.54,0
174,1758017496.542,5,0.54,0
175,1758017496.822,5,0.52,0
176,1758017497.122,5,0.54,0
177,1758017497.423,5,0.52,0
178,1758017497.721,5,0.53,0
179,1758017498.019,5,0.52,0
180,1758017498.318,5,0.53,0
181,1758017498.648,5,0.51,0
182,1758017498.923,5,0.51,0
183,1758017499.221,5,0.53,0
184,1758017499.521,5,0.51,0
185,1758017499.819,5,0.53,0
186,1758017500.122,5,0.51,0
187,1758017500.43,5,0.54,0
188,1758017500.725,5,0.51,0
189,1758017501.02,5,0.51,0
190,1758017501.321,5,0.52,0
191,1758017501.618,5,0.51,0
192,1758017501.921,5,0.52,0
193,1758017502.219,5,0.51,0
194,1758017502.524,5,0.52,0
195,1758017502.819,5,0.52,0
196,1758017503.137,5,0.52,0
197,1758017503.42,5,0.52,0
198,1758017503.721,5,0.52,0
199,1758017504.023,5,0.52,0
200,1758017504.324,5,0.51,0
201,1758017504.617,5,0.52,0
202,1758017504.917,5,0.52,0
203,1758017505.244,5,0.52,0
204,1758017505.521,5,0.52,0
205,1758017505.819,5,0.51,0
206,1758017506.125,5,0.52,0
207,1758017506.426,5,0.51,0
208,1758017506.719,5,0.62,0
209,1758017507.019,5,0.52,0
210,1758017507.341,5,0.52,0
211,1758017507.623,5,0.52,0
212,1758017507.925,5,0.52,0
213,1758017508.222,5,0.51,0
214,1758017508.52,5,0.52,0
215,1758017508.821,5,0.51,0
216,1758017509.118,5,0.52,0
217,1758017509.424,5,0.51,0
218,1758017509.72,5,0.51,0
219,1758017510.022,5,0.51,0
220,1758017510.32,5,0.51,0
221,1758017510.62,5,0.52,0
222,1758017510.923,5,0.51,0
223,1758017511.22,5,0.52,0
224,1758017511.522,5,0.52,0
225,1758017511.838,5,0.52,0
226,1758017512.12,5,0.52,0
227,1758017512.425,5,0.52,0
228,1758017512.723,5,0.53,0
229,1758017513.024,5,0.52,0
230,1758017513.324,5,0.54,0
231,1758017513.623,5,0.52,0
232,1758017513.934,5,0.54,0
233,1758017514.22,5,0.54,0
234,1758017514.522,5,0.51,0
235,1758017514.824,5,0.54,0
236,1758017515.122,5,0.51,0
237,1758017515.419,5,0.54,0
238,1758017515.722,5,0.51,0
239,1758017516.018,5,0.54,0
240,1758017516.321,5,0.54,0
241,1758017516.619,5,0.52,0
242,1758017516.922,5,0.55,0
243,1758017517.22,5,0.52,0
244,1758017517.52,5,0.57,0
245,1758017517.823,5,0.52,0
246,1758017518.124,5,0.65,0
247,1758017518.434,5,0.65,0
248,1758017518.716,5,0.52,0
249,1758017519.023,5,0.57,0
250,1758017519.32,5,0.51,0
251,1758017519.624,5,0.57,0
252,1758017519.917,5,0.52,0
253,1758017520.221,5,0.57,0
254,1758017520.53,5,0.51,0
255,1758017520.818,5,0.51,0
256,1758017521.123,5,0.57,0
257,1758017521.419,5,0.51,0
258,1758017521.72,5,0.57,0
259,1758017522.021,5,0.51,0
260,1758017522.327,5,0.55,0
261,1758017522.621,5,0.51,0
262,1758017522.924,5,0.51,0
263,1758017523.217,5,0.55,0
264,1758017523.524,5,0.51,0
265,1758017523.82,5,0.62,0
266,1758017524.117,5,0.52,0
267,1758017524.421,5,0.55,0
268,1758017524.716,5,0.52,0
269,1758017525.038,5,0.54,0
270,1758017525.319,5,0.54,0
271,1758017525.619,5,0.52,0
272,1758017525.917,5,0.54,0
273,1758017526.221,5,0.52,0
274,1758017526.514,5,0.53,0
275,1758017526.816,5,0.52,0
276,1758017527.136,5,0.52,0
277,1758017527.415,5,0.52,0
278,1758017527.718,5,0.52,0
279,1758017528.018,5,0.51,0
280,1758017528.318,5,0.51,0
281,1758017528.622,5,0.51,0
282,1758017528.919,5,0.51,0
283,1758017529.223,5,0.51,0
284,1758017529.522,5,0.51,0
285,1758017529.82,5,0.58,0
286,1758017530.116,5,0.51,0
287,1758017530.418,5,0.52,0
288,1758017530.715,5,0.51,0
289,1758017531.018,5,0.52,0
290,1758017531.318,5,0.51,0
291,1758017531.615,5,0.51,0
292,1758017531.915,5,0.51,0
293,1758017532.221,5,0.57,0
294,1758017532.521,5,0.52,0
295,1758017532.82,5,0.51,0
296,1758017533.12,5,0.51,0
297,1758017533.424,5,0.51,0
298,1758017533.714,5,0.51,0
299,1758017534.017,5,0.52,0
300,1758017534.316,5,0.51,0
301,1758017534.617,5,0.51,0
302,1758017534.92,5,0.52,0
303,1758017535.216,5,0.52,0
304,1758017535.517,5,0.51,0
305,1758017535.833,5,0.51,0
306,1758017536.115,5,0.51,0
307,1758017536.417,5,0.52,0
308,1758017536.715,5,0.51,0
309,1758017537.017,5,0.51,0
310,1758017537.317,5,0.52,0
311,1758017537.62,5,0.51,0
312,1758017537.92,5,0.51,0
313,1758017538.217,5,0.51,0
314,1758017538.523,5,0.51,0
315,1758017538.818,5,0.53,0
316,1758017539.119,5,0.52,0
317,1758017539.415,5,0.53,0
318,1758017539.72,5,0.51,0
319,1758017540.022,5,0.62,0
320,1758017540.336,5,0.51,0
321,1758017540.621,5,0.51,0
322,1758017540.917,5,0.54,0
323,1758017541.22,5,0.59,0
324,1758017541.518,5,0.55,0
325,1758017541.814,5,0.51,0
326,1758017542.121,5,0.54,0
327,1758017542.418,5,0.51,0
328,1758017542.715,5,0.51,0
329,1758017543.019,5,0.54,0
330,1758017543.321,5,0.51,0
331,1758017543.617,5,0.55,0
332,1758017543.919,5,0.51,0
333,1758017544.221,5,0.55,0
334,1758017544.518,5,0.51,0
335,1758017544.814,5,0.51,0
336,1758017545.117,5,0.57,0
337,1758017545.421,5,0.51,0
338,1758017545.722,5,0.57,0
339,1758017546.017,5,0.51,0
340,1758017546.317,5,0.57,0
341,1758017546.614,5,0.52,0
342,1758017546.932,5,0.6,0
343,1758017547.22,5,0.6,0
344,1758017547.516,5,0.51,0
345,1758017547.817,5,0.57,0
346,1758017548.12,5,0.51,0
347,1758017548.415,5,0.55,0
348,1758017548.719,5,0.51,0
349,1758017549.015,5,0.57,0
350,1758017549.318,5,0.57,0
351,1758017549.62,5,0.51,0
352,1758017549.924,5,0.56,0
353,1758017550.219,5,0.51,0
354,1758017550.522,5,0.54,0
355,1758017550.82,5,0.51,0
356,1758017551.119,5,0.54,0
357,1758017551.415,5,0.54,0
358,1758017551.719,5,0.51,0
359,1758017552.015,5,0.54,0
360,1758017552.322,5,0.51,0
361,1758017552.615,5,0.54,0
362,1758017552.914,5,0.52,0
363,1758017553.215,5,0.53,0
364,1758017553.531,5,0.51,0
365,1758017553.819,5,0.51,0
366,1758017554.115,5,0.53,0
367,1758017554.417,5,0.51,0
368,1758017554.715,5,0.54,0
369,1758017555.016,5,0.51,0
370,1758017555.318,5,0.51,0
371,1758017555.618,5,0.51,0
372,1758017555.918,5,0.51,0
373,1758017556.217,5,0.51,0
374,1758017556.525,5,0.52,0
375,1758017556.819,5,0.52,0
376,1758017557.118,5,0.51,0
377,1758017557.418,5,0.51,0
378,1758017557.719,5,0.51,0
379,1758017558.039,5,0.51,0
380,1758017558.327,5,0.51,0
381,1758017558.616,5,0.51,0
382,1758017558.925,5,0.51,0
383,1758017559.215,5,0.51,0
384,1758017559.522,5,0.51,0
385,1758017559.824,5,0.51,0
386,1758017560.121,5,0.51,0
387,1758017560.417,5,0.51,0
388,1758017560.718,5,0.51,0
389,1758017561.015,5,0.51,0
390,1758017561.32,5,0.51,0
391,1758017561.62,5,0.51,0
392,1758017561.915,5,0.51,0
393,1758017562.218,5,0.51,0
394,1758017562.545,5,0.51,0
395,1758017562.821,5,0.51,0
396,1758017563.117,5,0.51,0
397,1758017563.416,5,0.52,0
398,1758017563.718,5,0.51,0
399,1758017564.019,5,0.51,0
400,1758017564.322,5,0.54,0
401,1758017564.629,5,0.51,0
402,1758017564.918,5,0.51,0
403,1758017565.218,5,0.51,0
404,1758017565.518,5,0.51,0
405,1758017565.817,5,0.51,0
406,1758017566.116,5,0.51,0
407,1758017566.42,5,0.51,0
408,1758017566.721,5,0.51,0
409,1758017567.023,5,0.51,0
411,1758017567.619,5,0.52,10
412,1758017567.919,5,0.65,10
413,1758017568.218,5,0.66,10
414,1758017568.518,5,0.65,10
415,1758017568.815,5,0.72,10
416,1758017569.138,5,0.72,10
417,1758017569.421,5,0.65,10
418,1758017569.721,5,0.66,10
419,1758017570.015,5,0.73,10
420,1758017570.323,5,0.66,10
421,1758017570.622,5,0.65,10
422,1758017570.918,5,0.73,10
423,1758017571.222,5,0.65,10
424,1758017571.514,5,0.65,10
425,1758017571.821,5,0.65,10
426,1758017572.123,5,0.67,10
427,1758017572.42,5,0.65,10
428,1758017572.72,5,0.65,10
429,1758017573.022,5,0.63,10
430,1758017573.322,5,0.52,10
431,1758017573.613,5,0.52,10
432,1758017573.918,5,0.66,10
433,1758017574.221,5,0.65,10
434,1758017574.519,5,0.66,10
435,1758017574.821,5,0.74,10
436,1758017575.117,5,0.66,10
437,1758017575.418,5,0.65,10
438,1758017575.713,5,0.65,10
439,1758017576.017,5,0.7,10
440,1758017576.32,5,0.73,10
441,1758017576.619,5,0.66,10
442,1758017576.917,5,0.66,10
443,1758017577.219,5,0.74,10
444,1758017577.515,5,0.66,10
445,1758017577.838,5,0.66,10
446,1758017578.122,5,0.66,10
447,1758017578.419,5,0.73,10
448,1758017578.715,5,0.62,10
449,1758017579.022,5,0.58,10
450,1758017579.317,5,0.55,10
451,1758017579.616,5,0.61,10
452,1758017579.924,5,0.54,10
453,1758017580.217,5,0.54,10
454,1758017580.518,5,0.61,10
455,1758017580.815,5,0.65,10
456,1758017581.119,5,0.72,10
457,1758017581.416,5,0.71,10
458,1758017581.718,5,0.66,10
459,1758017582.017,5,0.66,10
460,1758017582.311,5,0.66,10
461,1758017582.615,5,0.72,10
462,1758017582.916,5,0.66,10
463,1758017583.218,5,0.66,10
464,1758017583.518,5,0.66,10
465,1758017583.815,5,0.7,10
466,1758017584.119,5,0.66,10
467,1758017584.427,5,0.65,10
468,1758017584.721,5,0.65,10
469,1758017585.018,5,0.74,10
470,1758017585.318,5,0.65,10
471,1758017585.617,5,0.66,10
472,1758017585.925,5,0.65,10
473,1758017586.222,5,0.66,10
474,1758017586.519,5,0.72,10
475,1758017586.815,5,0.72,10
476,1758017587.118,5,0.66,10
477,1758017587.418,5,0.66,10
478,1758017587.716,5,0.72,10
479,1758017588.016,5,0.66,10
480,1758017588.318,5,0.66,10
481,1758017588.618,5,0.66,10
482,1758017588.916,5,0.66,10
483,1758017589.222,5,0.71,10
484,1758017589.519,5,0.66,10
485,1758017589.819,5,0.66,10
486,1758017590.115,5,0.66,10
487,1758017590.419,5,0.67,10
488,1758017590.716,5,0.52,10
489,1758017591.036,5,0.66,10
490,1758017591.316,5,0.66,10
491,1758017591.616,5,0.66,10
492,1758017591.916,5,0.69,10
493,1758017592.22,5,0.66,10
494,1758017592.518,5,0.66,10
495,1758017592.818,5,0.69,10
496,1758017593.12,5,0.66,10
497,1758017593.415,5,0.66,10
498,1758017593.718,5,0.66,10
499,1758017594.019,5,0.66,10
500,1758017594.319,5,0.72,10
501,1758017594.616,5,0.66,10
502,1758017594.918,5,0.66,10
503,1758017595.22,5,0.68,10
504,1758017595.515,5,0.68,10
505,1758017595.814,5,0.75,10
506,1758017596.121,5,0.66,10
507,1758017596.412,5,0.66,10
508,1758017596.719,5,0.66,10
509,1758017597.017,5,0.75,10
510,1758017597.314,5,0.66,10
511,1758017597.63,5,0.66,10
512,1758017597.919,5,0.66,10
513,1758017598.216,5,0.66,10
514,1758017598.52,5,0.72,10
515,1758017598.817,5,0.66,10
516,1758017599.119,5,0.66,10
517,1758017599.417,5,0.72,10
518,1758017599.724,5,0.66,10
519,1758017600.019,5,0.66,10
520,1758017600.312,5,0.66,10
521,1758017600.62,5,0.74,10
522,1758017600.919,5,0.66,10
523,1758017601.214,5,0.66,10
524,1758017601.515,5,0.62,10
525,1758017601.825,5,0.66,10
526,1758017602.119,5,0.66,10
527,1758017602.416,5,0.7,10
528,1758017602.721,5,0.66,10
529,1758017603.02,5,0.66,10
530,1758017603.317,5,0.66,10
531,1758017603.618,5,0.72,10
532,1758017603.92,5,0.66,10
533,1758017604.215,5,0.66,10
534,1758017604.52,5,0.66,10
535,1758017604.814,5,0.74,10
536,1758017605.12,5,0.67,10
537,1758017605.418,5,0.66,10
538,1758017605.715,5,0.66,10
539,1758017606.018,5,0.74,10
540,1758017606.331,5,0.66,10
541,1758017606.62,5,0.66,10
542,1758017606.921,5,0.66,10
543,1758017607.22,5,0.66,10
544,1758017607.515,5,0.72,10
545,1758017607.818,5,0.66,10
546,1758017608.115,5,0.66,10
547,1758017608.426,5,0.66,10
548,1758017608.72,5,0.66,10
549,1758017609.014,5,0.7,10
550,1758017609.322,5,0.66,10
551,1758017609.618,5,0.66,10
552,1758017609.919,5,0.66,10
553,1758017610.223,5,0.75,10
554,1758017610.517,5,0.66,10
555,1758017610.814,5,0.66,10
556,1758017611.121,5,0.66,10
557,1758017611.423,5,0.73,10
558,1758017611.715,5,0.66,10
559,1758017612.018,5,0.59,10
560,1758017612.323,5,0.52,10
561,1758017612.623,5,0.66,10
562,1758017612.914,5,0.66,10
563,1758017613.217,5,0.66,10
564,1758017613.515,5,0.66,10
565,1758017613.814,5,0.73,10
566,1758017614.118,5,0.66,10
567,1758017614.419,5,0.66,10
568,1758017614.724,5,0.72,10
569,1758017615.041,5,0.66,10
570,1758017615.32,5,0.66,10
571,1758017615.617,5,0.66,10
572,1758017615.92,5,0.74,10
573,1758017616.221,5,0.66,10
574,1758017616.519,5,0.66,10
575,1758017616.818,5,0.66,10
576,1758017617.122,5,0.67,10
577,1758017617.418,5,0.67,10
578,1758017617.723,5,0.61,10
579,1758017618.015,5,0.66,10
580,1758017618.316,5,0.66,10
581,1758017618.615,5,0.66,10
582,1758017618.917,5,0.72,10
583,1758017619.218,5,0.66,10
584,1758017619.513,5,0.66,10
585,1758017619.82,5,0.66,10
586,1758017620.118,5,0.67,10
587,1758017620.419,5,0.67,10
588,1758017620.716,5,0.66,10
589,1758017621.02,5,0.66,10
590,1758017621.316,5,0.67,10
591,1758017621.638,5,0.66,10
592,1758017621.917,5,0.66,10
593,1758017622.219,5,0.67,10
594,1758017622.521,5,0.74,10
595,1758017622.816,5,0.6,10
596,1758017623.118,5,0.66,10
597,1758017623.42,5,0.66,10
598,1758017623.731,5,0.66,10
599,1758017624.017,5,0.66,10
600,1758017624.319,5,0.66,10
601,1758017624.623,5,0.66,10
602,1758017624.918,5,0.66,10
603,1758017625.222,5,0.67,10
604,1758017625.52,5,0.66,10
605,1758017625.825,5,0.67,10
606,1758017626.135,5,0.66,10
607,1758017626.418,5,0.66,10
608,1758017626.719,5,0.75,10
609,1758017627.021,5,0.66,10
610,1758017627.322,5,0.66,10
611,1758017627.622,5,0.7,10
612,1758017627.919,5,0.66,10
613,1758017628.23,5,0.66,10
614,1758017628.521,5,0.66,10
615,1758017628.823,5,0.66,10
616,1758017629.12,5,0.66,10
617,1758017629.419,5,0.75,10
618,1758017629.722,5,0.66,10
619,1758017630.02,5,0.66,10
620,1758017630.322,5,0.74,10
621,1758017630.622,5,0.74,10
622,1758017630.923,5,0.66,10
623,1758017631.22,5,0.66,10
624,1758017631.522,5,0.66,10
625,1758017631.819,5,0.67,10
626,1758017632.117,5,0.66,10
627,1758017632.414,5,0.66,10
628,1758017632.717,5,0.66,10
629,1758017633.021,5,0.67,10
630,1758017633.322,5,0.59,10
631,1758017633.616,5,0.66,10
632,1758017633.923,5,0.74,10
633,1758017634.22,5,0.66,10
634,1758017634.53,5,0.66,10
635,1758017634.818,5,0.66,10
636,1758017635.121,5,0.73,10
637,1758017635.422,5,0.66,10
638,1758017635.721,5,0.66,10
639,1758017636.023,5,0.74,10
640,1758017636.325,5,0.66,10
641,1758017636.618,5,0.66,10
642,1758017636.917,5,0.66,10
643,1758017637.223,5,0.67,10
644,1758017637.521,5,0.66,10
645,1758017637.819,5,0.66,10
646,1758017638.125,5,0.66,10
647,1758017638.419,5,0.64,10
648,1758017638.728,5,0.53,10
649,1758017639.041,5,0.66,10
650,1758017639.322,5,0.66,10
651,1758017639.622,5,0.66,10
652,1758017639.919,5,0.66,10
653,1758017640.215,5,0.66,10
654,1758017640.522,5,0.66,10
655,1758017640.825,5,0.66,10
656,1758017641.124,5,0.73,10
657,1758017641.426,5,0.73,10
658,1758017641.719,5,0.66,10
659,1758017642.022,5,0.66,10
660,1758017642.319,5,0.74,10
661,1758017642.622,5,0.66,10
662,1758017642.922,5,0.66,10
663,1758017643.222,5,0.74,10
664,1758017643.536,5,0.66,10
665,1758017643.826,5,0.66,10
666,1758017644.123,5,0.66,10
667,1758017644.42,5,0.62,10
668,1758017644.721,5,0.53,10
669,1758017645.027,5,0.62,10
670,1758017645.32,5,0.66,10
671,1758017645.628,5,0.72,10
672,1758017645.925,5,0.72,10
673,1758017646.221,5,0.67,10
674,1758017646.522,5,0.66,10
675,1758017646.819,5,0.66,10
676,1758017647.122,5,0.66,10
742,1758017666.922,5,0.64,20
743,1758017667.224,5,0.71,20
744,1758017667.52,5,0.74,20
745,1758017667.823,5,0.74,20
746,1758017668.125,5,0.67,20
747,1758017668.426,5,0.74,20
748,1758017668.717,5,0.66,20
749,1758017669.021,5,0.71,20
750,1758017669.323,5,0.72,20
751,1758017669.626,5,0.66,20
752,1758017669.941,5,0.66,20
753,1758017670.22,5,0.72,20
754,1758017670.519,5,0.66,20
755,1758017670.816,5,0.73,20
756,1758017671.122,5,0.66,20
757,1758017671.421,5,0.74,20
758,1758017671.725,5,0.68,20
759,1758017672.044,5,0.68,20
760,1758017672.318,5,0.56,20
761,1758017672.618,5,0.67,20
762,1758017672.926,5,0.74,20
763,1758017673.226,5,0.7,20
764,1758017673.522,5,0.74,20
765,1758017673.823,5,0.68,20
766,1758017674.132,5,0.66,20
767,1758017674.422,5,0.66,20
768,1758017674.718,5,0.74,20
769,1758017675.022,5,0.66,20
770,1758017675.321,5,0.74,20
771,1758017675.619,5,0.69,20
772,1758017675.929,5,0.66,20
773,1758017676.223,5,0.73,20
774,1758017676.516,5,0.73,20
775,1758017676.828,5,0.66,20
776,1758017677.119,5,0.72,20
777,1758017677.419,5,0.66,20
778,1758017677.724,5,0.66,20
779,1758017678.029,5,0.77,20
780,1758017678.315,5,0.67,20
781,1758017678.64,5,0.67,20
782,1758017678.921,5,0.67,20
783,1758017679.222,5,0.74,20
784,1758017679.52,5,0.67,20
785,1758017679.823,5,0.66,20
786,1758017680.12,5,0.74,20
787,1758017680.421,5,0.67,20
788,1758017680.726,5,0.74,20
789,1758017681.021,5,0.74,20
790,1758017681.321,5,0.68,20
791,1758017681.619,5,0.7,20
792,1758017681.923,5,0.66,20
793,1758017682.222,5,0.67,20
794,1758017682.524,5,0.7,20
795,1758017682.821,5,0.71,20
796,1758017683.142,5,0.71,20
797,1758017683.421,5,0.63,20
798,1758017683.721,5,0.71,20
799,1758017684.025,5,0.66,20
800,1758017684.323,5,0.74,20
801,1758017684.624,5,0.66,20
802,1758017684.919,5,0.69,20
803,1758017685.245,5,0.66,20
804,1758017685.519,5,0.66,20
805,1758017685.823,5,0.66,20
806,1758017686.12,5,0.72,20
807,1758017686.419,5,0.66,20
808,1758017686.723,5,0.69,20
809,1758017687.023,5,0.75,20
810,1758017687.328,5,0.66,20
811,1758017687.626,5,0.66,20
812,1758017687.924,5,0.74,20
813,1758017688.22,5,0.66,20
814,1758017688.522,5,0.57,20
815,1758017688.822,5,0.72,20
816,1758017689.122,5,0.66,20
817,1758017689.437,5,0.66,20
818,1758017689.724,5,0.66,20
819,1758017690.022,5,0.74,20
820,1758017690.32,5,0.66,20
821,1758017690.621,5,0.74,20
822,1758017690.915,5,0.66,20
823,1758017691.223,5,0.74,20
824,1758017691.525,5,0.67,20
825,1758017691.812,5,0.67,20
826,1758017692.12,5,0.74,20
827,1758017692.421,5,0.73,20
828,1758017692.719,5,0.66,20
829,1758017693.018,5,0.74,20
830,1758017693.319,5,0.7,20
831,1758017693.619,5,0.56,20
832,1758017693.915,5,0.56,20
833,1758017694.215,5,0.54,20
834,1758017694.52,5,0.66,20
835,1758017694.82,5,0.72,20
836,1758017695.124,5,0.66,20
837,1758017695.421,5,0.66,20
838,1758017695.722,5,0.67,20
839,1758017696.044,5,0.66,20
840,1758017696.323,5,0.66,20
841,1758017696.621,5,0.72,20
842,1758017696.92,5,0.66,20
843,1758017697.221,5,0.7,20
844,1758017697.518,5,0.74,20
845,1758017697.82,5,0.67,20
846,1758017698.122,5,0.74,20
847,1758017698.419,5,0.74,20
848,1758017698.721,5,0.67,20
849,1758017699.02,5,0.74,20
850,1758017699.318,5,0.65,20
851,1758017699.619,5,0.58,20
852,1758017699.918,5,0.63,20
853,1758017700.227,5,0.66,20
854,1758017700.536,5,0.66,20
855,1758017700.822,5,0.74,20
856,1758017701.121,5,0.66,20
857,1758017701.417,5,0.71,20
858,1758017701.719,5,0.66,20
859,1758017702.018,5,0.73,20
860,1758017702.32,5,0.66,20
861,1758017702.633,5,0.66,20
862,1758017702.922,5,0.66,20
863,1758017703.218,5,0.67,20
864,1758017703.515,5,0.67,20
865,1758017703.819,5,0.72,20
866,1758017704.119,5,0.67,20
867,1758017704.416,5,0.66,20
868,1758017704.713,5,0.75,20
869,1758017705.017,5,0.75,20
870,1758017705.318,5,0.67,20
871,1758017705.618,5,0.67,20
872,1758017705.921,5,0.74,20
873,1758017706.226,5,0.71,20
874,1758017706.519,5,0.67,20
875,1758017706.82,5,0.76,20
876,1758017707.134,5,0.66,20
877,1758017707.417,5,0.66,20
878,1758017707.716,5,0.69,20
879,1758017708.021,5,0.74,20
880,1758017708.323,5,0.66,20
881,1758017708.617,5,0.68,20
882,1758017708.921,5,0.66,20
883,1758017709.221,5,0.74,20
884,1758017709.521,5,0.74,20
885,1758017709.82,5,0.66,20
886,1758017710.114,5,0.74,20
887,1758017710.418,5,0.71,20
888,1758017710.718,5,0.61,20
889,1758017711.014,5,0.66,20
890,1758017711.317,5,0.66,20
891,1758017711.633,5,0.66,20
892,1758017711.923,5,0.66,20
893,1758017712.214,5,0.74,20
894,1758017712.518,5,0.73,20
895,1758017712.814,5,0.74,20
896,1758017713.121,5,0.66,20
897,1758017713.418,5,0.73,20
898,1758017713.725,5,0.66,20
899,1758017714.018,5,0.66,20
900,1758017714.315,5,0.69,20
901,1758017714.619,5,0.75,20
902,1758017714.914,5,0.66,20
903,1758017715.221,5,0.75,20
904,1758017715.517,5,0.67,20
905,1758017715.82,5,0.75,20
906,1758017716.112,5,0.75,20
907,1758017716.419,5,0.63,20
908,1758017716.716,5,0.73,20
909,1758017717.018,5,0.66,20
910,1758017717.317,5,0.73,20
911,1758017717.617,5,0.66,20
912,1758017717.914,5,0.66,20
913,1758017718.224,5,0.73,20
914,1758017718.515,5,0.73,20
915,1758017718.823,5,0.66,20
916,1758017719.121,5,0.71,20
917,1758017719.42,5,0.68,20
918,1758017719.723,5,0.71,20
919,1758017720.019,5,0.75,20
920,1758017720.315,5,0.66,20
921,1758017720.621,5,0.66,20
922,1758017720.915,5,0.74,20
923,1758017721.221,5,0.66,20
924,1758017721.518,5,0.57,20
925,1758017721.818,5,0.57,20
926,1758017722.118,5,0.66,20
927,1758017722.419,5,0.66,20
928,1758017722.716,5,0.66,20
929,1758017723.016,5,0.74,20
930,1758017723.32,5,0.7,20
931,1758017723.618,5,0.75,20
932,1758017723.92,5,0.66,20
933,1758017724.217,5,0.72,20
934,1758017724.524,5,0.66,20
935,1758017724.834,5,0.66,20
936,1758017725.119,5,0.66,20
937,1758017725.416,5,0.72,20
938,1758017725.716,5,0.66,20
939,1758017726.026,5,0.72,20
940,1758017726.316,5,0.67,20
941,1758017726.622,5,0.74,20
942,1758017726.918,5,0.71,20
943,1758017727.22,5,0.71,20
944,1758017727.517,5,0.61,20
945,1758017727.822,5,0.66,20
946,1758017728.116,5,0.67,20
947,1758017728.417,5,0.74,20
948,1758017728.721,5,0.72,20
949,1758017729.021,5,0.66,20
950,1758017729.317,5,0.66,20
951,1758017729.614,5,0.74,20
952,1758017729.916,5,0.66,20
953,1758017730.216,5,0.73,20
954,1758017730.52,5,0.66,20
955,1758017730.822,5,0.68,20
956,1758017731.12,5,0.66,20
957,1758017731.433,5,0.66,20
958,1758017731.717,5,0.66,20
959,1758017732.017,5,0.73,20
960,1758017732.32,5,0.67,20
961,1758017732.62,5,0.69,20
962,1758017732.914,5,0.75,20
963,1758017733.215,5,0.67,20
964,1758017733.525,5,0.75,20
965,1758017733.818,5,0.75,20
966,1758017734.115,5,0.67,20
967,1758017734.416,5,0.66,20
968,1758017734.718,5,0.74,20
969,1758017735.018,5,0.66,20
970,1758017735.317,5,0.74,20
971,1758017735.621,5,0.69,20
972,1758017735.919,5,0.69,20
973,1758017736.219,5,0.66,20
974,1758017736.515,5,0.73,20
975,1758017736.82,5,0.66,20
976,1758017737.117,5,0.75,20
977,1758017737.417,5,0.66,20
978,1758017737.717,5,0.65,20
979,1758017738.02,5,0.65,20
980,1758017738.321,5,0.74,20
981,1758017738.618,5,0.66,20
982,1758017738.92,5,0.66,20
983,1758017739.215,5,0.72,20
984,1758017739.516,5,0.66,20
985,1758017739.816,5,0.7,20
986,1758017740.143,5,0.7,20
987,1758017740.418,5,0.71,20
988,1758017740.72,5,0.74,20
989,1758017741.021,5,0.74,20
990,1758017741.325,5,0.66,20
991,1758017741.619,5,0.73,20
992,1758017741.92,5,0.66,20
993,1758017742.22,5,0.68,20
994,1758017742.517,5,0.68,20
995,1758017742.823,5,0.75,20
996,1758017743.12,5,0.57,20
997,1758017743.42,5,0.66,20
998,1758017743.716,5,0.74,20
999,1758017744.023,5,0.66,20
1000,1758017744.319,5,0.74,20
1001,1758017744.622,5,0.74,20
1002,1758017744.919,5,0.68,20
1003,1758017745.222,5,0.68,20
1004,1758017745.519,5,0.75,20
1005,1758017745.816,5,0.69,20
1006,1758017746.114,5,0.74,20
1007,1758017746.416,5,0.71,20
1008,1758017746.719,5,0.71,20
1077,1758017767.422,5,0.66,30
1078,1758017767.721,5,0.75,30
1079,1758017768.018,5,0.75,30
1080,1758017768.325,5,0.75,30
1081,1758017768.633,5,0.74,30
1082,1758017768.921,5,0.74,30
1083,1758017769.217,5,0.74,30
1084,1758017769.516,5,0.7,30
1085,1758017769.818,5,0.67,30
1086,1758017770.116,5,0.69,30
1087,1758017770.42,5,0.68,30
1088,1758017770.723,5,0.71,30
1089,1758017771.018,5,0.71,30
1090,1758017771.321,5,0.73,30
1091,1758017771.622,5,0.74,30
1092,1758017771.919,5,0.75,30
1093,1758017772.216,5,0.63,30
1094,1758017772.518,5,0.61,30
1095,1758017772.818,5,0.74,30
1096,1758017773.115,5,0.74,30
1097,1758017773.415,5,0.75,30
1098,1758017773.717,5,0.7,30
1099,1758017774.02,5,0.68,30
1100,1758017774.322,5,0.71,30
1101,1758017774.618,5,0.73,30
1102,1758017774.918,5,0.74,30
1103,1758017775.23,5,0.74,30
1104,1758017775.518,5,0.74,30
1105,1758017775.816,5,0.72,30
1106,1758017776.121,5,0.74,30
1107,1758017776.42,5,0.67,30
1108,1758017776.716,5,0.71,30
1109,1758017777.017,5,0.73,30
1110,1758017777.317,5,0.71,30
1111,1758017777.616,5,0.71,30
1112,1758017777.919,5,0.66,30
1113,1758017778.216,5,0.61,30
1114,1758017778.517,5,0.74,30
1115,1758017778.819,5,0.72,30
1116,1758017779.116,5,0.74,30
1117,1758017779.418,5,0.72,30
1118,1758017779.712,5,0.72,30
1119,1758017780.02,5,0.72,30
1120,1758017780.316,5,0.68,30
1121,1758017780.624,5,0.67,30
1122,1758017780.915,5,0.75,30
1123,1758017781.222,5,0.75,30
1124,1758017781.517,5,0.73,30
1125,1758017781.827,5,0.74,30
1126,1758017782.117,5,0.74,30
1127,1758017782.42,5,0.75,30
1128,1758017782.72,5,0.75,30
1129,1758017783.017,5,0.69,30
1130,1758017783.325,5,0.66,30
1131,1758017783.619,5,0.68,30
1132,1758017783.918,5,0.67,30
1133,1758017784.217,5,0.67,30
1134,1758017784.518,5,0.67,30
1135,1758017784.817,5,0.71,30
1136,1758017785.117,5,0.75,30
1137,1758017785.417,5,0.75,30
1138,1758017785.718,5,0.75,30
1139,1758017786.014,5,0.69,30
1140,1758017786.333,5,0.69,30
1141,1758017786.62,5,0.69,30
1142,1758017786.919,5,0.67,30
1143,1758017787.221,5,0.67,30
1144,1758017787.521,5,0.67,30
1145,1758017787.82,5,0.74,30
1146,1758017788.124,5,0.71,30
1147,1758017788.419,5,0.71,30
1148,1758017788.723,5,0.71,30
1149,1758017789.021,5,0.75,30
1150,1758017789.313,5,0.74,30
1151,1758017789.619,5,0.72,30
1152,1758017789.921,5,0.74,30
1153,1758017790.22,5,0.67,30
1154,1758017790.517,5,0.67,30
1155,1758017790.815,5,0.67,30
1156,1758017791.119,5,0.72,30
1157,1758017791.418,5,0.73,30
1158,1758017791.718,5,0.74,30
1159,1758017792.017,5,0.71,30
1160,1758017792.322,5,0.75,30
1161,1758017792.619,5,0.75,30
1162,1758017792.933,5,0.67,30
1163,1758017793.213,5,0.67,30
1164,1758017793.52,5,0.67,30
1165,1758017793.822,5,0.61,30
1166,1758017794.119,5,0.73,30
1167,1758017794.421,5,0.72,30
1168,1758017794.715,5,0.66,30
1169,1758017795.021,5,0.72,30
1170,1758017795.318,5,0.72,30
1171,1758017795.62,5,0.75,30
1172,1758017795.921,5,0.75,30
1173,1758017796.224,5,0.75,30
1174,1758017796.525,5,0.72,30
1175,1758017796.819,5,0.73,30
1176,1758017797.118,5,0.73,30
1177,1758017797.438,5,0.66,30
1178,1758017797.72,5,0.66,30
1179,1758017798.018,5,0.67,30
1180,1758017798.315,5,0.67,30
1181,1758017798.622,5,0.72,30
1182,1758017798.921,5,0.66,30
1183,1758017799.219,5,0.75,30
1184,1758017799.532,5,0.75,30
1185,1758017799.822,5,0.75,30
1186,1758017800.12,5,0.74,30
1187,1758017800.423,5,0.74,30
1188,1758017800.739,5,0.74,30
1189,1758017801.018,5,0.74,30
1190,1758017801.32,5,0.67,30
1191,1758017801.628,5,0.67,30
1192,1758017801.913,5,0.67,30
1193,1758017802.218,5,0.75,30
1194,1758017802.521,5,0.75,30
1195,1758017802.823,5,0.75,30
1196,1758017803.115,5,0.72,30
1197,1758017803.425,5,0.74,30
1198,1758017803.717,5,0.68,30
1199,1758017804.038,5,0.73,30
1200,1758017804.321,5,0.73,30
1201,1758017804.62,5,0.72,30
1202,1758017804.922,5,0.68,30
1203,1758017805.226,5,0.7,30
1204,1758017805.526,5,0.66,30
1205,1758017805.82,5,0.75,30
1206,1758017806.125,5,0.75,30
1207,1758017806.423,5,0.75,30
1208,1758017806.723,5,0.74,30
1209,1758017807.021,5,0.75,30
1210,1758017807.316,5,0.75,30
1211,1758017807.616,5,0.74,30
1212,1758017807.924,5,0.7,30
1213,1758017808.22,5,0.68,30
1214,1758017808.543,5,0.68,30
1215,1758017808.819,5,0.68,30
1216,1758017809.125,5,0.67,30
1217,1758017809.425,5,0.68,30
1218,1758017809.719,5,0.72,30
1219,1758017810.025,5,0.75,30
1220,1758017810.318,5,0.73,30
1221,1758017810.636,5,0.75,30
1222,1758017810.925,5,0.75,30
1223,1758017811.222,5,0.75,30
1224,1758017811.524,5,0.66,30
1225,1758017811.821,5,0.67,30
1226,1758017812.123,5,0.67,30
1227,1758017812.426,5,0.7,30
1228,1758017812.727,5,0.74,30
1229,1758017813.017,5,0.74,30
1230,1758017813.321,5,0.73,30
1231,1758017813.622,5,0.75,30
1232,1758017813.925,5,0.75,30
1233,1758017814.221,5,0.64,30
1234,1758017814.522,5,0.75,30
1235,1758017814.819,5,0.7,30
1236,1758017815.143,5,0.73,30
1237,1758017815.422,5,0.73,30
1238,1758017815.723,5,0.7,30
1239,1758017816.02,5,0.68,30
1240,1758017816.322,5,0.73,30
1241,1758017816.626,5,0.76,30
1242,1758017816.926,5,0.75,30
1243,1758017817.243,5,0.76,30
1244,1758017817.523,5,0.76,30
1245,1758017817.82,5,0.75,30
1246,1758017818.121,5,0.67,30
1247,1758017818.422,5,0.67,30
1248,1758017818.721,5,0.67,30
1249,1758017819.023,5,0.68,30
1250,1758017819.325,5,0.66,30
1251,1758017819.623,5,0.66,30
1252,1758017819.92,5,0.72,30
1253,1758017820.217,5,0.74,30
1254,1758017820.523,5,0.73,30
1255,1758017820.823,5,0.73,30
1256,1758017821.125,5,0.73,30
1257,1758017821.421,5,0.75,30
1258,1758017821.718,5,0.75,30
1259,1758017822.019,5,0.7,30
1260,1758017822.319,5,0.67,30
1261,1758017822.622,5,0.75,30
1262,1758017822.923,5,0.75,30
1263,1758017823.219,5,0.75,30
1264,1758017823.522,5,0.74,30
1265,1758017823.841,5,0.71,30
1266,1758017824.127,5,0.71,30
1267,1758017824.425,5,0.72,30
1268,1758017824.72,5,0.72,30
1269,1758017825.02,5,0.78,30
1270,1758017825.319,5,0.72,30
1271,1758017825.62,5,0.73,30
1272,1758017825.925,5,0.69,30
1273,1758017826.217,5,0.69,30
1274,1758017826.525,5,0.72,30
1275,1758017826.82,5,0.75,30
1276,1758017827.12,5,0.75,30
1277,1758017827.425,5,0.75,30
1278,1758017827.718,5,0.74,30
1279,1758017828.017,5,0.74,30
1280,1758017828.345,5,0.75,30
1281,1758017828.625,5,0.75,30
1282,1758017828.923,5,0.67,30
1283,1758017829.223,5,0.67,30
1284,1758017829.522,5,0.69,30
1285,1758017829.82,5,0.67,30
1286,1758017830.128,5,0.67,30
1287,1758017830.426,5,0.67,30
1288,1758017830.724,5,0.67,30
1289,1758017831.023,5,0.74,30
1290,1758017831.322,5,0.73,30
1291,1758017831.624,5,0.73,30
1292,1758017831.925,5,0.68,30
1293,1758017832.221,5,0.69,30
1294,1758017832.521,5,0.7,30
1295,1758017832.816,5,0.7,30
1296,1758017833.12,5,0.67,30
1297,1758017833.418,5,0.75,30
1298,1758017833.719,5,0.74,30
1299,1758017834.024,5,0.75,30
1300,1758017834.325,5,0.74,30
1301,1758017834.627,5,0.65,30
1302,1758017834.917,5,0.65,30
1303,1758017835.22,5,0.67,30
1304,1758017835.517,5,0.67,30
1305,1758017835.824,5,0.75,30
1306,1758017836.125,5,0.75,30
1307,1758017836.421,5,0.74,30
1308,1758017836.719,5,0.75,30
1309,1758017837.033,5,0.74,30
1310,1758017837.325,5,0.74,30
1311,1758017837.627,5,0.75,30
1312,1758017837.923,5,0.68,30
1313,1758017838.219,5,0.68,30
1314,1758017838.52,5,0.71,30
1315,1758017838.822,5,0.74,30
1316,1758017839.127,5,0.75,30
1317,1758017839.448,5,0.75,30
1318,1758017839.724,5,0.73,30
1319,1758017840.023,5,0.73,30
1320,1758017840.328,5,0.68,30
1321,1758017840.631,5,0.75,30
1322,1758017840.926,5,0.73,30
1323,1758017841.222,5,0.73,30
1324,1758017841.542,5,0.73,30
1325,1758017841.826,5,0.73,30
1326,1758017842.123,5,0.74,30
1327,1758017842.418,5,0.75,30
1328,1758017842.726,5,0.67,30
1329,1758017843.022,5,0.67,30
1330,1758017843.326,5,0.76,30
1331,1758017843.633,5,0.75,30
1332,1758017843.925,5,0.75,30
1333,1758017844.22,5,0.75,30
1334,1758017844.521,5,0.71,30
1335,1758017844.821,5,0.74,30
1336,1758017845.125,5,0.67,30
1337,1758017845.422,5,0.65,30
1338,1758017845.722,5,0.65,30
1339,1758017846.016,5,0.65,30
1340,1758017846.321,5,0.67,30
1341,1758017846.625,5,0.67,30
1342,1758017846.921,5,0.67,30
1410,1758017867.32,5,0.75,40
1411,1758017867.62,5,0.73,40
1412,1758017867.939,5,0.73,40
1413,1758017868.221,5,0.75,40
1414,1758017868.522,5,0.73,40
1415,1758017868.823,5,0.75,40
1416,1758017869.117,5,0.74,40
1417,1758017869.415,5,0.74,40
1418,1758017869.716,5,0.71,40
1419,1758017870.039,5,0.76,40
1420,1758017870.322,5,0.76,40
1421,1758017870.618,5,0.75,40
1422,1758017870.921,5,0.75,40
1423,1758017871.219,5,0.7,40
1424,1758017871.523,5,0.75,40
1425,1758017871.818,5,0.69,40
1426,1758017872.12,5,0.75,40
1427,1758017872.417,5,0.75,40
1428,1758017872.726,5,0.74,40
1429,1758017873.018,5,0.74,40
1430,1758017873.319,5,0.73,40
1431,1758017873.621,5,0.69,40
1432,1758017873.914,5,0.73,40
1433,1758017874.222,5,0.73,40
1434,1758017874.521,5,0.73,40
1435,1758017874.817,5,0.73,40
1436,1758017875.118,5,0.72,40
1437,1758017875.417,5,0.75,40
1438,1758017875.714,5,0.75,40
1439,1758017876.019,5,0.73,40
1440,1758017876.318,5,0.75,40
1441,1758017876.612,5,0.75,40
1442,1758017876.915,5,0.71,40
1443,1758017877.216,5,0.73,40
1444,1758017877.517,5,0.75,40
1445,1758017877.819,5,0.75,40
1446,1758017878.116,5,0.7,40
1447,1758017878.42,5,0.75,40
1448,1758017878.737,5,0.75,40
1449,1758017879.02,5,0.75,40
1450,1758017879.315,5,0.7,40
1451,1758017879.621,5,0.73,40
1452,1758017879.916,5,0.72,40
1453,1758017880.218,5,0.72,40
1454,1758017880.518,5,0.71,40
1455,1758017880.823,5,0.73,40
1456,1758017881.116,5,0.73,40
1457,1758017881.422,5,0.73,40
1458,1758017881.716,5,0.75,40
1459,1758017882.02,5,0.72,40
1460,1758017882.322,5,0.73,40
1461,1758017882.615,5,0.75,40
1462,1758017882.921,5,0.74,40
1463,1758017883.236,5,0.75,40
1464,1758017883.511,5,0.75,40
1465,1758017883.816,5,0.75,40
1466,1758017884.117,5,0.75,40
1467,1758017884.42,5,0.7,40
1468,1758017884.716,5,0.75,40
1469,1758017885.016,5,0.71,40
1470,1758017885.326,5,0.75,40
1471,1758017885.614,5,0.75,40
1472,1758017885.916,5,0.74,40
1473,1758017886.222,5,0.73,40
1474,1758017886.515,5,0.73,40
1475,1758017886.822,5,0.75,40
1476,1758017887.118,5,0.72,40
1477,1758017887.418,5,0.71,40
1478,1758017887.717,5,0.71,40
1479,1758017888.018,5,0.68,40
1480,1758017888.321,5,0.71,40
1481,1758017888.616,5,0.75,40
1482,1758017888.918,5,0.74,40
1483,1758017889.221,5,0.75,40
1484,1758017889.515,5,0.71,40
1485,1758017889.817,5,0.71,40
1486,1758017890.116,5,0.75,40
1487,1758017890.418,5,0.72,40
1488,1758017890.719,5,0.75,40
1489,1758017891.016,5,0.74,40
1490,1758017891.324,5,0.75,40
1491,1758017891.62,5,0.73,40
1492,1758017891.933,5,0.73,40
1493,1758017892.216,5,0.75,40
1494,1758017892.517,5,0.73,40
1495,1758017892.816,5,0.71,40
1496,1758017893.118,5,0.69,40
1497,1758017893.415,5,0.76,40
1498,1758017893.717,5,0.73,40
1499,1758017894.027,5,0.75,40
1500,1758017894.318,5,0.75,40
1501,1758017894.619,5,0.75,40
1502,1758017894.917,5,0.73,40
1503,1758017895.216,5,0.75,40
1504,1758017895.52,5,0.73,40
1505,1758017895.813,5,0.77,40
1506,1758017896.118,5,0.75,40
1507,1758017896.414,5,0.75,40
1508,1758017896.718,5,0.75,40
1509,1758017897.022,5,0.74,40
1510,1758017897.316,5,0.75,40
1511,1758017897.618,5,0.74,40
1512,1758017897.913,5,0.72,40
1513,1758017898.219,5,0.7,40
1514,1758017898.531,5,0.74,40
1515,1758017898.822,5,0.74,40
1516,1758017899.121,5,0.71,40
1517,1758017899.417,5,0.77,40
1518,1758017899.716,5,0.75,40
1519,1758017900.018,5,0.75,40
1520,1758017900.32,5,0.75,40
1521,1758017900.623,5,0.73,40
1522,1758017900.922,5,0.73,40
1523,1758017901.218,5,0.75,40
1524,1758017901.513,5,0.72,40
1525,1758017901.817,5,0.75,40
1526,1758017902.119,5,0.72,40
1527,1758017902.419,5,0.75,40
1528,1758017902.713,5,0.75,40
1529,1758017903.016,5,0.75,40
1530,1758017903.316,5,0.72,40
1531,1758017903.618,5,0.63,40
1532,1758017903.919,5,0.68,40
1533,1758017904.217,5,0.72,40
1534,1758017904.519,5,0.73,40
1535,1758017904.82,5,0.75,40
1536,1758017905.138,5,0.72,40
1537,1758017905.423,5,0.72,40
1538,1758017905.724,5,0.76,40
1539,1758017906.019,5,0.72,40
1540,1758017906.324,5,0.75,40
1541,1758017906.619,5,0.73,40
1542,1758017906.926,5,0.75,40
1543,1758017907.221,5,0.73,40
1544,1758017907.519,5,0.73,40
1545,1758017907.82,5,0.75,40
1546,1758017908.124,5,0.75,40
1547,1758017908.424,5,0.71,40
1548,1758017908.725,5,0.74,40
1549,1758017909.022,5,0.74,40
1550,1758017909.322,5,0.75,40
1551,1758017909.61,5,0.75,40
1552,1758017909.923,5,0.75,40
1553,1758017910.219,5,0.71,40
1554,1758017910.516,5,0.75,40
1555,1758017910.817,5,0.72,40
1556,1758017911.119,5,0.73,40
1557,1758017911.419,5,0.73,40
1558,1758017911.738,5,0.73,40
1559,1758017912.021,5,0.73,40
1560,1758017912.32,5,0.73,40
1561,1758017912.618,5,0.75,40
1562,1758017912.92,5,0.72,40
1563,1758017913.218,5,0.71,40
1564,1758017913.522,5,0.71,40
1565,1758017913.825,5,0.73,40
1566,1758017914.12,5,0.73,40
1567,1758017914.422,5,0.67,40
1568,1758017914.72,5,0.74,40
1569,1758017915.019,5,0.73,40
1570,1758017915.322,5,0.78,40
1571,1758017915.619,5,0.76,40
1572,1758017915.919,5,0.72,40
1573,1758017916.217,5,0.72,40
1574,1758017916.518,5,0.75,40
1575,1758017916.822,5,0.75,40
1576,1758017917.117,5,0.76,40
1577,1758017917.417,5,0.73,40
1578,1758017917.717,5,0.75,40
1579,1758017918.025,5,0.72,40
1580,1758017918.333,5,0.73,40
1581,1758017918.62,5,0.73,40
1582,1758017918.919,5,0.75,40
1583,1758017919.22,5,0.73,40
1584,1758017919.524,5,0.69,40
1585,1758017919.82,5,0.74,40
1586,1758017920.118,5,0.74,40
1587,1758017920.423,5,0.73,40
1588,1758017920.714,5,0.73,40
1589,1758017921.016,5,0.74,40
1590,1758017921.317,5,0.72,40
1591,1758017921.62,5,0.78,40
1592,1758017921.916,5,0.75,40
1593,1758017922.219,5,0.76,40
1594,1758017922.521,5,0.75,40
1595,1758017922.835,5,0.72,40
1596,1758017923.116,5,0.72,40
1597,1758017923.425,5,0.76,40
1598,1758017923.717,5,0.72,40
1599,1758017924.019,5,0.74,40
1600,1758017924.316,5,0.73,40
1601,1758017924.615,5,0.66,40
1602,1758017924.923,5,0.73,40
1603,1758017925.216,5,0.73,40
1604,1758017925.52,5,0.75,40
1605,1758017925.823,5,0.75,40
1606,1758017926.12,5,0.76,40
1607,1758017926.42,5,0.73,40
1608,1758017926.716,5,0.75,40
1609,1758017927.016,5,0.76,40
1610,1758017927.319,5,0.76,40
1611,1758017927.614,5,0.75,40
1612,1758017927.92,5,0.72,40
1613,1758017928.218,5,0.76,40
1614,1758017928.52,5,0.75,40
1615,1758017928.819,5,0.71,40
1616,1758017929.122,5,0.72,40
1617,1758017929.433,5,0.72,40
1618,1758017929.723,5,0.75,40
1619,1758017930.02,5,0.7,40
1620,1758017930.32,5,0.73,40
1621,1758017930.618,5,0.76,40
1622,1758017930.917,5,0.76,40
1623,1758017931.22,5,0.74,40
1624,1758017931.53,5,0.75,40
1625,1758017931.82,5,0.75,40
1626,1758017932.12,5,0.76,40
1627,1758017932.417,5,0.75,40
1628,1758017932.721,5,0.74,40
1629,1758017933.018,5,0.73,40
1630,1758017933.319,5,0.73,40
1631,1758017933.62,5,0.73,40
1632,1758017933.92,5,0.73,40
1633,1758017934.222,5,0.74,40
1634,1758017934.521,5,0.73,40
1635,1758017934.823,5,0.75,40
1636,1758017935.118,5,0.75,40
1637,1758017935.424,5,0.75,40
1638,1758017935.727,5,0.74,40
1639,1758017936.024,5,0.74,40
1640,1758017936.322,5,0.72,40
1641,1758017936.616,5,0.75,40
1642,1758017936.917,5,0.71,40
1643,1758017937.219,5,0.73,40
1644,1758017937.524,5,0.75,40
1645,1758017937.818,5,0.72,40
1646,1758017938.111,5,0.72,40
1647,1758017938.417,5,0.76,40
1648,1758017938.715,5,0.75,40
1649,1758017939.016,5,0.74,40
1650,1758017939.321,5,0.71,40
1651,1758017939.615,5,0.76,40
1652,1758017939.915,5,0.73,40
1653,1758017940.227,5,0.75,40
1654,1758017940.513,5,0.75,40
1655,1758017940.821,5,0.75,40
1656,1758017941.117,5,0.75,40
1657,1758017941.421,5,0.75,40
1658,1758017941.715,5,0.75,40
1659,1758017942.02,5,0.7,40
1660,1758017942.318,5,0.75,40
1661,1758017942.614,5,0.75,40
1662,1758017942.92,5,0.75,40
1663,1758017943.218,5,0.7,40
1664,1758017943.519,5,0.76,40
1665,1758017943.819,5,0.75,40
1666,1758017944.119,5,0.75,40
1667,1758017944.417,5,0.73,40
1668,1758017944.71,5,0.73,40
1669,1758017945.018,5,0.75,40
1670,1758017945.32,5,0.71,40
1671,1758017945.615,5,0.71,40
1672,1758017945.914,5,0.75,40
1673,1758017946.217,5,0.76,40
1674,1758017946.516,5,0.7,40
1675,1758017946.838,5,0.76,40
1744,1758017967.52,5,0.78,50
1745,1758017967.818,5,0.73,50
1746,1758017968.122,5,0.77,50
1747,1758017968.421,5,0.73,50
1748,1758017968.719,5,0.76,50
1749,1758017969.021,5,0.76,50
1750,1758017969.315,5,0.72,50
1751,1758017969.622,5,0.77,50
1752,1758017969.916,5,0.75,50
1753,1758017970.219,5,0.73,50
1754,1758017970.518,5,0.75,50
1755,1758017970.821,5,0.74,50
1756,1758017971.109,5,0.74,50
1757,1758017971.417,5,0.77,50
1758,1758017971.714,5,0.73,50
1759,1758017972.019,5,0.78,50
1760,1758017972.318,5,0.65,50
1761,1758017972.618,5,0.74,50
1762,1758017972.924,5,0.76,50
1763,1758017973.225,5,0.71,50
1764,1758017973.515,5,0.71,50
1765,1758017973.813,5,0.76,50
1766,1758017974.118,5,0.75,50
1767,1758017974.423,5,0.74,50
1768,1758017974.725,5,0.76,50
1769,1758017975.018,5,0.71,50
1770,1758017975.326,5,0.77,50
1771,1758017975.615,5,0.77,50
1772,1758017975.916,5,0.73,50
1773,1758017976.218,5,0.78,50
1774,1758017976.518,5,0.75,50
1775,1758017976.82,5,0.75,50
1776,1758017977.12,5,0.76,50
1777,1758017977.418,5,0.69,50
1778,1758017977.744,5,0.76,50
1779,1758017978.016,5,0.76,50
1780,1758017978.316,5,0.78,50
1781,1758017978.62,5,0.74,50
1782,1758017978.922,5,0.76,50
1783,1758017979.216,5,0.73,50
1784,1758017979.525,5,0.81,50
1785,1758017979.829,5,0.73,50
1786,1758017980.122,5,0.73,50
1787,1758017980.424,5,0.78,50
1788,1758017980.723,5,0.75,50
1789,1758017981.021,5,0.78,50
1790,1758017981.322,5,0.75,50
1791,1758017981.621,5,0.78,50
1792,1758017981.918,5,0.76,50
1793,1758017982.212,5,0.76,50
1794,1758017982.519,5,0.74,50
1795,1758017982.823,5,0.76,50
1796,1758017983.124,5,0.76,50
1797,1758017983.427,5,0.74,50
1798,1758017983.721,5,0.76,50
1799,1758017984.018,5,0.73,50
1800,1758017984.327,5,0.79,50
1801,1758017984.617,5,0.79,50
1802,1758017984.918,5,0.75,50
1803,1758017985.219,5,0.74,50
1804,1758017985.518,5,0.75,50
1805,1758017985.818,5,0.75,50
1806,1758017986.12,5,0.77,50
1807,1758017986.415,5,0.73,50
1808,1758017986.718,5,0.73,50
1809,1758017987.019,5,0.77,50
1810,1758017987.317,5,0.71,50
1811,1758017987.614,5,0.78,50
1812,1758017987.923,5,0.69,50
1813,1758017988.219,5,0.77,50
1814,1758017988.521,5,0.72,50
1815,1758017988.834,5,0.72,50
1816,1758017989.117,5,0.78,50
1817,1758017989.42,5,0.74,50
1818,1758017989.719,5,0.79,50
1819,1758017990.018,5,0.74,50
1820,1758017990.319,5,0.75,50
1821,1758017990.618,5,0.76,50
1822,1758017990.925,5,0.77,50
1823,1758017991.222,5,0.77,50
1824,1758017991.523,5,0.8,50
1825,1758017991.817,5,0.71,50
1826,1758017992.118,5,0.78,50
1827,1758017992.419,5,0.73,50
1828,1758017992.723,5,0.81,50
1829,1758017993.025,5,0.75,50
1830,1758017993.315,5,0.75,50
1831,1758017993.617,5,0.76,50
1832,1758017993.92,5,0.75,50
1833,1758017994.216,5,0.81,50
1834,1758017994.515,5,0.71,50
1835,1758017994.814,5,0.77,50
1836,1758017995.117,5,0.72,50
1837,1758017995.441,5,0.76,50
1838,1758017995.718,5,0.76,50
1839,1758017996.02,5,0.75,50
1840,1758017996.322,5,0.75,50
1841,1758017996.619,5,0.75,50
1842,1758017996.918,5,0.72,50
1843,1758017997.219,5,0.78,50
1844,1758017997.525,5,0.74,50
1845,1758017997.818,5,0.74,50
1846,1758017998.116,5,0.79,50
1847,1758017998.412,5,0.75,50
1848,1758017998.713,5,0.76,50
1849,1758017999.019,5,0.76,50
1850,1758017999.319,5,0.75,50
1851,1758017999.617,5,0.73,50
1852,1758017999.921,5,0.73,50
1853,1758018000.218,5,0.79,50
1854,1758018000.516,5,0.72,50
1855,1758018000.817,5,0.78,50
1856,1758018001.116,5,0.75,50
1857,1758018001.42,5,0.76,50
1858,1758018001.722,5,0.73,50
1859,1758018002.043,5,0.79,50
1860,1758018002.313,5,0.79,50
1861,1758018002.617,5,0.76,50
1862,1758018002.919,5,0.73,50
1863,1758018003.218,5,0.76,50
1864,1758018003.52,5,0.78,50
1865,1758018003.819,5,0.73,50
1866,1758018004.125,5,0.78,50
1867,1758018004.414,5,0.78,50
1868,1758018004.714,5,0.72,50
1869,1758018005.014,5,0.78,50
1870,1758018005.315,5,0.76,50
1871,1758018005.616,5,0.74,50
1872,1758018005.919,5,0.76,50
1873,1758018006.213,5,0.76,50
1874,1758018006.543,5,0.76,50
1875,1758018006.818,5,0.77,50
1876,1758018007.122,5,0.73,50
1877,1758018007.42,5,0.78,50
1878,1758018007.719,5,0.7,50
1879,1758018008.019,5,0.78,50
1880,1758018008.317,5,0.74,50
1881,1758018008.626,5,0.75,50
1882,1758018008.916,5,0.75,50
1883,1758018009.216,5,0.71,50
1884,1758018009.519,5,0.79,50
1885,1758018009.817,5,0.73,50
1886,1758018010.118,5,0.79,50
1887,1758018010.415,5,0.75,50
1888,1758018010.717,5,0.77,50
1889,1758018011.015,5,0.77,50
1890,1758018011.32,5,0.76,50
1891,1758018011.621,5,0.77,50
1892,1758018011.92,5,0.77,50
1893,1758018012.214,5,0.72,50
1894,1758018012.518,5,0.77,50
1895,1758018012.819,5,0.75,50
1896,1758018013.135,5,0.78,50
1897,1758018013.419,5,0.78,50
1898,1758018013.718,5,0.73,50
1899,1758018014.024,5,0.76,50
1900,1758018014.315,5,0.76,50
1901,1758018014.613,5,0.78,50
1902,1758018014.921,5,0.72,50
1903,1758018015.217,5,0.78,50
1904,1758018015.518,5,0.78,50
1905,1758018015.818,5,0.72,50
1906,1758018016.122,5,0.76,50
1907,1758018016.427,5,0.77,50
1908,1758018016.72,5,0.75,50
1909,1758018017.02,5,0.81,50
1910,1758018017.325,5,0.73,50
1911,1758018017.617,5,0.73,50
1912,1758018017.921,5,0.77,50
1913,1758018018.215,5,0.72,50
1914,1758018018.52,5,0.79,50
1915,1758018018.821,5,0.73,50
1916,1758018019.119,5,0.78,50
1917,1758018019.419,5,0.75,50
1918,1758018019.741,5,0.77,50
1919,1758018020.019,5,0.77,50
1920,1758018020.315,5,0.74,50
1921,1758018020.62,5,0.76,50
1922,1758018020.917,5,0.74,50
1923,1758018021.225,5,0.75,50
1924,1758018021.521,5,0.76,50
1925,1758018021.821,5,0.75,50
1926,1758018022.118,5,0.75,50
1927,1758018022.416,5,0.76,50
1928,1758018022.717,5,0.71,50
1929,1758018023.023,5,0.78,50
1930,1758018023.318,5,0.73,50
1931,1758018023.614,5,0.79,50
1932,1758018023.927,5,0.75,50
1933,1758018024.235,5,0.79,50
1934,1758018024.523,5,0.79,50
1935,1758018024.82,5,0.74,50
1936,1758018025.122,5,0.77,50
1937,1758018025.417,5,0.75,50
1938,1758018025.717,5,0.78,50
1939,1758018026.02,5,0.74,50
1940,1758018026.331,5,0.79,50
1941,1758018026.614,5,0.79,50
1942,1758018026.917,5,0.76,50
1943,1758018027.219,5,0.73,50
1944,1758018027.522,5,0.75,50
1945,1758018027.823,5,0.75,50
1946,1758018028.122,5,0.78,50
1947,1758018028.418,5,0.71,50
1948,1758018028.747,5,0.71,50
1949,1758018029.02,5,0.74,50
1950,1758018029.322,5,0.76,50
1951,1758018029.618,5,0.78,50
1952,1758018029.92,5,0.73,50
1953,1758018030.218,5,0.78,50
1954,1758018030.516,5,0.72,50
1955,1758018030.817,5,0.72,50
1956,1758018031.126,5,0.76,50
1957,1758018031.416,5,0.77,50
1958,1758018031.723,5,0.76,50
1959,1758018032.016,5,0.76,50
1960,1758018032.319,5,0.73,50
1961,1758018032.619,5,0.78,50
1962,1758018032.936,5,0.78,50
1963,1758018033.219,5,0.72,50
1964,1758018033.52,5,0.79,50
1965,1758018033.817,5,0.76,50
1966,1758018034.12,5,0.76,50
1967,1758018034.421,5,0.72,50
1968,1758018034.719,5,0.8,50
1969,1758018035.039,5,0.74,50
1970,1758018035.32,5,0.74,50
1971,1758018035.619,5,0.76,50
1972,1758018035.924,5,0.75,50
1973,1758018036.226,5,0.74,50
1974,1758018036.515,5,0.77,50
1975,1758018036.823,5,0.74,50
1976,1758018037.12,5,0.76,50
1977,1758018037.423,5,0.76,50
1978,1758018037.72,5,0.75,50
1979,1758018038.026,5,0.77,50
1980,1758018038.327,5,0.74,50
1981,1758018038.618,5,0.78,50
1982,1758018038.919,5,0.76,50
1983,1758018039.22,5,0.82,50
1984,1758018039.509,5,0.82,50
1985,1758018039.825,5,0.74,50
1986,1758018040.117,5,0.79,50
1987,1758018040.419,5,0.76,50
1988,1758018040.721,5,0.72,50
1989,1758018041.025,5,0.76,50
1990,1758018041.325,5,0.76,50
1991,1758018041.637,5,0.77,50
1992,1758018041.926,5,0.77,50
1993,1758018042.222,5,0.71,50
1994,1758018042.522,5,0.77,50
1995,1758018042.82,5,0.74,50
1996,1758018043.124,5,0.77,50
1997,1758018043.42,5,0.75,50
1998,1758018043.73,5,0.78,50
1999,1758018044.024,5,0.78,50
2000,1758018044.322,5,0.74,50
2001,1758018044.62,5,0.78,50
2002,1758018044.926,5,0.72,50
2003,1758018045.222,5,0.78,50
2004,1758018045.519,5,0.74,50
2005,1758018045.823,5,0.78,50
2006,1758018046.115,5,0.78,50
2007,1758018046.414,5,0.75,50
2008,1758018046.723,5,0.78,50
2009,1758018047.024,5,0.73,50
2077,1758018067.423,5,0.73,60
2078,1758018067.733,5,0.72,60
2079,1758018068.02,5,0.72,60
2080,1758018068.324,5,0.82,60
2081,1758018068.616,5,0.77,60
2082,1758018068.918,5,0.74,60
2083,1758018069.216,5,0.77,60
2084,1758018069.519,5,0.82,60
2085,1758018069.826,5,0.82,60
2086,1758018070.117,5,0.82,60
2087,1758018070.419,5,0.74,60
2088,1758018070.719,5,0.75,60
2089,1758018071.021,5,0.78,60
2090,1758018071.32,5,0.82,60
2091,1758018071.622,5,0.74,60
2092,1758018071.915,5,0.73,60
2093,1758018072.218,5,0.73,60
2094,1758018072.516,5,0.72,60
2095,1758018072.818,5,0.81,60
2096,1758018073.119,5,0.76,60
2097,1758018073.422,5,0.72,60
2098,1758018073.726,5,0.79,60
2099,1758018074.019,5,0.83,60
2100,1758018074.344,5,0.82,60
2101,1758018074.619,5,0.82,60
2102,1758018074.916,5,0.73,60
2103,1758018075.222,5,0.78,60
2104,1758018075.521,5,0.81,60
2105,1758018075.821,5,0.82,60
2106,1758018076.126,5,0.73,60
2107,1758018076.425,5,0.74,60
2108,1758018076.722,5,0.74,60
2109,1758018077.017,5,0.79,60
2110,1758018077.323,5,0.76,60
2111,1758018077.621,5,0.73,60
2112,1758018077.923,5,0.73,60
2113,1758018078.227,5,0.82,60
2114,1758018078.523,5,0.77,60
2115,1758018078.82,5,0.77,60
2116,1758018079.118,5,0.75,60
2117,1758018079.422,5,0.78,60
2118,1758018079.723,5,0.83,60
2119,1758018080.016,5,0.75,60
2120,1758018080.322,5,0.73,60
2121,1758018080.623,5,0.77,60
2122,1758018080.936,5,0.82,60
2123,1758018081.22,5,0.82,60
2124,1758018081.522,5,0.81,60
2125,1758018081.819,5,0.73,60
2126,1758018082.126,5,0.8,60
2127,1758018082.424,5,0.83,60
2128,1758018082.723,5,0.74,60
2129,1758018083.033,5,0.74,60
2130,1758018083.322,5,0.74,60
2131,1758018083.619,5,0.78,60
2132,1758018083.922,5,0.82,60
2133,1758018084.216,5,0.74,60
2134,1758018084.521,5,0.74,60
2135,1758018084.822,5,0.85,60
2136,1758018085.125,5,0.79,60
2137,1758018085.422,5,0.79,60
2138,1758018085.72,5,0.73,60
2139,1758018086.021,5,0.74,60
2140,1758018086.321,5,0.81,60
2141,1758018086.618,5,0.73,60
2142,1758018086.926,5,0.73,60
2143,1758018087.225,5,0.81,60
2144,1758018087.519,5,0.81,60
2145,1758018087.818,5,0.78,60
2146,1758018088.115,5,0.76,60
2147,1758018088.422,5,0.71,60
2148,1758018088.722,5,0.84,60
2149,1758018089.022,5,0.82,60
2150,1758018089.318,5,0.79,60
2151,1758018089.64,5,0.72,60
2152,1758018089.926,5,0.72,60
2153,1758018090.224,5,0.79,60
2154,1758018090.519,5,0.83,60
2155,1758018090.821,5,0.74,60
2156,1758018091.123,5,0.74,60
2157,1758018091.424,5,0.75,60
2158,1758018091.723,5,0.81,60
2159,1758018092.023,5,0.81,60
2160,1758018092.318,5,0.73,60
2161,1758018092.621,5,0.72,60
2162,1758018092.92,5,0.79,60
2163,1758018093.224,5,0.79,60
2164,1758018093.52,5,0.77,60
2165,1758018093.823,5,0.74,60
2166,1758018094.132,5,0.75,60
2167,1758018094.42,5,0.75,60
2168,1758018094.727,5,0.83,60
2169,1758018095.021,5,0.8,60
2170,1758018095.322,5,0.74,60
2171,1758018095.621,5,0.81,60
2172,1758018095.915,5,0.82,60
2173,1758018096.229,5,0.76,60
2174,1758018096.522,5,0.76,60
2175,1758018096.828,5,0.73,60
2176,1758018097.118,5,0.75,60
2177,1758018097.422,5,0.83,60
2178,1758018097.72,5,0.73,60
2179,1758018098.026,5,0.73,60
2180,1758018098.316,5,0.74,60
2181,1758018098.644,5,0.74,60
2182,1758018098.927,5,0.83,60
2183,1758018099.224,5,0.75,60
2184,1758018099.523,5,0.72,60
2185,1758018099.821,5,0.83,60
2186,1758018100.119,5,0.76,60
2187,1758018100.422,5,0.75,60
2188,1758018100.716,5,0.75,60
2189,1758018101.021,5,0.78,60
2190,1758018101.32,5,0.81,60
2191,1758018101.619,5,0.81,60
2192,1758018101.916,5,0.74,60
2193,1758018102.222,5,0.83,60
2194,1758018102.518,5,0.83,60
2195,1758018102.83,5,0.8,60
2196,1758018103.123,5,0.8,60
2197,1758018103.421,5,0.74,60
2198,1758018103.717,5,0.8,60
2199,1758018104.02,5,0.83,60
2200,1758018104.32,5,0.73,60
2201,1758018104.623,5,0.74,60
2202,1758018104.922,5,0.75,60
2203,1758018105.218,5,0.75,60
2204,1758018105.519,5,0.8,60
2205,1758018105.823,5,0.73,60
2206,1758018106.119,5,0.72,60
2207,1758018106.422,5,0.83,60
2208,1758018106.717,5,0.8,60
2209,1758018107.018,5,0.78,60
2210,1758018107.312,5,0.78,60
2211,1758018107.624,5,0.71,60
2212,1758018107.921,5,0.81,60
2213,1758018108.219,5,0.82,60
2214,1758018108.517,5,0.77,60
2215,1758018108.827,5,0.75,60
2216,1758018109.124,5,0.8,60
2217,1758018109.43,5,0.8,60
2218,1758018109.718,5,0.8,60
2219,1758018110.018,5,0.75,60
2220,1758018110.314,5,0.76,60
2221,1758018110.612,5,0.75,60
2222,1758018110.918,5,0.83,60
2223,1758018111.218,5,0.73,60
2224,1758018111.517,5,0.74,60
2225,1758018111.817,5,0.74,60
2226,1758018112.119,5,0.76,60
2227,1758018112.418,5,0.83,60
2228,1758018112.716,5,0.78,60
2229,1758018113.015,5,0.72,60
2230,1758018113.323,5,0.82,60
2231,1758018113.616,5,0.8,60
2232,1758018113.91,5,0.8,60
2233,1758018114.216,5,0.78,60
2234,1758018114.52,5,0.78,60
2235,1758018114.82,5,0.82,60
2236,1758018115.119,5,0.78,60
2237,1758018115.42,5,0.75,60
2238,1758018115.72,5,0.82,60
2239,1758018116.013,5,0.82,60
2240,1758018116.315,5,0.83,60
2241,1758018116.615,5,0.72,60
2242,1758018116.916,5,0.8,60
2243,1758018117.215,5,0.82,60
2244,1758018117.518,5,0.8,60
2245,1758018117.813,5,0.73,60
2246,1758018118.143,5,0.76,60
2247,1758018118.419,5,0.76,60
2248,1758018118.718,5,0.81,60
2249,1758018119.018,5,0.76,60
2250,1758018119.313,5,0.78,60
2251,1758018119.621,5,0.79,60
2252,1758018119.916,5,0.79,60
2253,1758018120.23,5,0.74,60
2254,1758018120.513,5,0.74,60
2255,1758018120.813,5,0.72,60
2256,1758018121.116,5,0.83,60
2257,1758018121.42,5,0.81,60
2258,1758018121.724,5,0.75,60
2259,1758018122.018,5,0.73,60
2260,1758018122.318,5,0.78,60
2261,1758018122.619,5,0.78,60
2262,1758018122.917,5,0.81,60
2263,1758018123.22,5,0.77,60
2264,1758018123.516,5,0.74,60
2265,1758018123.818,5,0.83,60
2266,1758018124.115,5,0.81,60
2267,1758018124.418,5,0.73,60
2268,1758018124.712,5,0.73,60
2269,1758018125.013,5,0.79,60
2270,1758018125.318,5,0.82,60
2271,1758018125.618,5,0.74,60
2272,1758018125.916,5,0.78,60
2273,1758018126.216,5,0.79,60
2274,1758018126.518,5,0.82,60
2275,1758018126.837,5,0.76,60
2276,1758018127.118,5,0.76,60
2277,1758018127.419,5,0.75,60
2278,1758018127.721,5,0.77,60
2279,1758018128.019,5,0.82,60
2280,1758018128.318,5,0.74,60
2281,1758018128.62,5,0.72,60
2282,1758018128.922,5,0.8,60
2283,1758018129.217,5,0.8,60
2284,1758018129.516,5,0.8,60
2285,1758018129.822,5,0.77,60
2286,1758018130.123,5,0.74,60
2287,1758018130.421,5,0.83,60
2288,1758018130.72,5,0.83,60
2289,1758018131.018,5,0.8,60
2290,1758018131.343,5,0.8,60
2291,1758018131.621,5,0.71,60
2292,1758018131.918,5,0.79,60
2293,1758018132.218,5,0.83,60
2294,1758018132.52,5,0.75,60
2295,1758018132.82,5,0.74,60
2296,1758018133.117,5,0.74,60
2297,1758018133.427,5,0.82,60
2298,1758018133.718,5,0.82,60
2299,1758018134.024,5,0.75,60
2300,1758018134.321,5,0.73,60
2301,1758018134.622,5,0.78,60
2302,1758018134.921,5,0.82,60
2303,1758018135.217,5,0.76,60
2304,1758018135.518,5,0.71,60
2305,1758018135.818,5,0.71,60
2306,1758018136.12,5,0.81,60
2307,1758018136.422,5,0.81,60
2308,1758018136.719,5,0.79,60
2309,1758018137.018,5,0.77,60
2310,1758018137.321,5,0.83,60
2311,1758018137.618,5,0.82,60
2312,1758018137.916,5,0.82,60
2313,1758018138.217,5,0.74,60
2314,1758018138.518,5,0.82,60
2315,1758018138.822,5,0.82,60
2316,1758018139.115,5,0.75,60
2317,1758018139.417,5,0.74,60
2318,1758018139.725,5,0.75,60
2319,1758018140.034,5,0.81,60
2320,1758018140.325,5,0.81,60
2321,1758018140.619,5,0.79,60
2322,1758018140.92,5,0.73,60
2323,1758018141.217,5,0.74,60
2324,1758018141.517,5,0.83,60
2325,1758018141.818,5,0.77,60
2326,1758018142.122,5,0.76,60
2327,1758018142.421,5,0.76,60
2328,1758018142.72,5,0.79,60
2329,1758018143.017,5,0.82,60
2330,1758018143.327,5,0.82,60
2331,1758018143.618,5,0.74,60
2332,1758018143.924,5,0.82,60
2333,1758018144.221,5,0.8,60
2334,1758018144.527,5,0.83,60
2335,1758018144.823,5,0.83,60
2336,1758018145.119,5,0.71,60
2337,1758018145.415,5,0.76,60
2338,1758018145.72,5,0.81,60
2339,1758018146.017,5,0.77,60
2340,1758018146.315,5,0.73,60
2341,1758018146.619,5,0.73,60
2342,1758018146.915,5,0.73,60
2411,1758018167.616,5,0.79,70
2412,1758018167.923,5,0.82,70
2413,1758018168.223,5,0.81,70
2414,1758018168.518,5,0.74,70
2415,1758018168.811,5,0.74,70
2416,1758018169.118,5,0.79,70
2417,1758018169.421,5,0.81,70
2418,1758018169.719,5,0.75,70
2419,1758018170.015,5,0.83,70
2420,1758018170.322,5,0.8,70
2421,1758018170.619,5,0.73,70
2422,1758018170.937,5,0.73,70
2423,1758018171.216,5,0.73,70
2424,1758018171.52,5,0.74,70
2425,1758018171.816,5,0.72,70
2426,1758018172.115,5,0.74,70
2427,1758018172.419,5,0.73,70
2428,1758018172.718,5,0.73,70
2429,1758018173.019,5,0.74,70
2430,1758018173.317,5,0.74,70
2431,1758018173.615,5,0.8,70
2432,1758018173.917,5,0.73,70
2433,1758018174.218,5,0.77,70
2434,1758018174.521,5,0.8,70
2435,1758018174.818,5,0.75,70
2436,1758018175.12,5,0.81,70
2437,1758018175.417,5,0.81,70
2438,1758018175.719,5,0.82,70
2439,1758018176.019,5,0.77,70
2440,1758018176.314,5,0.83,70
2441,1758018176.624,5,0.79,70
2442,1758018176.918,5,0.82,70
2443,1758018177.22,5,0.84,70
2444,1758018177.534,5,0.84,70
2445,1758018177.819,5,0.84,70
2446,1758018178.122,5,0.84,70
2447,1758018178.416,5,0.83,70
2448,1758018178.72,5,0.84,70
2449,1758018179.021,5,0.84,70
2450,1758018179.319,5,0.8,70
2451,1758018179.621,5,0.81,70
2452,1758018179.915,5,0.81,70
2453,1758018180.22,5,0.81,70
2454,1758018180.519,5,0.77,70
2455,1758018180.817,5,0.79,70
2456,1758018181.116,5,0.77,70
2457,1758018181.417,5,0.78,70
2458,1758018181.718,5,0.77,70
2459,1758018182.033,5,0.76,70
2460,1758018182.314,5,0.76,70
2461,1758018182.617,5,0.75,70
2462,1758018182.914,5,0.74,70
2463,1758018183.218,5,0.75,70
2464,1758018183.516,5,0.74,70
2465,1758018183.823,5,0.75,70
2466,1758018184.137,5,0.79,70
2467,1758018184.421,5,0.79,70
2468,1758018184.719,5,0.73,70
2469,1758018185.018,5,0.75,70
2470,1758018185.326,5,0.78,70
2471,1758018185.62,5,0.73,70
2472,1758018185.917,5,0.81,70
2473,1758018186.227,5,0.79,70
2474,1758018186.516,5,0.79,70
2475,1758018186.815,5,0.77,70
2476,1758018187.12,5,0.83,70
2477,1758018187.42,5,0.82,70
2478,1758018187.721,5,0.79,70
2479,1758018188.016,5,0.84,70
2480,1758018188.318,5,0.84,70
2481,1758018188.638,5,0.83,70
2482,1758018188.918,5,0.83,70
2483,1758018189.217,5,0.82,70
2484,1758018189.521,5,0.84,70
2485,1758018189.817,5,0.82,70
2486,1758018190.123,5,0.82,70
2487,1758018190.415,5,0.84,70
2488,1758018190.72,5,0.75,70
2489,1758018191.019,5,0.75,70
2490,1758018191.316,5,0.82,70
2491,1758018191.62,5,0.82,70
2492,1758018191.918,5,0.74,70
2493,1758018192.214,5,0.8,70
2494,1758018192.519,5,0.77,70
2495,1758018192.821,5,0.75,70
2496,1758018193.136,5,0.74,70
2497,1758018193.416,5,0.74,70
2498,1758018193.718,5,0.75,70
2499,1758018194.021,5,0.76,70
2500,1758018194.318,5,0.75,70
2501,1758018194.616,5,0.77,70
2502,1758018194.917,5,0.76,70
2503,1758018195.224,5,0.77,70
2504,1758018195.518,5,0.77,70
2505,1758018195.813,5,0.83,70
2506,1758018196.119,5,0.78,70
2507,1758018196.42,5,0.81,70
2508,1758018196.721,5,0.84,70
2509,1758018197.026,5,0.83,70
2510,1758018197.319,5,0.84,70
2511,1758018197.615,5,0.84,70
2512,1758018197.916,5,0.83,70
2513,1758018198.218,5,0.84,70
2514,1758018198.521,5,0.83,70
2515,1758018198.822,5,0.85,70
2516,1758018199.117,5,0.84,70
2517,1758018199.418,5,0.8,70
2518,1758018199.728,5,0.81,70
2519,1758018200.02,5,0.81,70
2520,1758018200.317,5,0.83,70
2521,1758018200.621,5,0.76,70
2522,1758018200.916,5,0.79,70
2523,1758018201.214,5,0.77,70
2524,1758018201.52,5,0.73,70
2525,1758018201.815,5,0.73,70
2526,1758018202.118,5,0.73,70
2527,1758018202.417,5,0.74,70
2528,1758018202.716,5,0.75,70
2529,1758018203.023,5,0.75,70
2530,1758018203.321,5,0.73,70
2531,1758018203.616,5,0.75,70
2532,1758018203.92,5,0.74,70
2533,1758018204.24,5,0.83,70
2534,1758018204.519,5,0.83,70
2535,1758018204.816,5,0.77,70
2536,1758018205.115,5,0.77,70
2537,1758018205.416,5,0.83,70
2538,1758018205.718,5,0.8,70
2539,1758018206.02,5,0.83,70
2540,1758018206.324,5,0.84,70
2541,1758018206.617,5,0.84,70
2542,1758018206.923,5,0.84,70
2543,1758018207.217,5,0.84,70
2544,1758018207.52,5,0.84,70
2545,1758018207.819,5,0.83,70
2546,1758018208.121,5,0.83,70
2547,1758018208.422,5,0.84,70
2548,1758018208.736,5,0.83,70
2549,1758018209.019,5,0.83,70
2550,1758018209.316,5,0.8,70
2551,1758018209.62,5,0.82,70
2552,1758018209.922,5,0.82,70
2553,1758018210.222,5,0.76,70
2554,1758018210.517,5,0.76,70
2555,1758018210.827,5,0.74,70
2556,1758018211.121,5,0.74,70
2557,1758018211.42,5,0.73,70
2558,1758018211.717,5,0.74,70
2559,1758018212.019,5,0.75,70
2560,1758018212.319,5,0.77,70
2561,1758018212.62,5,0.73,70
2562,1758018212.918,5,0.83,70
2563,1758018213.214,5,0.83,70
2564,1758018213.52,5,0.75,70
2565,1758018213.822,5,0.74,70
2566,1758018214.121,5,0.83,70
2567,1758018214.42,5,0.76,70
2568,1758018214.725,5,0.8,70
2569,1758018215.023,5,0.84,70
2570,1758018215.334,5,0.84,70
2571,1758018215.62,5,0.84,70
2572,1758018215.923,5,0.84,70
2573,1758018216.218,5,0.83,70
2574,1758018216.52,5,0.84,70
2575,1758018216.822,5,0.84,70
2576,1758018217.12,5,0.81,70
2577,1758018217.422,5,0.83,70
2578,1758018217.722,5,0.83,70
2579,1758018218.018,5,0.84,70
2580,1758018218.318,5,0.83,70
2581,1758018218.622,5,0.84,70
2582,1758018218.921,5,0.84,70
2583,1758018219.225,5,0.83,70
2584,1758018219.523,5,0.84,70
2585,1758018219.821,5,0.84,70
2586,1758018220.124,5,0.84,70
2587,1758018220.42,5,0.83,70
2588,1758018220.725,5,0.83,70
2589,1758018221.02,5,0.83,70
2590,1758018221.323,5,0.85,70
2591,1758018221.622,5,0.79,70
2592,1758018221.942,5,0.81,70
2593,1758018222.216,5,0.81,70
2594,1758018222.523,5,0.82,70
2595,1758018222.82,5,0.77,70
2596,1758018223.123,5,0.81,70
2597,1758018223.419,5,0.82,70
2598,1758018223.719,5,0.77,70
2599,1758018224.031,5,0.8,70
2600,1758018224.316,5,0.8,70
2601,1758018224.62,5,0.76,70
2602,1758018224.924,5,0.81,70
2603,1758018225.217,5,0.79,70
2604,1758018225.521,5,0.75,70
2605,1758018225.827,5,0.76,70
2606,1758018226.12,5,0.75,70
2607,1758018226.424,5,0.75,70
2608,1758018226.718,5,0.75,70
2609,1758018227.021,5,0.79,70
2610,1758018227.321,5,0.79,70
2611,1758018227.623,5,0.78,70
2612,1758018227.925,5,0.8,70
2613,1758018228.223,5,0.74,70
2614,1758018228.517,5,0.74,70
2615,1758018228.821,5,0.76,70
2616,1758018229.121,5,0.8,70
2617,1758018229.423,5,0.75,70
2618,1758018229.718,5,0.78,70
2619,1758018230.021,5,0.75,70
2620,1758018230.321,5,0.8,70
2621,1758018230.641,5,0.77,70
2622,1758018230.921,5,0.77,70
2623,1758018231.223,5,0.77,70
2624,1758018231.527,5,0.82,70
2625,1758018231.821,5,0.83,70
2626,1758018232.118,5,0.82,70
2627,1758018232.417,5,0.84,70
2628,1758018232.726,5,0.82,70
2629,1758018233.023,5,0.82,70
2630,1758018233.325,5,0.85,70
2631,1758018233.619,5,0.82,70
2632,1758018233.92,5,0.83,70
2633,1758018234.225,5,0.84,70
2634,1758018234.524,5,0.85,70
2635,1758018234.824,5,0.84,70
2636,1758018235.138,5,0.77,70
2637,1758018235.425,5,0.77,70
2638,1758018235.723,5,0.84,70
2639,1758018236.02,5,0.83,70
2640,1758018236.323,5,0.84,70
2641,1758018236.628,5,0.85,70
2642,1758018236.92,5,0.81,70
2643,1758018237.238,5,0.8,70
2644,1758018237.524,5,0.8,70
2645,1758018237.818,5,0.85,70
2646,1758018238.125,5,0.78,70
2647,1758018238.42,5,0.82,70
2648,1758018238.722,5,0.81,70
2649,1758018239.019,5,0.74,70
2650,1758018239.328,5,0.75,70
2651,1758018239.621,5,0.75,70
2652,1758018239.927,5,0.76,70
2653,1758018240.219,5,0.73,70
2654,1758018240.517,5,0.74,70
2655,1758018240.823,5,0.74,70
2656,1758018241.122,5,0.75,70
2657,1758018241.421,5,0.75,70
2658,1758018241.734,5,0.82,70
2659,1758018242.021,5,0.82,70
2660,1758018242.321,5,0.76,70
2661,1758018242.62,5,0.75,70
2662,1758018242.924,5,0.82,70
2663,1758018243.222,5,0.77,70
2664,1758018243.524,5,0.81,70
2665,1758018243.825,5,0.84,70
2666,1758018244.122,5,0.84,70
2667,1758018244.423,5,0.83,70
2668,1758018244.721,5,0.84,70
2669,1758018245.017,5,0.84,70
2670,1758018245.32,5,0.83,70
2671,1758018245.625,5,0.84,70
2672,1758018245.925,5,0.83,70
2673,1758018246.221,5,0.83,70
2674,1758018246.521,5,0.83,70
2675,1758018246.821,5,0.85,70
2676,1758018247.119,5,0.76,70
2744,1758018267.52,5,0.84,80
2745,1758018267.817,5,0.82,80
2746,1758018268.13,5,0.77,80
2747,1758018268.419,5,0.77,80
2748,1758018268.723,5,0.84,80
2749,1758018269.02,5,0.83,80
2750,1758018269.318,5,0.79,80
2751,1758018269.62,5,0.8,80
2752,1758018269.918,5,0.82,80
2753,1758018270.216,5,0.8,80
2754,1758018270.519,5,0.8,80
2755,1758018270.819,5,0.81,80
2756,1758018271.121,5,0.82,80
2757,1758018271.421,5,0.76,80
2758,1758018271.718,5,0.81,80
2759,1758018272.017,5,0.83,80
2760,1758018272.319,5,0.77,80
2761,1758018272.637,5,0.84,80
2762,1758018272.921,5,0.84,80
2763,1758018273.225,5,0.83,80
2764,1758018273.518,5,0.76,80
2765,1758018273.821,5,0.81,80
2766,1758018274.116,5,0.84,80
2767,1758018274.421,5,0.78,80
2768,1758018274.724,5,0.83,80
2769,1758018275.016,5,0.83,80
2770,1758018275.317,5,0.84,80
2771,1758018275.619,5,0.83,80
2772,1758018275.915,5,0.78,80
2773,1758018276.217,5,0.84,80
2774,1758018276.516,5,0.82,80
2775,1758018276.816,5,0.85,80
2776,1758018277.117,5,0.85,80
2777,1758018277.423,5,0.84,80
2778,1758018277.717,5,0.82,80
2779,1758018278.024,5,0.8,80
2780,1758018278.32,5,0.81,80
2781,1758018278.616,5,0.8,80
2782,1758018278.918,5,0.8,80
2783,1758018279.236,5,0.84,80
2784,1758018279.52,5,0.84,80
2785,1758018279.824,5,0.82,80
2786,1758018280.117,5,0.77,80
2787,1758018280.417,5,0.82,80
2788,1758018280.718,5,0.84,80
2789,1758018281.023,5,0.77,80
2790,1758018281.328,5,0.8,80
2791,1758018281.617,5,0.8,80
2792,1758018281.916,5,0.85,80
2793,1758018282.216,5,0.78,80
2794,1758018282.518,5,0.78,80
2795,1758018282.822,5,0.84,80
2796,1758018283.114,5,0.84,80
2797,1758018283.421,5,0.77,80
2798,1758018283.716,5,0.77,80
2799,1758018284.018,5,0.83,80
2800,1758018284.317,5,0.85,80
2801,1758018284.617,5,0.79,80
2802,1758018284.918,5,0.8,80
2803,1758018285.219,5,0.85,80
2804,1758018285.517,5,0.82,80
2805,1758018285.817,5,0.82,80
2806,1758018286.121,5,0.77,80
2807,1758018286.418,5,0.84,80
2808,1758018286.719,5,0.82,80
2809,1758018287.018,5,0.77,80
2810,1758018287.317,5,0.8,80
2811,1758018287.616,5,0.84,80
2812,1758018287.942,5,0.84,80
2813,1758018288.217,5,0.78,80
2814,1758018288.518,5,0.79,80
2815,1758018288.815,5,0.83,80
2816,1758018289.118,5,0.81,80
2817,1758018289.417,5,0.81,80
2818,1758018289.722,5,0.83,80
2819,1758018290.034,5,0.81,80
2820,1758018290.318,5,0.81,80
2821,1758018290.618,5,0.81,80
2822,1758018290.918,5,0.84,80
2823,1758018291.22,5,0.79,80
2824,1758018291.516,5,0.79,80
2825,1758018291.821,5,0.84,80
2826,1758018292.115,5,0.77,80
2827,1758018292.416,5,0.77,80
2828,1758018292.717,5,0.77,80
2829,1758018293.019,5,0.85,80
2830,1758018293.316,5,0.83,80
2831,1758018293.623,5,0.77,80
2832,1758018293.918,5,0.84,80
2833,1758018294.215,5,0.84,80
2834,1758018294.539,5,0.81,80
2835,1758018294.819,5,0.81,80
2836,1758018295.118,5,0.83,80
2837,1758018295.419,5,0.82,80
2838,1758018295.72,5,0.8,80
2839,1758018296.017,5,0.81,80
2840,1758018296.318,5,0.83,80
2841,1758018296.633,5,0.77,80
2842,1758018296.916,5,0.77,80
2843,1758018297.217,5,0.83,80
2844,1758018297.518,5,0.84,80
2845,1758018297.817,5,0.81,80
2846,1758018298.118,5,0.83,80
2847,1758018298.417,5,0.85,80
2848,1758018298.723,5,0.77,80
2849,1758018299.019,5,0.77,80
2850,1758018299.318,5,0.78,80
2851,1758018299.622,5,0.86,80
2852,1758018299.921,5,0.8,80
2853,1758018300.221,5,0.81,80
2854,1758018300.519,5,0.85,80
2855,1758018300.813,5,0.84,80
2856,1758018301.112,5,0.84,80
2857,1758018301.417,5,0.77,80
2858,1758018301.719,5,0.8,80
2859,1758018302.017,5,0.85,80
2860,1758018302.32,5,0.77,80
2861,1758018302.619,5,0.8,80
2862,1758018302.921,5,0.81,80
2863,1758018303.229,5,0.78,80
2864,1758018303.515,5,0.78,80
2865,1758018303.815,5,0.81,80
2866,1758018304.115,5,0.83,80
2867,1758018304.428,5,0.78,80
2868,1758018304.718,5,0.83,80
2869,1758018305.019,5,0.85,80
2870,1758018305.323,5,0.8,80
2871,1758018305.616,5,0.8,80
2872,1758018305.92,5,0.81,80
2873,1758018306.22,5,0.83,80
2874,1758018306.515,5,0.79,80
2875,1758018306.816,5,0.77,80
2876,1758018307.119,5,0.83,80
2877,1758018307.421,5,0.83,80
2878,1758018307.717,5,0.83,80
2879,1758018308.017,5,0.82,80
2880,1758018308.316,5,0.83,80
2881,1758018308.615,5,0.85,80
2882,1758018308.917,5,0.79,80
2883,1758018309.219,5,0.79,80
2884,1758018309.518,5,0.84,80
2885,1758018309.813,5,0.84,80
2886,1758018310.118,5,0.8,80
2887,1758018310.418,5,0.78,80
2888,1758018310.721,5,0.86,80
2889,1758018311.015,5,0.85,80
2890,1758018311.322,5,0.77,80
2891,1758018311.615,5,0.84,80
2892,1758018311.93,5,0.84,80
2893,1758018312.215,5,0.84,80
2894,1758018312.52,5,0.79,80
2895,1758018312.822,5,0.83,80
2896,1758018313.12,5,0.82,80
2897,1758018313.415,5,0.8,80
2898,1758018313.719,5,0.81,80
2899,1758018314.02,5,0.8,80
2900,1758018314.318,5,0.8,80
2901,1758018314.62,5,0.77,80
2902,1758018314.918,5,0.84,80
2903,1758018315.224,5,0.85,80
2904,1758018315.517,5,0.8,80
2905,1758018315.822,5,0.84,80
2906,1758018316.122,5,0.85,80
2907,1758018316.435,5,0.79,80
2908,1758018316.719,5,0.79,80
2909,1758018317.021,5,0.81,80
2910,1758018317.321,5,0.85,80
2911,1758018317.619,5,0.78,80
2912,1758018317.918,5,0.8,80
2913,1758018318.218,5,0.83,80
2914,1758018318.521,5,0.77,80
2915,1758018318.817,5,0.77,80
2916,1758018319.12,5,0.82,80
2917,1758018319.425,5,0.84,80
2918,1758018319.72,5,0.79,80
2919,1758018320.019,5,0.81,80
2920,1758018320.319,5,0.83,80
2921,1758018320.618,5,0.8,80
2922,1758018320.916,5,0.8,80
2923,1758018321.217,5,0.79,80
2924,1758018321.518,5,0.82,80
2925,1758018321.821,5,0.81,80
2926,1758018322.121,5,0.81,80
2927,1758018322.424,5,0.85,80
2928,1758018322.723,5,0.85,80
2929,1758018323.035,5,0.77,80
2930,1758018323.322,5,0.77,80
2931,1758018323.622,5,0.84,80
2932,1758018323.918,5,0.85,80
2933,1758018324.216,5,0.79,80
2934,1758018324.523,5,0.82,80
2935,1758018324.82,5,0.84,80
2936,1758018325.124,5,0.8,80
2937,1758018325.42,5,0.8,80
2938,1758018325.719,5,0.77,80
2939,1758018326.021,5,0.85,80
2940,1758018326.323,5,0.81,80
2941,1758018326.622,5,0.77,80
2942,1758018326.923,5,0.84,80
2943,1758018327.217,5,0.82,80
2944,1758018327.518,5,0.82,80
2945,1758018327.816,5,0.81,80
2946,1758018328.118,5,0.78,80
2947,1758018328.419,5,0.84,80
2948,1758018328.721,5,0.83,80
2949,1758018329.019,5,0.8,80
2950,1758018329.322,5,0.83,80
2951,1758018329.631,5,0.79,80
2952,1758018329.923,5,0.79,80
2953,1758018330.221,5,0.84,80
2954,1758018330.522,5,0.85,80
2955,1758018330.822,5,0.78,80
2956,1758018331.121,5,0.8,80
2957,1758018331.418,5,0.85,80
2958,1758018331.724,5,0.78,80
2959,1758018332.025,5,0.78,80
2960,1758018332.318,5,0.8,80
2961,1758018332.62,5,0.86,80
2962,1758018332.918,5,0.82,80
2963,1758018333.224,5,0.78,80
2964,1758018333.515,5,0.85,80
2965,1758018333.822,5,0.8,80
2966,1758018334.111,5,0.8,80
2967,1758018334.418,5,0.84,80
2968,1758018334.715,5,0.85,80
2969,1758018335.022,5,0.84,80
2970,1758018335.317,5,0.79,80
2971,1758018335.621,5,0.81,80
2972,1758018335.925,5,0.81,80
2973,1758018336.239,5,0.78,80
2974,1758018336.52,5,0.78,80
2975,1758018336.818,5,0.85,80
2976,1758018337.124,5,0.83,80
2977,1758018337.422,5,0.8,80
2978,1758018337.723,5,0.85,80
2979,1758018338.022,5,0.85,80
2980,1758018338.323,5,0.79,80
2981,1758018338.626,5,0.79,80
2982,1758018338.92,5,0.82,80
2983,1758018339.221,5,0.85,80
2984,1758018339.523,5,0.79,80
2985,1758018339.824,5,0.81,80
2986,1758018340.122,5,0.83,80
2987,1758018340.424,5,0.78,80
2988,1758018340.736,5,0.85,80
2989,1758018341.02,5,0.85,80
2990,1758018341.321,5,0.83,80
2991,1758018341.62,5,0.81,80
2992,1758018341.917,5,0.85,80
2993,1758018342.221,5,0.85,80
2994,1758018342.521,5,0.77,80
2995,1758018342.826,5,0.84,80
2996,1758018343.118,5,0.84,80
2997,1758018343.425,5,0.86,80
2998,1758018343.722,5,0.77,80
2999,1758018344.023,5,0.84,80
3000,1758018344.323,5,0.85,80
3001,1758018344.622,5,0.81,80
3002,1758018344.92,5,0.83,80
3003,1758018345.213,5,0.83,80
3004,1758018345.519,5,0.82,80
3005,1758018345.819,5,0.81,80
3006,1758018346.114,5,0.85,80
3007,1758018346.421,5,0.85,80
3008,1758018346.723,5,0.8,80
3009,1758018347.022,5,0.77,80
3077,1758018367.422,5,0.83,90
3078,1758018367.719,5,0.81,90
3079,1758018368.018,5,0.84,90
3080,1758018368.322,5,0.8,90
3081,1758018368.618,5,0.84,90
3082,1758018368.914,5,0.84,90
3083,1758018369.236,5,0.82,90
3084,1758018369.518,5,0.82,90
3085,1758018369.82,5,0.85,90
3086,1758018370.12,5,0.83,90
3087,1758018370.422,5,0.81,90
3088,1758018370.724,5,0.84,90
3089,1758018371.024,5,0.82,90
3090,1758018371.316,5,0.82,90
3091,1758018371.623,5,0.82,90
3092,1758018371.917,5,0.82,90
3093,1758018372.223,5,0.81,90
3094,1758018372.519,5,0.84,90
3095,1758018372.819,5,0.81,90
3096,1758018373.12,5,0.85,90
3097,1758018373.422,5,0.83,90
3098,1758018373.714,5,0.83,90
3099,1758018374.023,5,0.84,90
3100,1758018374.319,5,0.84,90
3101,1758018374.619,5,0.82,90
3102,1758018374.922,5,0.85,90
3103,1758018375.22,5,0.84,90
3104,1758018375.517,5,0.83,90
3105,1758018375.835,5,0.82,90
3106,1758018376.114,5,0.82,90
3107,1758018376.417,5,0.81,90
3108,1758018376.72,5,0.82,90
3109,1758018377.021,5,0.84,90
3110,1758018377.322,5,0.81,90
3111,1758018377.615,5,0.85,90
3112,1758018377.926,5,0.84,90
3113,1758018378.218,5,0.84,90
3114,1758018378.524,5,0.84,90
3115,1758018378.83,5,0.85,90
3116,1758018379.118,5,0.83,90
3117,1758018379.421,5,0.86,90
3118,1758018379.72,5,0.84,90
3119,1758018380.017,5,0.83,90
3120,1758018380.314,5,0.83,90
3121,1758018380.619,5,0.85,90
3122,1758018380.922,5,0.83,90
3123,1758018381.215,5,0.83,90
3124,1758018381.521,5,0.82,90
3125,1758018381.814,5,0.83,90
3126,1758018382.118,5,0.84,90
3127,1758018382.441,5,0.82,90
3128,1758018382.719,5,0.82,90
3129,1758018383.016,5,0.85,90
3130,1758018383.316,5,0.83,90
3131,1758018383.62,5,0.84,90
3132,1758018383.921,5,0.84,90
3133,1758018384.222,5,0.84,90
3134,1758018384.524,5,0.84,90
3135,1758018384.814,5,0.84,90
3136,1758018385.116,5,0.85,90
3137,1758018385.418,5,0.83,90
3138,1758018385.718,5,0.84,90
3139,1758018386.019,5,0.82,90
3140,1758018386.318,5,0.84,90
3141,1758018386.619,5,0.84,90
3142,1758018386.916,5,0.84,90
3143,1758018387.224,5,0.81,90
3144,1758018387.516,5,0.85,90
3145,1758018387.817,5,0.83,90
3146,1758018388.119,5,0.86,90
3147,1758018388.417,5,0.84,90
3148,1758018388.719,5,0.84,90
3149,1758018389.013,5,0.84,90
3150,1758018389.32,5,0.85,90
3151,1758018389.617,5,0.82,90
3152,1758018389.922,5,0.85,90
3153,1758018390.219,5,0.83,90
3154,1758018390.517,5,0.85,90
3155,1758018390.815,5,0.85,90
3156,1758018391.143,5,0.82,90
3157,1758018391.42,5,0.82,90
3158,1758018391.722,5,0.85,90
3159,1758018392.015,5,0.82,90
3160,1758018392.316,5,0.83,90
3161,1758018392.621,5,0.84,90
3162,1758018392.918,5,0.83,90
3163,1758018393.22,5,0.83,90
3164,1758018393.519,5,0.83,90
3165,1758018393.821,5,0.84,90
3166,1758018394.116,5,0.82,90
3167,1758018394.423,5,0.85,90
3168,1758018394.718,5,0.83,90
3169,1758018395.022,5,0.86,90
3170,1758018395.316,5,0.85,90
3171,1758018395.619,5,0.85,90
3172,1758018395.919,5,0.84,90
3173,1758018396.224,5,0.85,90
3174,1758018396.517,5,0.82,90
3175,1758018396.824,5,0.84,90
3176,1758018397.119,5,0.82,90
3177,1758018397.417,5,0.82,90
3178,1758018397.712,5,0.82,90
3179,1758018398.015,5,0.85,90
3180,1758018398.32,5,0.82,90
3181,1758018398.619,5,0.84,90
3182,1758018398.916,5,0.82,90
3183,1758018399.221,5,0.84,90
3184,1758018399.52,5,0.84,90
3185,1758018399.83,5,0.83,90
3186,1758018400.121,5,0.83,90
3187,1758018400.42,5,0.85,90
3188,1758018400.715,5,0.84,90
3189,1758018401.017,5,0.88,90
3190,1758018401.319,5,0.85,90
3191,1758018401.628,5,0.82,90
3192,1758018401.928,5,0.82,90
3193,1758018402.223,5,0.82,90
3194,1758018402.518,5,0.82,90
3195,1758018402.818,5,0.84,90
3196,1758018403.116,5,0.84,90
3197,1758018403.422,5,0.81,90
3198,1758018403.718,5,0.84,90
3199,1758018404.025,5,0.81,90
3200,1758018404.324,5,0.81,90
3201,1758018404.625,5,0.84,90
3202,1758018404.919,5,0.82,90
3203,1758018405.217,5,0.82,90
3204,1758018405.524,5,0.85,90
3205,1758018405.819,5,0.84,90
3206,1758018406.12,5,0.83,90
3207,1758018406.412,5,0.83,90
3208,1758018406.717,5,0.86,90
3209,1758018407.02,5,0.83,90
3210,1758018407.316,5,0.85,90
3211,1758018407.625,5,0.82,90
3212,1758018407.92,5,0.83,90
3213,1758018408.218,5,0.84,90
3214,1758018408.539,5,0.81,90
3215,1758018408.821,5,0.81,90
3216,1758018409.122,5,0.84,90
3217,1758018409.42,5,0.82,90
3218,1758018409.718,5,0.85,90
3219,1758018410.02,5,0.82,90
3220,1758018410.317,5,0.82,90
3221,1758018410.633,5,0.85,90
3222,1758018410.924,5,0.85,90
3223,1758018411.22,5,0.83,90
3224,1758018411.525,5,0.86,90
3225,1758018411.82,5,0.86,90
3226,1758018412.122,5,0.88,90
3227,1758018412.423,5,0.86,90
3228,1758018412.72,5,0.84,90
3229,1758018413.023,5,0.84,90
3230,1758018413.319,5,0.84,90
3231,1758018413.618,5,0.84,90
3232,1758018413.92,5,0.82,90
3233,1758018414.22,5,0.85,90
3234,1758018414.522,5,0.82,90
3235,1758018414.821,5,0.82,90
3236,1758018415.138,5,0.85,90
3237,1758018415.42,5,0.85,90
3238,1758018415.72,5,0.83,90
3239,1758018416.021,5,0.85,90
3240,1758018416.322,5,0.85,90
3241,1758018416.621,5,0.84,90
3242,1758018416.924,5,0.86,90
3243,1758018417.23,5,0.82,90
3244,1758018417.524,5,0.82,90
3245,1758018417.82,5,0.85,90
3246,1758018418.122,5,0.84,90
3247,1758018418.424,5,0.82,90
3248,1758018418.718,5,0.84,90
3249,1758018419.025,5,0.83,90
3250,1758018419.321,5,0.82,90
3251,1758018419.616,5,0.82,90
3252,1758018419.922,5,0.85,90
3253,1758018420.229,5,0.83,90
3254,1758018420.524,5,0.85,90
3255,1758018420.821,5,0.85,90
3256,1758018421.123,5,0.83,90
3257,1758018421.424,5,0.85,90
3258,1758018421.738,5,0.84,90
3259,1758018422.022,5,0.84,90
3260,1758018422.316,5,0.85,90
3261,1758018422.622,5,0.84,90
3262,1758018422.92,5,0.84,90
3263,1758018423.219,5,0.85,90
3264,1758018423.52,5,0.82,90
3265,1758018423.824,5,0.82,90
3266,1758018424.12,5,0.82,90
3267,1758018424.418,5,0.85,90
3268,1758018424.718,5,0.82,90
3269,1758018425.02,5,0.85,90
3270,1758018425.322,5,0.84,90
3271,1758018425.617,5,0.85,90
3272,1758018425.924,5,0.86,90
3273,1758018426.222,5,0.86,90
3274,1758018426.521,5,0.84,90
3275,1758018426.822,5,0.86,90
3276,1758018427.122,5,0.84,90
3277,1758018427.423,5,0.85,90
3278,1758018427.722,5,0.85,90
3279,1758018428.017,5,0.82,90
3280,1758018428.344,5,0.82,90
3281,1758018428.623,5,0.82,90
3282,1758018428.92,5,0.84,90
3283,1758018429.223,5,0.83,90
3284,1758018429.52,5,0.84,90
3285,1758018429.821,5,0.85,90
3286,1758018430.122,5,0.82,90
3287,1758018430.425,5,0.84,90
3288,1758018430.743,5,0.84,90
3289,1758018431.024,5,0.83,90
3290,1758018431.319,5,0.84,90
3291,1758018431.621,5,0.84,90
3292,1758018431.92,5,0.84,90
3293,1758018432.224,5,0.84,90
3294,1758018432.524,5,0.83,90
3295,1758018432.845,5,0.83,90
3296,1758018433.124,5,0.83,90
3297,1758018433.422,5,0.83,90
3298,1758018433.719,5,0.84,90
3299,1758018434.018,5,0.85,90
3300,1758018434.316,5,0.85,90
3301,1758018434.619,5,0.83,90
3302,1758018434.931,5,0.85,90
3303,1758018435.22,5,0.85,90
3304,1758018435.518,5,0.82,90
3305,1758018435.825,5,0.84,90
3306,1758018436.128,5,0.84,90
3307,1758018436.42,5,0.82,90
3308,1758018436.723,5,0.84,90
3309,1758018437.024,5,0.84,90
3310,1758018437.343,5,0.84,90
3311,1758018437.631,5,0.82,90
3312,1758018437.922,5,0.85,90
3313,1758018438.221,5,0.82,90
3314,1758018438.52,5,0.85,90
3315,1758018438.819,5,0.85,90
3316,1758018439.12,5,0.83,90
3317,1758018439.44,5,0.86,90
3318,1758018439.722,5,0.86,90
3319,1758018440.023,5,0.82,90
3320,1758018440.325,5,0.86,90
3321,1758018440.619,5,0.83,90
3322,1758018440.919,5,0.83,90
3323,1758018441.227,5,0.84,90
3324,1758018441.528,5,0.83,90
3325,1758018441.823,5,0.83,90
3326,1758018442.125,5,0.82,90
3327,1758018442.417,5,0.84,90
3328,1758018442.723,5,0.84,90
3329,1758018443.023,5,0.85,90
3330,1758018443.319,5,0.86,90
3331,1758018443.619,5,0.82,90
3332,1758018443.939,5,0.82,90
3333,1758018444.219,5,0.86,90
3334,1758018444.519,5,0.82,90
3335,1758018444.816,5,0.83,90
3336,1758018445.118,5,0.84,90
3337,1758018445.421,5,0.82,90
3338,1758018445.723,5,0.88,90
3339,1758018446.034,5,0.85,90
3340,1758018446.324,5,0.85,90
3341,1758018446.62,5,0.83,90
3342,1758018446.925,5,0.85,90
3411,1758018467.617,5,0.81,90
3412,1758018467.935,5,0.81,90
3413,1758018468.219,5,0.84,90
3414,1758018468.525,5,0.81,90
3415,1758018468.821,5,0.84,90
3416,1758018469.122,5,0.81,90
3417,1758018469.419,5,0.84,90
3418,1758018469.727,5,0.85,90
3419,1758018470.04,5,0.82,90
3420,1758018470.324,5,0.82,90
3421,1758018470.621,5,0.86,90
3422,1758018470.915,5,0.83,90
3423,1758018471.226,5,0.84,90
3424,1758018471.526,5,0.84,90
3425,1758018471.82,5,0.82,90
3426,1758018472.132,5,0.83,90
3427,1758018472.422,5,0.83,90
3428,1758018472.723,5,0.81,90
3429,1758018473.022,5,0.82,90
3430,1758018473.321,5,0.82,90
3431,1758018473.624,5,0.81,90
3432,1758018473.921,5,0.85,90
3433,1758018474.22,5,0.83,90
3434,1758018474.522,5,0.83,90
3435,1758018474.823,5,0.85,90
3436,1758018475.122,5,0.84,90
3437,1758018475.413,5,0.83,90
3438,1758018475.718,5,0.85,90
3439,1758018476.023,5,0.83,90
3440,1758018476.321,5,0.84,90
3441,1758018476.618,5,0.84,90
3442,1758018476.922,5,0.85,90
3443,1758018477.218,5,0.84,90
3444,1758018477.527,5,0.84,90
3445,1758018477.813,5,0.82,90
3446,1758018478.121,5,0.84,90
3447,1758018478.416,5,0.83,90
3448,1758018478.712,5,0.83,90
3449,1758018479.022,5,0.81,90
3450,1758018479.319,5,0.84,90
3451,1758018479.612,5,0.82,90
3452,1758018479.918,5,0.85,90
3453,1758018480.215,5,0.84,90
3454,1758018480.521,5,0.83,90
3455,1758018480.829,5,0.84,90
3456,1758018481.119,5,0.84,90
3457,1758018481.414,5,0.85,90
3458,1758018481.723,5,0.84,90
3459,1758018482.02,5,0.85,90
3460,1758018482.314,5,0.82,90
3461,1758018482.616,5,0.83,90
3462,1758018482.916,5,0.85,90
3463,1758018483.216,5,0.85,90
3464,1758018483.52,5,0.81,90
3465,1758018483.817,5,0.85,90
3466,1758018484.119,5,0.84,90
3467,1758018484.423,5,0.85,90
3468,1758018484.717,5,0.85,90
3469,1758018485.022,5,0.83,90
3470,1758018485.337,5,0.85,90
3471,1758018485.618,5,0.85,90
3472,1758018485.92,5,0.84,90
3473,1758018486.216,5,0.83,90
3474,1758018486.514,5,0.83,90
3475,1758018486.825,5,0.83,90
3476,1758018487.116,5,0.82,90
3477,1758018487.414,5,0.85,90
3478,1758018487.722,5,0.85,90
3479,1758018488.022,5,0.83,90
3480,1758018488.318,5,0.85,90
3481,1758018488.618,5,0.86,90
3482,1758018488.921,5,0.84,90
3483,1758018489.223,5,0.85,90
3484,1758018489.519,5,0.83,90
3485,1758018489.816,5,0.83,90
3486,1758018490.122,5,0.85,90
3487,1758018490.424,5,0.84,90
3488,1758018490.721,5,0.85,90
3489,1758018491.018,5,0.86,90
3490,1758018491.318,5,0.85,90
3491,1758018491.618,5,0.85,90
3492,1758018491.921,5,0.85,90
3493,1758018492.217,5,0.83,90
3494,1758018492.516,5,0.85,90
3495,1758018492.819,5,0.82,90
3496,1758018493.118,5,0.84,90
3497,1758018493.418,5,0.84,90
3498,1758018493.718,5,0.82,90
3499,1758018494.034,5,0.85,90
3500,1758018494.328,5,0.85,90
3501,1758018494.619,5,0.84,90
3502,1758018494.923,5,0.83,90
3503,1758018495.218,5,0.86,90
3504,1758018495.523,5,0.83,90
3505,1758018495.822,5,0.86,90
3506,1758018496.126,5,0.85,90
3507,1758018496.419,5,0.85,90
3508,1758018496.72,5,0.83,90
3509,1758018497.018,5,0.84,90
3510,1758018497.319,5,0.84,90
3511,1758018497.619,5,0.82,90
3512,1758018497.922,5,0.86,90
3513,1758018498.22,5,0.84,90
3514,1758018498.515,5,0.84,90
3515,1758018498.817,5,0.85,90
3516,1758018499.12,5,0.84,90
3517,1758018499.424,5,0.84,90
3518,1758018499.715,5,0.84,90
3519,1758018500.022,5,0.82,90
3520,1758018500.32,5,0.85,90
3521,1758018500.616,5,0.85,90
3522,1758018500.918,5,0.84,90
3523,1758018501.222,5,0.85,90
3524,1758018501.518,5,0.86,90
3525,1758018501.823,5,0.83,90
3526,1758018502.117,5,0.85,90
3527,1758018502.416,5,0.84,90
3528,1758018502.731,5,0.82,90
3529,1758018503.019,5,0.82,90
3530,1758018503.319,5,0.85,90
3531,1758018503.619,5,0.82,90
3532,1758018503.92,5,0.84,90
3533,1758018504.222,5,0.85,90
3534,1758018504.519,5,0.82,90
3535,1758018504.823,5,0.85,90
3536,1758018505.115,5,0.85,90
3537,1758018505.422,5,0.85,90
3538,1758018505.719,5,0.84,90
3539,1758018506.016,5,0.85,90
3540,1758018506.32,5,0.82,90
3541,1758018506.623,5,0.83,90
3542,1758018506.919,5,0.86,90
3543,1758018507.236,5,0.83,90
3544,1758018507.524,5,0.83,90
3545,1758018507.819,5,0.86,90
3546,1758018508.116,5,0.84,90
3547,1758018508.417,5,0.84,90
3548,1758018508.719,5,0.85,90
3549,1758018509.019,5,0.83,90
3550,1758018509.329,5,0.85,90
3551,1758018509.615,5,0.85,90
3552,1758018509.914,5,0.85,90
3553,1758018510.218,5,0.82,90
3554,1758018510.522,5,0.83,90
3555,1758018510.818,5,0.83,90
3556,1758018511.114,5,0.83,90
3557,1758018511.426,5,0.85,90
3558,1758018511.718,5,0.85,90
3559,1758018512.022,5,0.82,90
3560,1758018512.319,5,0.85,90
3561,1758018512.623,5,0.84,90
3562,1758018512.92,5,0.88,90
3563,1758018513.22,5,0.84,90
3564,1758018513.519,5,0.84,90
3565,1758018513.845,5,0.84,90
3566,1758018514.122,5,0.86,90
3567,1758018514.422,5,0.84,90
3568,1758018514.723,5,0.85,90
3569,1758018515.015,5,0.86,90
3570,1758018515.322,5,0.82,90
3571,1758018515.62,5,0.83,90
3572,1758018515.926,5,0.85,90
3573,1758018516.218,5,0.85,90
3574,1758018516.52,5,0.82,90
3575,1758018516.819,5,0.85,90
3576,1758018517.119,5,0.85,90
3577,1758018517.418,5,0.85,90
3578,1758018517.718,5,0.87,90
3579,1758018518.021,5,0.84,90
3580,1758018518.315,5,0.84,90
3581,1758018518.618,5,0.86,90
3582,1758018518.925,5,0.85,90
3583,1758018519.215,5,0.83,90
3584,1758018519.521,5,0.85,90
3585,1758018519.823,5,0.83,90
3586,1758018520.119,5,0.82,90
3587,1758018520.434,5,0.85,90
3588,1758018520.725,5,0.85,90
3589,1758018521.016,5,0.84,90
3590,1758018521.321,5,0.85,90
3591,1758018521.627,5,0.86,90
3592,1758018521.924,5,0.84,90
3593,1758018522.216,5,0.86,90
3594,1758018522.528,5,0.85,90
3595,1758018522.823,5,0.85,90
3596,1758018523.12,5,0.86,90
3597,1758018523.416,5,0.85,90
3598,1758018523.719,5,0.83,90
3599,1758018524.021,5,0.85,90
3600,1758018524.321,5,0.82,90
3601,1758018524.62,5,0.83,90
3602,1758018524.921,5,0.83,90
3603,1758018525.216,5,0.83,90
3604,1758018525.519,5,0.82,90
3605,1758018525.82,5,0.86,90
3606,1758018526.117,5,0.82,90
3607,1758018526.418,5,0.85,90
3608,1758018526.721,5,0.86,90
3609,1758018527.016,5,0.86,90
3610,1758018527.322,5,0.84,90
3611,1758018527.62,5,0.84,90
3612,1758018527.916,5,0.83,90
3613,1758018528.222,5,0.84,90
3614,1758018528.516,5,0.83,90
3615,1758018528.818,5,0.86,90
3616,1758018529.133,5,0.85,90
3617,1758018529.418,5,0.85,90
3618,1758018529.716,5,0.83,90
3619,1758018530.014,5,0.85,90
3620,1758018530.315,5,0.82,90
3621,1758018530.616,5,0.85,90
3622,1758018530.92,5,0.85,90
3623,1758018531.238,5,0.82,90
3624,1758018531.522,5,0.82,90
3625,1758018531.815,5,0.86,90
3626,1758018532.122,5,0.82,90
3627,1758018532.418,5,0.84,90
3628,1758018532.719,5,0.85,90
3629,1758018533.017,5,0.83,90
3630,1758018533.315,5,0.85,90
3631,1758018533.622,5,0.85,90
3632,1758018533.923,5,0.85,90
3633,1758018534.215,5,0.84,90
3634,1758018534.52,5,0.85,90
3635,1758018534.82,5,0.83,90
3636,1758018535.122,5,0.86,90
3637,1758018535.419,5,0.82,90
3638,1758018535.718,5,0.82,90
3639,1758018536.018,5,0.85,90
3640,1758018536.319,5,0.82,90
3641,1758018536.618,5,0.82,90
3642,1758018536.92,5,0.83,90
3643,1758018537.219,5,0.83,90
3644,1758018537.521,5,0.84,90
3645,1758018537.817,5,0.84,90
3646,1758018538.116,5,0.83,90
3647,1758018538.423,5,0.83,90
3648,1758018538.713,5,0.85,90
3649,1758018539.02,5,0.82,90
3650,1758018539.321,5,0.86,90
3651,1758018539.615,5,0.84,90
3652,1758018539.908,5,0.84,90
3653,1758018540.215,5,0.85,90
3654,1758018540.518,5,0.86,90
3655,1758018540.82,5,0.83,90
3656,1758018541.118,5,0.87,90
3657,1758018541.419,5,0.83,90
3658,1758018541.722,5,0.84,90
3659,1758018542.024,5,0.85,90
3660,1758018542.314,5,0.85,90
3661,1758018542.614,5,0.82,90
3662,1758018542.917,5,0.83,90
3663,1758018543.217,5,0.85,90
3664,1758018543.519,5,0.82,90
3665,1758018543.818,5,0.86,90
3666,1758018544.12,5,0.86,90
3667,1758018544.414,5,0.86,90
3668,1758018544.721,5,0.83,90
3669,1758018545.017,5,0.86,90
3670,1758018545.315,5,0.82,90
3671,1758018545.619,5,0.85,90
3672,1758018545.92,5,0.83,90
3673,1758018546.22,5,0.83,90
3674,1758018546.546,5,0.86,90
3675,1758018546.825,5,0.86,90
3676,1758018547.116,5,0.82,90
3745,1758018567.816,5,0.84,100
3746,1758018568.124,5,0.84,100
3747,1758018568.421,5,0.84,100
3748,1758018568.713,5,0.84,100
3749,1758018569.02,5,0.85,100
3750,1758018569.318,5,0.84,100
3751,1758018569.619,5,0.85,100
3752,1758018569.916,5,0.85,100
3753,1758018570.212,5,0.85,100
3754,1758018570.518,5,0.86,100
3755,1758018570.84,5,0.85,100
3756,1758018571.117,5,0.85,100
3757,1758018571.42,5,0.86,100
3758,1758018571.716,5,0.85,100
3759,1758018572.022,5,0.85,100
3760,1758018572.318,5,0.85,100
3761,1758018572.621,5,0.85,100
3762,1758018572.93,5,0.85,100
3763,1758018573.218,5,0.85,100
3764,1758018573.518,5,0.85,100
3765,1758018573.816,5,0.85,100
3766,1758018574.118,5,0.86,100
3767,1758018574.415,5,0.85,100
3768,1758018574.724,5,0.86,100
3769,1758018575.017,5,0.85,100
3770,1758018575.319,5,0.85,100
3771,1758018575.617,5,0.86,100
3772,1758018575.924,5,0.85,100
3773,1758018576.218,5,0.86,100
3774,1758018576.514,5,0.85,100
3775,1758018576.819,5,0.85,100
3776,1758018577.124,5,0.85,100
3777,1758018577.438,5,0.85,100
3778,1758018577.717,5,0.85,100
3779,1758018578.021,5,0.85,100
3780,1758018578.317,5,0.85,100
3781,1758018578.619,5,0.85,100
3782,1758018578.918,5,0.85,100
3783,1758018579.221,5,0.85,100
3784,1758018579.519,5,0.85,100
3785,1758018579.815,5,0.85,100
3786,1758018580.121,5,0.85,100
3787,1758018580.418,5,0.85,100
3788,1758018580.718,5,0.85,100
3789,1758018581.018,5,0.85,100
3790,1758018581.323,5,0.85,100
3791,1758018581.624,5,0.85,100
3792,1758018581.916,5,0.85,100
3793,1758018582.218,5,0.85,100
3794,1758018582.515,5,0.85,100
3795,1758018582.819,5,0.85,100
3796,1758018583.125,5,0.85,100
3797,1758018583.419,5,0.85,100
3798,1758018583.72,5,0.86,100
3799,1758018584.035,5,0.85,100
3800,1758018584.322,5,0.85,100
3801,1758018584.624,5,0.85,100
3802,1758018584.921,5,0.86,100
3803,1758018585.224,5,0.85,100
3804,1758018585.529,5,0.85,100
3805,1758018585.819,5,0.85,100
3806,1758018586.126,5,0.85,100
3807,1758018586.422,5,0.85,100
3808,1758018586.723,5,0.86,100
3809,1758018587.022,5,0.85,100
3810,1758018587.323,5,0.86,100
3811,1758018587.621,5,0.85,100
3812,1758018587.924,5,0.86,100
3813,1758018588.213,5,0.86,100
3814,1758018588.547,5,0.85,100
3815,1758018588.823,5,0.85,100
3816,1758018589.121,5,0.86,100
3817,1758018589.422,5,0.85,100
3818,1758018589.719,5,0.86,100
3819,1758018590.018,5,0.85,100
3820,1758018590.317,5,0.86,100
3821,1758018590.624,5,0.85,100
3822,1758018590.919,5,0.85,100
3823,1758018591.222,5,0.85,100
3824,1758018591.517,5,0.86,100
3825,1758018591.825,5,0.85,100
3826,1758018592.12,5,0.85,100
3827,1758018592.419,5,0.86,100
3828,1758018592.715,5,0.86,100
3829,1758018593.046,5,0.86,100
3830,1758018593.323,5,0.86,100
3831,1758018593.62,5,0.85,100
3832,1758018593.922,5,0.86,100
3833,1758018594.218,5,0.86,100
3834,1758018594.521,5,0.85,100
3835,1758018594.823,5,0.86,100
3836,1758018595.131,5,0.85,100
3837,1758018595.415,5,0.85,100
3838,1758018595.722,5,0.86,100
3839,1758018596.023,5,0.85,100
3840,1758018596.319,5,0.86,100
3841,1758018596.623,5,0.86,100
3842,1758018596.923,5,0.86,100
3843,1758018597.22,5,0.86,100
3844,1758018597.523,5,0.86,100
3845,1758018597.823,5,0.86,100
3846,1758018598.116,5,0.85,100
3847,1758018598.424,5,0.86,100
3848,1758018598.72,5,0.86,100
3849,1758018599.025,5,0.86,100
3850,1758018599.325,5,0.86,100
3851,1758018599.618,5,0.86,100
3852,1758018599.919,5,0.86,100
3853,1758018600.222,5,0.86,100
3854,1758018600.519,5,0.86,100
3855,1758018600.82,5,0.86,100
3856,1758018601.129,5,0.86,100
3857,1758018601.421,5,0.86,100
3858,1758018601.743,5,0.86,100
3859,1758018602.023,5,0.86,100
3860,1758018602.319,5,0.86,100
3861,1758018602.624,5,0.88,100
3862,1758018602.92,5,0.86,100
3863,1758018603.221,5,0.86,100
3864,1758018603.524,5,0.87,100
3865,1758018603.835,5,0.85,100
3866,1758018604.124,5,0.85,100
3867,1758018604.42,5,0.86,100
3868,1758018604.724,5,0.86,100
3869,1758018605.02,5,0.86,100
3870,1758018605.322,5,0.86,100
3871,1758018605.624,5,0.86,100
3872,1758018605.942,5,0.85,100
3873,1758018606.222,5,0.85,100
3874,1758018606.522,5,0.86,100
3875,1758018606.823,5,0.86,100
3876,1758018607.125,5,0.86,100
3877,1758018607.423,5,0.86,100
3878,1758018607.725,5,0.86,100
3879,1758018608.044,5,0.86,100
3880,1758018608.319,5,0.86,100
3881,1758018608.625,5,0.86,100
3882,1758018608.917,5,0.86,100
3883,1758018609.224,5,0.86,100
3884,1758018609.523,5,0.86,100
3885,1758018609.823,5,0.86,100
3886,1758018610.143,5,0.86,100
3887,1758018610.422,5,0.86,100
3888,1758018610.726,5,0.86,100
3889,1758018611.021,5,0.86,100
3890,1758018611.32,5,0.86,100
3891,1758018611.621,5,0.86,100
3892,1758018611.923,5,0.86,100
3893,1758018612.235,5,0.86,100
3894,1758018612.524,5,0.86,100
3895,1758018612.821,5,0.86,100
3896,1758018613.125,5,0.86,100
3897,1758018613.423,5,0.86,100
3898,1758018613.726,5,0.88,100
3899,1758018614.024,5,0.86,100
3900,1758018614.331,5,0.86,100
3901,1758018614.629,5,0.86,100
3902,1758018614.921,5,0.86,100
3903,1758018615.223,5,0.86,100
3904,1758018615.524,5,0.86,100
3905,1758018615.819,5,0.86,100
3906,1758018616.116,5,0.86,100
3907,1758018616.424,5,0.85,100
3908,1758018616.721,5,0.85,100
3909,1758018617.023,5,0.86,100
3910,1758018617.32,5,0.86,100
3911,1758018617.626,5,0.86,100
3912,1758018617.92,5,0.86,100
3913,1758018618.221,5,0.86,100
3914,1758018618.523,5,0.86,100
3915,1758018618.817,5,0.86,100
3916,1758018619.117,5,0.86,100
3917,1758018619.42,5,0.86,100
3918,1758018619.723,5,0.86,100
3919,1758018620.016,5,0.86,100
3920,1758018620.32,5,0.86,100
3921,1758018620.622,5,0.86,100
3922,1758018620.919,5,0.86,100
3923,1758018621.219,5,0.86,100
3924,1758018621.524,5,0.86,100
3925,1758018621.823,5,0.86,100
3926,1758018622.122,5,0.86,100
3927,1758018622.422,5,0.86,100
3928,1758018622.725,5,0.87,100
3929,1758018623.036,5,0.86,100
3930,1758018623.314,5,0.86,100
3931,1758018623.625,5,0.87,100
3932,1758018623.922,5,0.86,100
3933,1758018624.219,5,0.87,100
3934,1758018624.525,5,0.85,100
3935,1758018624.818,5,0.86,100
3936,1758018625.121,5,0.86,100
3937,1758018625.42,5,0.86,100
3938,1758018625.722,5,0.86,100
3939,1758018626.017,5,0.86,100
3940,1758018626.321,5,0.86,100
3941,1758018626.618,5,0.86,100
3942,1758018626.924,5,0.86,100
3943,1758018627.224,5,0.86,100
3944,1758018627.544,5,0.86,100
3945,1758018627.815,5,0.86,100
3946,1758018628.122,5,0.86,100
3947,1758018628.424,5,0.86,100
3948,1758018628.72,5,0.86,100
3949,1758018629.026,5,0.86,100
3950,1758018629.32,5,0.86,100
3951,1758018629.626,5,0.86,100
3952,1758018629.924,5,0.86,100
3953,1758018630.222,5,0.86,100
3954,1758018630.523,5,0.86,100
3955,1758018630.826,5,0.86,100
3956,1758018631.115,5,0.86,100
3957,1758018631.421,5,0.86,100
3958,1758018631.717,5,0.86,100
3959,1758018632.014,5,0.86,100
3960,1758018632.319,5,0.86,100
3961,1758018632.622,5,0.86,100
3962,1758018632.923,5,0.86,100
3963,1758018633.217,5,0.86,100
3964,1758018633.517,5,0.86,100
3965,1758018633.815,5,0.86,100
3966,1758018634.144,5,0.86,100
3967,1758018634.419,5,0.86,100
3968,1758018634.723,5,0.86,100
3969,1758018635.026,5,0.86,100
3970,1758018635.327,5,0.86,100
3971,1758018635.62,5,0.86,100
3972,1758018635.926,5,0.86,100
3973,1758018636.243,5,0.86,100
3974,1758018636.518,5,0.86,100
3975,1758018636.824,5,0.86,100
3976,1758018637.118,5,0.86,100
3977,1758018637.422,5,0.86,100
3978,1758018637.725,5,0.86,100
3979,1758018638.022,5,0.86,100
3980,1758018638.317,5,0.86,100
3981,1758018638.62,5,0.86,100
3982,1758018638.92,5,0.86,100
3983,1758018639.222,5,0.86,100
3984,1758018639.522,5,0.86,100
3985,1758018639.819,5,0.86,100
3986,1758018640.124,5,0.86,100
3987,1758018640.437,5,0.86,100
3988,1758018640.714,5,0.86,100
3989,1758018641.018,5,0.86,100
3990,1758018641.312,5,0.86,100
3991,1758018641.622,5,0.86,100
3992,1758018641.922,5,0.86,100
3993,1758018642.221,5,0.86,100
3994,1758018642.518,5,0.86,100
3995,1758018642.818,5,0.86,100
3996,1758018643.119,5,0.86,100
3997,1758018643.417,5,0.87,100
3998,1758018643.725,5,0.86,100
3999,1758018644.015,5,0.87,100
4000,1758018644.323,5,0.86,100
4001,1758018644.619,5,0.86,100
4002,1758018644.917,5,0.86,100
4003,1758018645.223,5,0.86,100
4004,1758018645.517,5,0.86,100
4005,1758018645.821,5,0.86,100
4006,1758018646.118,5,0.86,100
4007,1758018646.418,5,0.86,100
4008,1758018646.718,5,0.87,100
4009,1758018647.03,5,0.83,100
4010,1758018647.323,5,0.83,100
