,period,load,exp_duration,experiment,duration,energy,power_avg,ID
0,0.0,0,80015,sleep,80.009,188.5079000000062,2.3560836905848865,53
1,0.0,0,80015,sleep,80.007,188.83107500000446,2.3601819215819173,160
2,0.0,0,80015,sleep,80.01,188.75362500000602,2.3591254218223474,171
3,0.0,0,80015,sleep,80.011,188.82615000000595,2.360002374673557,206
4,0.0,0,80015,sleep,80.008,189.07225000000594,2.3631668083192423,224
5,0.0,0,80015,sleep,80.008,188.745125000007,2.359078154684619,235
6,0.0,0,80015,sleep,80.007,188.93002500000478,2.361418688364828,254
7,0.0,0,80015,sleep,80.008,189.03222500000413,2.3626665458454674,309
8,0.0,0,80014,sleep,80.01,188.57415000000668,2.356882264716994,327
9,0.0,0,80015,sleep,80.007,188.8091750000054,2.359908195532958,345
10,0.0,0,80015,sleep,80.008,188.9189000000056,2.3612501249875715,389
11,0.0,0,80016,sleep,80.008,189.1821500000069,2.3645404209579906,391
12,0.0,0,80016,sleep,80.005,188.62972500000677,2.3577242047372886,392
13,0.0,0,80015,sleep,80.01,189.1771250000075,2.3644185101863204,413
14,0.0,0,80016,sleep,80.014,188.89255000000577,2.3607437448447244,453
15,0.0,0,80015,sleep,80.008,188.5550000000049,2.3567018298170797,501
16,0.0,0,80016,sleep,80.009,188.73080000000576,2.3588696271670155,544
17,0.0,0,80014,sleep,80.008,188.81095000000496,2.3599008849115712,550
18,0.0,0,80015,sleep,80.009,188.84195000000696,2.3602588458799256,559
19,0.0,0,80015,sleep,80.009,188.54642500000483,2.3565651989151823,582
20,0.0,0,80015,sleep,80.011,188.51880000000622,2.3561610278587475,587
21,0.0,0,80015,sleep,80.009,189.0056000000064,2.362304240772993,610
22,0.0,0,80015,sleep,80.007,188.83067500000487,2.360176922019384,652
23,0.0,0,80014,sleep,80.006,188.76575000000597,2.359394920381046,659
24,0.0,0,80015,sleep,80.01,189.00340000000918,2.3622472190977275,663
25,0.0,0,80015,sleep,80.001,188.56482500000567,2.3570308496144508,684
26,0.0,0,80015,sleep,80.01,188.6742250000061,2.358133045869342,687
27,0.0,0,80015,sleep,80.008,189.46380000000494,2.3680606939306688,701
28,0.0,0,80015,sleep,80.008,188.73120000000569,2.3589041095891123,704
29,0.0,0,80015,sleep,80.013,188.42470000000617,2.3549260745129685,728
30,0.0,0,80014,sleep,80.007,188.5283750000053,2.3563985026310856,804
31,0.0,0,80014,sleep,80.008,188.53095000000596,2.356401234876587,866
32,0.0,0,80015,sleep,80.008,188.84307500000634,2.3603024072593533,905
33,0.0,0,80015,sleep,80.008,188.795050000007,2.359702154784609,962
34,0.0,0,80015,sleep,80.012,188.75642500000654,2.359101447282989,979
35,0.01,0,80015,sleep,80.009,192.6910999999951,2.4083678086214686,20
36,0.01,0,80015,sleep,80.01,192.31579999999272,2.403647044119394,31
37,0.01,0,80015,sleep,80.011,192.33842499999395,2.403899776280686,124
38,0.01,0,80014,sleep,80.009,192.55069999999475,2.406613006036755,136
39,0.01,0,80016,sleep,80.013,192.26069999999243,2.402868283903771,233
40,0.01,0,80015,sleep,80.01,192.43952499999173,2.405193413323231,241
41,0.01,0,80015,sleep,80.009,192.42117499998932,2.4049941256607297,242
42,0.01,0,80015,sleep,79.997,192.47319999998953,2.406005225195814,334
43,0.01,0,80015,sleep,80.008,192.55389999999443,2.4066830816917615,381
44,0.01,0,80015,sleep,80.006,192.80884999999344,2.4099298802588986,407
45,0.01,0,80015,sleep,80.013,192.38679999999212,2.404444277804758,417
46,0.01,0,80015,sleep,80.011,192.42149999999023,2.4049380710151134,441
47,0.01,0,80015,sleep,80.01,192.69989999999095,2.408447694038132,456
48,0.01,0,80015,sleep,80.01,192.53794999998917,2.4064235720533578,488
49,0.01,0,80015,sleep,80.008,192.17809999999128,2.4019860513947515,548
50,0.01,0,80015,sleep,80.011,192.61769999999308,2.40739023384276,566
51,0.01,0,80016,sleep,80.012,192.30152499999534,2.403408551217259,568
52,0.01,0,80015,sleep,80.004,192.16477499999277,2.4019395905203833,569
53,0.01,0,80015,sleep,80.012,192.54922499999006,2.4065043368493484,588
54,0.01,0,80015,sleep,80.011,192.35434999999168,2.404098811413327,591
55,0.01,0,80015,sleep,80.007,192.2701999999905,2.40316722286788,608
56,0.01,0,80015,sleep,80.012,192.44909999999382,2.4052529620556142,615
57,0.01,0,80015,sleep,80.009,192.58699999999004,2.4070667049955636,621
58,0.01,0,80016,sleep,80.014,192.52999999999165,2.4062039143148906,672
59,0.01,0,80014,sleep,80.004,192.44859999999125,2.4054872256386086,695
60,0.01,0,80015,sleep,80.008,192.61939999999032,2.4075017498248967,719
61,0.01,0,80015,sleep,80.009,192.49144999999427,2.405872464347689,725
62,0.01,0,80015,sleep,80.01,192.43704999999485,2.405162479689974,749
63,0.01,0,80015,sleep,80.007,192.19172499999323,2.402186371192436,751
64,0.01,0,80014,sleep,80.009,192.15824999999418,2.4017079328574806,780
65,0.01,0,80016,sleep,80.013,192.61567499999472,2.4073047504779814,837
66,0.01,0,80016,sleep,80.008,192.26714999999055,2.4030990650933726,874
67,0.01,0,80014,sleep,80.008,192.4685999999932,2.4056169383060846,881
68,0.01,0,80015,sleep,80.012,192.45759999999282,2.405359196120492,907
69,0.01,0,80016,sleep,80.007,192.52197499999124,2.406314135013077,938
70,0.02,0,80016,sleep,80.011,192.4315499999926,2.4050636787440802,5
71,0.02,0,80014,sleep,80.01,192.52634999999103,2.4062785901761155,71
72,0.02,0,80016,sleep,80.004,192.20977499999262,2.402502062396788,118
73,0.02,0,80016,sleep,80.008,192.5045499999913,2.406066268373054,144
74,0.02,0,80016,sleep,79.988,192.13419999999275,2.40203780567076,196
75,0.02,0,80015,sleep,80.013,192.51937499999067,2.4061011960555243,240
76,0.02,0,80013,sleep,79.99,192.23477499999288,2.403235091886397,262
77,0.02,0,80015,sleep,79.976,191.9423999999934,2.3999999999999173,264
78,0.02,0,80015,sleep,80.011,192.20454999999245,2.4022265688466895,283
79,0.02,0,80015,sleep,80.009,192.2554499999941,2.4029227961853556,286
80,0.02,0,80015,sleep,80.007,192.4383749999934,2.405269226442604,296
81,0.02,0,80015,sleep,80.01,192.37999999999263,2.40444944381943,329
82,0.02,0,80016,sleep,80.011,192.48619999999204,2.4057467098272993,333
83,0.02,0,80015,sleep,80.014,192.28862499998988,2.403187254730296,350
84,0.02,0,80016,sleep,80.008,192.15172499999036,2.4016563968601936,373
85,0.02,0,80015,sleep,80.003,192.56257499999307,2.406941927177644,503
86,0.02,0,80014,sleep,80.004,192.63639999999546,2.4078346082695297,539
87,0.02,0,80016,sleep,80.013,192.46129999999013,2.405375376501195,640
88,0.02,0,80015,sleep,80.011,192.52092499999353,2.4061807126519295,642
89,0.02,0,80016,sleep,80.003,192.16879999999276,2.40201992425275,645
90,0.02,0,80016,sleep,80.008,192.31224999999066,2.403662758724011,689
91,0.02,0,80015,sleep,80.014,192.20762499999023,2.402174931886798,693
92,0.02,0,80015,sleep,79.991,192.30802499999322,2.404120776087225,736
93,0.02,0,80016,sleep,79.997,192.44614999999195,2.405667087515681,745
94,0.02,0,80014,sleep,79.987,192.24439999999277,2.403445559903394,746
95,0.02,0,80016,sleep,80.006,192.6151749999922,2.407509124315579,782
96,0.02,0,80015,sleep,80.006,192.596524999995,2.4072760167986775,811
97,0.02,0,80015,sleep,79.997,192.58122499999325,2.4073555883344784,822
98,0.02,0,80015,sleep,80.008,192.57989999999188,2.407008049194979,828
99,0.02,0,80015,sleep,80.002,192.2583749999902,2.403169608259671,861
100,0.02,0,80016,sleep,80.011,192.43592499999187,2.4051183587255736,876
101,0.02,0,80014,sleep,80.01,192.52597499999254,2.406273903261999,890
102,0.02,0,80015,sleep,80.009,192.29209999999136,2.403380869652056,909
103,0.02,0,80014,sleep,80.013,192.44132499999364,2.4051257295688653,940
104,0.02,0,80014,sleep,80.011,192.30059999999241,2.4034270287834474,952
105,0.03,0,80015,sleep,80.012,192.3746999999929,2.4043231015346813,21
106,0.03,0,80015,sleep,80.011,192.5548999999911,2.4066053417653963,35
107,0.03,0,80015,sleep,80.008,192.43074999999484,2.405143860613874,51
108,0.03,0,80016,sleep,80.012,192.41312499999384,2.404803341998623,61
109,0.03,0,80016,sleep,79.996,192.38064999999085,2.4048783689183315,75
110,0.03,0,80015,sleep,80.009,192.21629999999297,2.4024334762338357,135
111,0.03,0,80015,sleep,80.012,192.06952499999457,2.4005089861520092,150
112,0.03,0,80015,sleep,80.007,192.30722499999067,2.4036299948753315,157
113,0.03,0,80015,sleep,80.005,192.41722499999344,2.405064995937672,174
114,0.03,0,80015,sleep,80.007,192.44697499999396,2.4053767170371834,184
115,0.03,0,80016,sleep,80.008,192.55797499999323,2.4067340140985056,185
116,0.03,0,80015,sleep,80.011,192.28019999999464,2.403172063841155,200
117,0.03,0,80016,sleep,80.009,196.56597499998873,2.456798297691369,213
118,0.03,0,80014,sleep,80.01,192.3076499999942,2.403545181852196,245
119,0.03,0,80013,sleep,80.008,192.43689999999464,2.4052207279271403,260
120,0.03,0,80015,sleep,80.011,192.22539999998997,2.4024871580156475,266
121,0.03,0,80015,sleep,80.013,192.35984999999357,2.4041074575380694,341
122,0.03,0,80015,sleep,80.01,192.14252499999492,2.4014813773277703,349
123,0.03,0,80015,sleep,80.011,192.30004999999008,2.403420154728601,354
124,0.03,0,80016,sleep,80.005,192.24329999999182,2.4028910693080663,367
125,0.03,0,80015,sleep,80.005,192.19547499999433,2.4022932941690436,439
126,0.03,0,80015,sleep,80.011,192.35787499999003,2.4041428678555454,469
127,0.03,0,80015,sleep,80.005,192.53567499999517,2.4065455284044144,489
128,0.03,0,80016,sleep,80.009,192.52387499999097,2.4062777312551207,540
129,0.03,0,80016,sleep,80.008,192.2309999999961,2.4026472352764237,563
130,0.03,0,80015,sleep,80.006,192.10977499999075,2.4011920980925274,602
131,0.03,0,80015,sleep,80.012,192.75604999999257,2.4090892616106654,632
132,0.03,0,80015,sleep,80.014,192.26884999999106,2.402940110480554,668
133,0.03,0,80015,sleep,79.992,192.27002499998946,2.4036156740672747,812
134,0.03,0,80015,sleep,79.988,192.37869999999464,2.4050945141770597,870
135,0.03,0,80016,sleep,80.01,192.17659999999293,2.4019072615922124,873
136,0.03,0,80016,sleep,80.013,192.46167499999115,2.4053800632396127,878
137,0.03,0,80015,sleep,80.007,192.70754999999153,2.4086336195581826,895
138,0.03,0,80015,sleep,80.012,192.45242499999114,2.405294518322141,918
139,0.03,0,80016,sleep,80.008,192.57484999999215,2.4069449305068513,957
140,0.04,0,80015,sleep,80.009,192.291199999995,2.403369620917584,0
141,0.04,0,80016,sleep,80.01,192.5257249999922,2.406270778652571,9
142,0.04,0,80015,sleep,80.01,192.2208499999925,2.4024603174602235,27
143,0.04,0,80015,sleep,80.007,190.5381499999972,2.381518492131903,102
144,0.04,0,80015,sleep,80.009,190.63402499999722,2.382657263557815,117
145,0.04,0,80015,sleep,80.008,192.32164999999026,2.403780246975181,149
146,0.04,0,80016,sleep,80.011,192.58139999999227,2.406936546224798,219
147,0.04,0,80015,sleep,80.01,190.7045250000001,2.383508623922011,228
148,0.04,0,80015,sleep,80.012,192.14774999999244,2.401486652002105,232
149,0.04,0,80015,sleep,80.011,191.90387499999466,2.398468648060825,239
150,0.04,0,80015,sleep,80.013,192.25884999999346,2.4028451626609857,267
151,0.04,0,80015,sleep,80.006,190.62387499999954,2.382619741019418,355
152,0.04,0,80016,sleep,80.014,192.129274999994,2.401195728247482,377
153,0.04,0,80013,sleep,80.008,192.3351749999932,2.4039492925706583,383
154,0.04,0,80016,sleep,80.01,189.44532500000295,2.3677705911761397,430
155,0.04,0,80015,sleep,79.99,189.36212500000153,2.3673224778097453,431
156,0.04,0,80015,sleep,80.013,189.9886000000025,2.374471648357173,444
157,0.04,0,80015,sleep,80.008,188.95600000000272,2.361713828617172,492
158,0.04,0,80016,sleep,80.009,192.432449999994,2.4051350473071027,510
159,0.04,0,80015,sleep,80.011,192.20149999999262,2.4021884490881584,530
160,0.04,0,80015,sleep,80.011,192.08064999999272,2.4006780317705405,570
161,0.04,0,80015,sleep,80.014,192.3084499999922,2.4034350238707254,583
162,0.04,0,80015,sleep,80.009,191.24229999999812,2.3902598457673276,596
163,0.04,0,80015,sleep,80.014,192.44597499999352,2.405153785587441,613
164,0.04,0,80016,sleep,80.009,192.15682499999275,2.4016901223611438,656
165,0.04,0,80014,sleep,80.01,189.11637500000535,2.363659230096305,696
166,0.04,0,80014,sleep,80.007,192.20974999999322,2.4024116639793167,710
167,0.04,0,80014,sleep,80.009,192.34399999998993,2.404029546675873,739
168,0.04,0,80015,sleep,79.992,191.98079999999376,2.3999999999999218,765
169,0.04,0,80015,sleep,80.012,192.44197499999365,2.405163912912984,771
170,0.04,0,80016,sleep,80.007,189.29170000000317,2.365939230317387,850
171,0.04,0,80015,sleep,80.012,192.59722499999353,2.4071042468628896,871
172,0.04,0,80015,sleep,80.01,191.1862999999968,2.389530058742617,934
173,0.04,0,80015,sleep,80.006,192.3833749999894,2.4046118416117466,935
174,0.04,0,80015,sleep,80.008,192.03929999999187,2.400251224877411,972
175,0.05,0,80015,sleep,80.009,189.4457500000015,2.3678054968816196,3
176,0.05,0,80015,sleep,80.011,189.35297500000064,2.3665867818175084,30
177,0.05,0,80015,sleep,80.012,189.95352499999956,2.374062953057036,62
178,0.05,0,80015,sleep,80.01,190.47357499999922,2.380622109736273,88
179,0.05,0,80015,sleep,79.997,191.42764999999469,2.392935360075936,96
180,0.05,0,80015,sleep,80.005,189.94234999999986,2.37413099181301,104
181,0.05,0,80016,sleep,80.009,189.6737250000026,2.370654863827852,137
182,0.05,0,80015,sleep,80.01,190.5473999999936,2.3815448068990572,139
183,0.05,0,80015,sleep,80.008,189.9956500000009,2.3747081541845927,147
184,0.05,0,80015,sleep,80.008,189.42015000000126,2.3675151234876672,173
185,0.05,0,80016,sleep,79.994,189.12640000000516,2.364257319299012,176
186,0.05,0,80015,sleep,80.008,190.04642499999878,2.3753427782221626,203
187,0.05,0,80015,sleep,80.012,189.0703000000037,2.3630242963555927,255
188,0.05,0,80015,sleep,80.007,189.6619000000001,2.3705663254465246,268
189,0.05,0,80014,sleep,80.007,190.55794999999776,2.381765970477555,385
190,0.05,0,80015,sleep,80.015,189.56920000000167,2.3691707804786812,393
191,0.05,0,80014,sleep,80.01,189.61360000000258,2.36987376577931,450
192,0.05,0,80016,sleep,80.008,189.57132500000233,2.3694046220378255,454
193,0.05,0,80016,sleep,80.011,190.5641500000002,2.381724387896667,462
194,0.05,0,80016,sleep,80.011,189.40820000000338,2.3672769994126233,490
195,0.05,0,80016,sleep,80.01,190.4510999999991,2.38034120734907,505
196,0.05,0,80016,sleep,80.008,189.88832500000072,2.3733667258274265,589
197,0.05,0,80015,sleep,80.008,190.60539999999884,2.382329267073278,634
198,0.05,0,80015,sleep,80.005,190.63334999999597,2.3827679520029497,661
199,0.05,0,80015,sleep,80.009,190.0212749999987,2.374998750140593,753
200,0.05,0,80016,sleep,80.008,190.63782499999564,2.3827345390460413,778
201,0.05,0,80015,sleep,79.991,190.47667499999704,2.3812263254615775,792
202,0.05,0,80017,sleep,80.014,189.21605000000244,2.364786787312251,819
203,0.05,0,80015,sleep,80.013,190.199625,2.377109032282254,860
204,0.05,0,80015,sleep,80.009,189.89187500000054,2.373381432088897,888
205,0.05,0,80015,sleep,80.009,189.53800000000157,2.3689584921696505,891
206,0.05,0,80015,sleep,80.01,190.41042499999966,2.379832833395821,919
207,0.05,0,80015,sleep,80.009,189.6196250000036,2.3699786898974313,948
208,0.05,0,80015,sleep,80.007,189.68282500000302,2.3708278650618446,950
209,0.05,0,80015,sleep,80.014,191.4326249999962,2.3924891269027446,980
210,0.1,0,80016,sleep,80.01,188.35447500000598,2.3541366704162727,44
211,0.1,0,80015,sleep,80.008,188.50802500000518,2.356114701029962,46
212,0.1,0,80015,sleep,79.994,188.21752500000605,2.3528955296648006,86
213,0.1,0,80014,sleep,80.011,188.16592500000684,2.3517506967792783,101
214,0.1,0,80015,sleep,80.012,188.76690000000403,2.3592323651452785,106
215,0.1,0,80016,sleep,80.005,188.68765000000585,2.358448221986199,143
216,0.1,0,80015,sleep,80.007,188.6673750000059,2.358135850613145,177
217,0.1,0,80015,sleep,79.992,188.40642500000575,2.35531584408448,195
218,0.1,0,80015,sleep,80.009,188.4583000000054,2.355463760327031,201
219,0.1,0,80015,sleep,79.998,189.11087500000093,2.3639450361259144,226
220,0.1,0,80015,sleep,80.014,188.75105000000514,2.358975304321808,229
221,0.1,0,80016,sleep,79.998,188.76592500000427,2.3596330533263865,305
222,0.1,0,80015,sleep,80.009,188.43142500000639,2.3551278606157604,323
223,0.1,0,80015,sleep,80.013,188.5613500000049,2.356633921987738,326
224,0.1,0,80016,sleep,80.011,188.3937750000052,2.3545984302159106,328
225,0.1,0,80016,sleep,80.013,192.57660000000595,2.4068163923363195,338
226,0.1,0,80015,sleep,80.012,188.46250000000597,2.355427935809703,406
227,0.1,0,80016,sleep,80.01,188.42877500000736,2.35506530433705,448
228,0.1,0,80015,sleep,80.012,188.36152500000503,2.3541659376094213,449
229,0.1,0,80015,sleep,80.01,188.49370000000545,2.355876765404392,476
230,0.1,0,80015,sleep,80.014,188.30030000000536,2.3533419151649135,500
231,0.1,0,80014,sleep,80.008,188.3511000000063,2.3541533346666124,504
232,0.1,0,80016,sleep,80.011,188.86627500000674,2.3605038682182045,516
233,0.1,0,80015,sleep,80.01,188.37492500000587,2.35439226346714,549
234,0.1,0,80015,sleep,80.01,188.21715000000583,2.352420322459765,590
235,0.1,0,80015,sleep,80.011,188.47565000000458,2.355621727012593,638
236,0.1,0,80015,sleep,80.007,188.1901500000066,2.3521710600323296,646
237,0.1,0,80015,sleep,80.009,188.48840000000484,2.3558399680036604,700
238,0.1,0,80015,sleep,80.008,188.4045750000066,2.3548217053295497,724
239,0.1,0,80015,sleep,80.009,188.31320000000545,2.3536502143509535,727
240,0.1,0,80016,sleep,80.011,188.02585000000673,2.350000000000084,769
241,0.1,0,80014,sleep,80.005,188.367700000006,2.354449096931517,775
242,0.1,0,80015,sleep,80.011,188.38107500000618,2.354439702041047,776
243,0.1,0,80015,sleep,80.009,188.660775000006,2.357994413128598,797
244,0.1,0,80015,sleep,80.01,188.35545000000528,2.354148856393017,840
245,0.2,0,80015,sleep,80.014,188.53807500000514,2.3563135826231054,25
246,0.2,0,80015,sleep,80.005,188.43155000000561,2.355247172051817,48
247,0.2,0,80016,sleep,80.01,188.58890000000648,2.3570666166729968,73
248,0.2,0,80016,sleep,80.012,188.52557500000506,2.356216255061804,93
249,0.2,0,80015,sleep,80.009,188.5602250000054,2.3567376795111223,175
250,0.2,0,80015,sleep,79.993,188.26185000000407,2.3534790544173125,179
251,0.2,0,80015,sleep,80.011,188.1821750000064,2.351953793853425,198
252,0.2,0,80015,sleep,79.995,188.55950000000374,2.357141071317004,209
253,0.2,0,80015,sleep,79.994,188.61502500000572,2.3578646523489977,210
254,0.2,0,80015,sleep,80.004,188.3175500000057,2.35385168241595,212
255,0.2,0,80015,sleep,80.01,188.73790000000528,2.35892888388958,243
256,0.2,0,80015,sleep,80.008,188.56347500000572,2.356807756724399,263
257,0.2,0,80016,sleep,80.006,188.1736250000051,2.351993912956592,301
258,0.2,0,80016,sleep,79.989,188.38607500000532,2.355149770593523,330
259,0.2,0,80016,sleep,80.011,188.50952500000412,2.3560451062979357,359
260,0.2,0,80015,sleep,80.013,188.28370000000558,2.353163860872678,370
261,0.2,0,80016,sleep,80.012,188.7139000000063,2.358569964505403,375
262,0.2,0,80016,sleep,80.01,188.87317500000478,2.3606196100488033,409
263,0.2,0,80016,sleep,80.002,188.85587500000636,2.360639421514542,410
264,0.2,0,80016,sleep,80.01,188.643575000006,2.3577499687539807,416
265,0.2,0,80015,sleep,80.008,188.54790000000443,2.3566130886911862,419
266,0.2,0,80016,sleep,80.014,188.46592500000511,2.355411865423615,432
267,0.2,0,80016,sleep,80.011,188.46357500000602,2.355470810263664,464
268,0.2,0,80015,sleep,80.01,188.59577500000358,2.3571525434321154,507
269,0.2,0,80016,sleep,80.008,188.31192500000546,2.353663696130455,534
270,0.2,0,80015,sleep,80.006,188.60417500000517,2.3573753843462386,555
271,0.2,0,80015,sleep,80.012,188.56035000000662,2.3566508773684776,556
272,0.2,0,80015,sleep,80.007,188.80737500000393,2.3598856975015177,658
273,0.2,0,80016,sleep,80.004,188.16150000000553,2.351901154942322,752
274,0.2,0,80016,sleep,80.012,188.4788750000039,2.355632592611157,767
275,0.2,0,80016,sleep,79.998,188.34267500000493,2.354342296057463,813
276,0.2,0,80016,sleep,80.003,188.37865000000633,2.354644825819111,836
277,0.2,0,80016,sleep,80.014,188.57782500000542,2.356810370685198,893
278,0.2,0,80015,sleep,80.006,188.69067500000625,2.3584565532585837,899
279,0.2,0,80015,sleep,80.011,188.8584500000067,2.360406069165574,951
280,0.5,0,80016,sleep,80.007,194.3552500000038,2.429228067544137,15
281,0.5,0,80016,sleep,80.013,188.7859250000048,2.359440653393883,50
282,0.5,0,80014,sleep,79.987,188.50220000000542,2.356660457324383,180
283,0.5,0,80016,sleep,80.012,188.6695750000058,2.3580159851023073,303
284,0.5,0,80016,sleep,80.011,188.49522500000484,2.3558663808726905,322
285,0.5,0,80016,sleep,80.01,188.4209750000044,2.3549678165229895,369
286,0.5,0,80016,sleep,80.011,188.5148000000076,2.356111034732819,376
287,0.5,0,80015,sleep,80.007,188.56345000000533,2.3568369017711617,388
288,0.5,0,80016,sleep,79.997,188.51602500000416,2.3565386827006534,399
289,0.5,0,80016,sleep,80.012,188.51205000000493,2.356047217917374,404
290,0.5,0,80016,sleep,80.009,189.10605000000663,2.3635597245310733,422
291,0.5,0,80016,sleep,80.01,188.7105750000066,2.3585873640795723,423
292,0.5,0,80015,sleep,80.01,188.74532500000586,2.3590216847894743,427
293,0.5,0,80016,sleep,80.014,188.69682500000573,2.3582976104182487,433
294,0.5,0,80016,sleep,80.011,188.54420000000596,2.356478484208496,478
295,0.5,0,80016,sleep,79.989,188.94780000000537,2.362172298691137,485
296,0.5,0,80015,sleep,80.012,188.9043500000056,2.3609502324652003,518
297,0.5,0,80015,sleep,80.012,188.52077500000522,2.356156264060456,521
298,0.5,0,80015,sleep,80.014,188.6343500000053,2.3575168095583936,538
299,0.5,0,80015,sleep,80.004,188.1825000000057,2.35216364181798,567
300,0.5,0,80016,sleep,80.009,188.70125000000837,2.3585002937170616,633
301,0.5,0,80016,sleep,80.013,188.73192500000604,2.3587657630635777,637
302,0.5,0,80016,sleep,80.01,188.3168250000051,2.353666104237034,648
303,0.5,0,80015,sleep,80.009,188.5206500000061,2.3562430476572147,678
304,0.5,0,80016,sleep,80.009,189.01330000000533,2.3624004799460727,703
305,0.5,0,80015,sleep,80.009,189.18567500000646,2.36455492507101,708
306,0.5,0,80015,sleep,80.013,188.72592500000553,2.358690775249091,722
307,0.5,0,80014,sleep,80.008,188.91467500000616,2.3611973177683003,729
308,0.5,0,80015,sleep,80.006,188.48472500000517,2.3558823713222155,733
309,0.5,0,80015,sleep,80.006,188.8311000000046,2.3602117341199986,790
310,0.5,0,80016,sleep,80.015,188.79925000000736,2.359548209710771,796
311,0.5,0,80015,sleep,80.01,188.3774000000049,2.3544231971004237,849
312,0.5,0,80015,sleep,80.012,188.93575000000496,2.361342673599022,906
313,0.5,0,80014,sleep,80.004,188.53170000000463,2.356528423578879,933
314,0.5,0,80015,sleep,80.007,188.790825000006,2.3596788406015223,944
315,1.0,0,80016,sleep,80.014,188.7960000000046,2.3595370810108807,4
316,1.0,0,80015,sleep,80.009,188.54797500000507,2.356584571735743,10
317,1.0,0,80016,sleep,80.012,189.0906500000057,2.3632786332050904,60
318,1.0,0,80015,sleep,80.009,188.5633750000051,2.3567770500819294,121
319,1.0,0,80015,sleep,80.006,188.4029000000056,2.354859635527405,154
320,1.0,0,80015,sleep,80.005,188.98512500000632,2.3621664270983853,187
321,1.0,0,80016,sleep,80.01,188.54627500000663,2.356533870766237,218
322,1.0,0,80015,sleep,80.009,188.58585000000633,2.3570579559800313,237
323,1.0,0,80016,sleep,80.011,188.7474750000059,2.3590190723776217,325
324,1.0,0,80016,sleep,80.016,189.1200500000042,2.363527919416169,374
325,1.0,0,80016,sleep,79.999,188.58137500000652,2.357296653708253,382
326,1.0,0,80016,sleep,80.003,188.4995000000067,2.356155394172802,401
327,1.0,0,80016,sleep,80.014,188.8998500000063,2.360834978878775,411
328,1.0,0,80016,sleep,80.009,188.5597750000059,2.3567320551438704,415
329,1.0,0,80015,sleep,80.013,188.69490000000627,2.3583030257583926,426
330,1.0,0,80016,sleep,80.012,188.75247500000629,2.359052079688125,436
331,1.0,0,80015,sleep,80.01,188.9973000000055,2.36217097862774,524
332,1.0,0,80015,sleep,80.01,188.952800000005,2.3616147981502937,531
333,1.0,0,80015,sleep,80.007,188.49110000000758,2.3559326058970784,565
334,1.0,0,80015,sleep,80.006,189.01002500000524,2.362448128890399,636
335,1.0,0,80015,sleep,80.013,188.63747500000525,2.3575853298839595,649
336,1.0,0,80016,sleep,80.01,188.76607500000608,2.3592810273716545,655
337,1.0,0,80016,sleep,80.008,188.71012500000631,2.358640698430236,669
338,1.0,0,80016,sleep,80.011,188.70720000000443,2.358515704090743,741
339,1.0,0,80015,sleep,80.003,188.59205000000645,2.3573122257916133,758
340,1.0,0,80016,sleep,80.011,188.49182500000617,2.355823886715654,768
341,1.0,0,80015,sleep,80.012,188.5955750000066,2.3570911238315078,791
342,1.0,0,80016,sleep,80.013,188.75860000000583,2.3590991463887847,846
343,1.0,0,80016,sleep,80.007,188.60117500000544,2.357308423013054,848
344,1.0,0,80015,sleep,80.012,188.85877500000663,2.360380630405522,910
345,1.0,0,80016,sleep,80.014,188.73125000000633,2.3587278476267444,913
346,1.0,0,80015,sleep,80.01,188.22182500000676,2.3524787526560025,929
347,1.0,0,80015,sleep,80.008,188.46742500000676,2.355607251774907,939
348,1.0,0,80015,sleep,80.011,188.97905000000674,2.3619133619128214,964
349,1.0,0,80015,sleep,80.009,188.49502500000636,2.355922771188321,967
350,2.0,0,80014,sleep,79.994,188.90645000000424,2.3615077380804093,77
351,2.0,0,80016,sleep,80.012,188.76355000000555,2.3591904964256054,99
352,2.0,0,80015,sleep,80.005,188.83937500000698,2.360344665958465,133
353,2.0,0,80016,sleep,80.015,188.66140000000792,2.3578254077361485,140
354,2.0,0,80015,sleep,80.01,188.67355000000566,2.358124609423893,189
355,2.0,0,80015,sleep,80.007,188.4899250000062,2.355917919682105,319
356,2.0,0,80016,sleep,80.011,188.691750000005,2.3583226056417868,347
357,2.0,0,80016,sleep,80.004,188.63082500000547,2.3577674241288618,412
358,2.0,0,80015,sleep,80.008,188.77990000000656,2.35951279872021,428
359,2.0,0,80015,sleep,79.993,188.9043250000064,2.3615106946858653,440
360,2.0,0,80014,sleep,80.009,188.75602500000684,2.3591849041983632,472
361,2.0,0,80015,sleep,80.005,188.57012500000627,2.3569792512968726,473
362,2.0,0,80016,sleep,80.005,188.7743500000063,2.359531904256063,486
363,2.0,0,80015,sleep,80.006,188.9239500000045,2.36137227207965,512
364,2.0,0,80015,sleep,80.009,188.57157500000548,2.3568795385519814,515
365,2.0,0,80015,sleep,80.01,188.81090000000572,2.359841269841341,525
366,2.0,0,80016,sleep,80.009,188.9902250000035,2.3621120748916185,526
367,2.0,0,80015,sleep,80.01,188.57172500000445,2.356851956005555,537
368,2.0,0,80015,sleep,80.011,188.88657500000775,2.3607575833323886,561
369,2.0,0,80015,sleep,80.007,188.86127500000572,2.3605593885535727,609
370,2.0,0,80016,sleep,80.006,188.5574000000051,2.3567907406945117,629
371,2.0,0,80014,sleep,79.992,188.6631000000049,2.358524602460307,711
372,2.0,0,80015,sleep,80.012,189.06040000000564,2.3629005649153334,772
373,2.0,0,80016,sleep,80.008,188.69767500000648,2.358485088991182,787
374,2.0,0,80016,sleep,80.015,189.0351250000051,2.3624960944823483,789
375,2.0,0,80014,sleep,80.007,188.60030000000685,2.3572974864700194,800
376,2.0,0,80015,sleep,80.011,188.62302500000524,2.357463661246644,821
377,2.0,0,80016,sleep,80.01,188.6285250000041,2.3575618672666425,847
378,2.0,0,80015,sleep,80.009,189.1848000000054,2.3645439888013273,894
379,2.0,0,80015,sleep,80.011,188.71605000000713,2.3586263138819303,922
380,2.0,0,80014,sleep,80.011,189.00280000000384,2.3622101960980846,923
381,2.0,0,80016,sleep,80.006,188.5616250000058,2.3568435492338797,937
382,2.0,0,80015,sleep,80.006,188.57402500000399,2.356998537609729,943
383,2.0,0,80015,sleep,80.013,188.73422500000652,2.3587945083924677,954
384,2.0,0,80015,sleep,80.009,188.6138000000063,2.357407291679765,958
385,0.01,80,80030,stress-ng,80.028,318.03622500001035,3.974061890838336,8
386,0.01,40,80025,stress-ng,80.017,283.31417500000043,3.540674794106258,12
387,0.01,20,80021,stress-ng,80.014,264.44295000002035,3.3049585072614835,28
388,0.01,80,80045,stress-ng,80.035,316.9292250000051,3.9598828637471746,33
389,0.01,80,80039,stress-ng,80.036,316.51097500000304,3.954607614073705,54
390,0.01,20,80023,stress-ng,80.014,266.0350500000156,3.3248562751520434,55
391,0.01,100,80023,stress-ng,80.019,332.1953500000051,4.15145590422281,65
392,0.01,60,80051,stress-ng,80.043,300.19249999999505,3.7503904151517937,69
393,0.01,20,80022,stress-ng,80.017,265.2282000000203,3.314648137271084,82
394,0.01,40,80022,stress-ng,80.019,282.4689749999966,3.5300238068458314,83
395,0.01,0,80025,stress-ng,80.019,192.71114999999227,2.408317399617494,91
396,0.01,80,80035,stress-ng,80.03,316.8773500000067,3.9594820692241246,116
397,0.01,80,80027,stress-ng,80.026,316.6067250000018,3.9562982655637144,127
398,0.01,0,80027,stress-ng,80.024,192.45014999999256,2.4049054033788932,163
399,0.01,20,80022,stress-ng,80.018,264.4264750000192,3.30458740533404,192
400,0.01,0,80027,stress-ng,80.023,192.05869999999223,2.4000437374253933,194
401,0.01,0,80026,stress-ng,80.02,192.24259999999188,2.402431892026892,199
402,0.01,0,80025,stress-ng,80.021,192.48159999999422,2.405388585496235,230
403,0.01,100,80027,stress-ng,80.019,331.71630000000533,4.145469201064813,236
404,0.01,60,80022,stress-ng,80.02,299.49529999999515,3.742755561109662,247
405,0.01,80,80032,stress-ng,80.025,316.1054750000026,3.950084036238708,256
406,0.01,100,80025,stress-ng,80.015,332.04837499999445,4.149826595013366,269
407,0.01,0,80025,stress-ng,80.017,192.650274999992,2.4076168189258786,310
408,0.01,60,80054,stress-ng,80.033,300.4097999999924,3.7535741506627565,332
409,0.01,100,80027,stress-ng,80.022,332.5094749999967,4.155225750418594,339
410,0.01,0,80025,stress-ng,80.023,192.32829999998947,2.4034127688288303,364
411,0.01,40,80023,stress-ng,80.018,281.2925250000023,3.5153656052388498,443
412,0.01,60,80056,stress-ng,80.053,300.1470249999956,3.749353865564009,445
413,0.01,0,80025,stress-ng,80.023,192.52642499999155,2.405888619521782,514
414,0.01,100,80025,stress-ng,80.018,332.2140500000027,4.1517414831663215,529
415,0.01,80,80029,stress-ng,80.024,316.446675000002,3.9543971183645157,552
416,0.01,20,80023,stress-ng,80.015,263.9339000000167,3.2985552708869177,558
417,0.01,0,80025,stress-ng,80.02,192.36972499998976,2.404020557360532,580
418,0.01,0,80025,stress-ng,80.022,192.48569999999174,2.40540976231526,585
419,0.01,100,80023,stress-ng,80.022,332.3079749999981,4.152707692884433,599
420,0.01,40,80061,stress-ng,80.059,282.1865499999937,3.5247323848660828,631
421,0.01,60,80058,stress-ng,80.048,300.82417499999883,3.7580473590845345,635
422,0.01,60,80053,stress-ng,80.047,300.8531749999926,3.758456594250785,639
423,0.01,20,80023,stress-ng,80.018,264.45592500001567,3.304955447524503,641
424,0.01,20,80022,stress-ng,80.017,265.00507500001686,3.3118596673209053,680
425,0.01,100,80028,stress-ng,80.022,332.2830499999926,4.152396216040496,694
426,0.01,100,80022,stress-ng,80.018,332.52985000000314,4.155688095178624,731
427,0.01,80,80027,stress-ng,80.019,317.24262499999685,3.964591222084715,794
428,0.01,40,80022,stress-ng,80.019,282.47112499999594,3.530050675464526,802
429,0.01,100,80027,stress-ng,80.025,331.9333499999959,4.147870665417006,827
430,0.01,60,80041,stress-ng,80.038,300.78699999999674,3.758052425098038,829
431,0.01,20,80022,stress-ng,80.018,265.5383000000151,3.3184820915295945,833
432,0.01,80,80031,stress-ng,80.028,317.20105000000393,3.963625855950466,838
433,0.01,20,80023,stress-ng,80.019,264.8076000000164,3.3093090391034177,855
434,0.01,40,80022,stress-ng,80.015,282.58412499999434,3.5316393801161574,858
435,0.01,60,80024,stress-ng,80.017,300.7918999999907,3.7590999412623654,868
436,0.01,40,80022,stress-ng,80.017,282.5322500000028,3.5309028081533027,869
437,0.01,80,80024,stress-ng,80.015,317.6730250000002,3.970168405923892,882
438,0.01,20,80022,stress-ng,80.013,262.12237500001305,3.2759973379327487,897
439,0.01,40,80023,stress-ng,80.017,282.61127499999947,3.531890410787701,912
440,0.01,100,80023,stress-ng,80.017,331.7547750000072,4.146053651099232,924
441,0.01,40,80022,stress-ng,80.015,283.17662499999904,3.5390442417046684,941
442,0.01,60,80036,stress-ng,80.035,300.62399999999025,3.7561566814517433,968
443,0.01,60,80036,stress-ng,80.031,300.93097499999226,3.7601801177042926,976
444,0.01,40,80097,stress-ng,80.094,282.45442499999524,3.526536631957391,977
445,0.02,80,80023,stress-ng,80.02,317.812400000004,3.9716620844789303,1
446,0.02,60,80056,stress-ng,80.049,300.20482499999105,3.7502632762431887,14
447,0.02,0,80025,stress-ng,80.024,192.79894999999303,2.4092640957711815,37
448,0.02,20,80150,stress-ng,80.146,265.2416000000169,3.309480198637697,64
449,0.02,100,80026,stress-ng,80.015,331.8890999999992,4.147836030744226,66
450,0.02,20,80022,stress-ng,80.018,265.3984250000167,3.316734047339557,78
451,0.02,40,80022,stress-ng,80.015,284.0111500000024,3.549473848653407,115
452,0.02,60,80057,stress-ng,80.044,301.40802499999745,3.765529271400698,125
453,0.02,80,80022,stress-ng,80.02,317.1147750000035,3.9629439515121656,126
454,0.02,40,80022,stress-ng,80.017,282.63720000000046,3.532214404439063,138
455,0.02,0,80025,stress-ng,80.019,192.18347499998814,2.4017230282806348,142
456,0.02,20,80152,stress-ng,80.147,266.1025500000126,3.3201810423348674,165
457,0.02,20,80022,stress-ng,80.018,265.9378500000152,3.3234753430480044,170
458,0.02,80,80035,stress-ng,80.024,316.2791750000028,3.9523039963011444,215
459,0.02,80,80034,stress-ng,80.027,316.46810000000033,3.9545166006472856,220
460,0.02,100,80024,stress-ng,80.016,332.41827500000056,4.154397557988409,222
461,0.02,40,80023,stress-ng,80.019,281.785674999998,3.5214845849110583,261
462,0.02,0,80025,stress-ng,80.018,192.70417499999076,2.408260328925876,298
463,0.02,0,80026,stress-ng,80.022,196.3543249999956,2.453754280072925,299
464,0.02,60,80023,stress-ng,80.012,300.1877749999966,3.751784419836982,302
465,0.02,100,80024,stress-ng,80.016,332.0724250000059,4.150075297440585,304
466,0.02,100,80024,stress-ng,80.022,332.3458250000063,4.153180687810931,315
467,0.02,0,80025,stress-ng,80.019,192.16399999999373,2.401479648583383,318
468,0.02,0,80026,stress-ng,80.023,192.33304999998958,2.4034721267634254,324
469,0.02,100,80023,stress-ng,80.017,332.0323749999957,4.149522913880746,363
470,0.02,100,80022,stress-ng,80.017,331.5852250000029,4.1439347263706825,371
471,0.02,40,80022,stress-ng,80.015,281.95400000000234,3.5237642941948675,397
472,0.02,40,80022,stress-ng,80.017,281.79937499999784,3.5217438169388737,463
473,0.02,80,80037,stress-ng,80.036,315.8029249999988,3.9457609700634566,465
474,0.02,0,80025,stress-ng,80.019,192.7581249999947,2.4089044476936063,499
475,0.02,60,80023,stress-ng,80.018,300.6312499999958,3.7570452898097404,508
476,0.02,20,80023,stress-ng,80.017,265.79922500001777,3.321784433308144,532
477,0.02,40,80022,stress-ng,80.018,281.724825000001,3.520768139668587,541
478,0.02,100,80028,stress-ng,80.026,332.1739249999987,4.150825044360567,560
479,0.02,60,80022,stress-ng,80.019,300.4387249999948,3.7545923468175655,575
480,0.02,0,80026,stress-ng,80.019,192.72139999999084,2.408445494195014,581
481,0.02,100,80024,stress-ng,80.014,332.14492499999466,4.151085122603478,597
482,0.02,100,80023,stress-ng,80.018,332.0726750000039,4.14997469319408,611
483,0.02,80,80022,stress-ng,80.014,315.9482500000041,3.9486621091309537,612
484,0.02,40,80023,stress-ng,80.022,281.9743499999987,3.523710354652454,628
485,0.02,100,80025,stress-ng,80.023,332.05267500000025,4.149465466178477,643
486,0.02,20,80023,stress-ng,80.014,265.30357500001185,3.3157144374735905,660
487,0.02,80,80029,stress-ng,80.026,316.12175000000104,3.950238047634532,667
488,0.02,20,80234,stress-ng,80.231,266.1421750000113,3.3171987760343424,670
489,0.02,40,80091,stress-ng,80.081,282.49597499999567,3.527627964186207,675
490,0.02,80,80029,stress-ng,80.005,316.2303000000028,3.9526317105181277,683
491,0.02,20,80022,stress-ng,80.014,265.3281750000162,3.3160218836705604,692
492,0.02,60,80024,stress-ng,80.014,299.88799999999776,3.7479441097807604,763
493,0.02,0,80026,stress-ng,80.019,192.4170499999931,2.4046420225195653,818
494,0.02,40,80022,stress-ng,80.02,282.859149999996,3.5348556610846793,823
495,0.02,40,80063,stress-ng,80.061,283.01402499999637,3.5349798903335747,832
496,0.02,60,80030,stress-ng,80.026,301.46387499999685,3.767074138404979,834
497,0.02,20,80027,stress-ng,80.02,266.7376250000121,3.3333869657587116,854
498,0.02,80,80025,stress-ng,80.02,316.88597500000304,3.960084666333455,886
499,0.02,60,80023,stress-ng,80.014,301.6265749999916,3.7696724948133027,901
500,0.02,0,80026,stress-ng,80.019,192.21882499999208,2.4021647983602903,902
501,0.02,60,80039,stress-ng,80.037,300.60354999999146,3.7558073141171135,903
502,0.02,80,80033,stress-ng,80.021,316.02207500000026,3.9492392621936774,946
503,0.02,20,80022,stress-ng,80.019,264.60452500001855,3.306771204339201,959
504,0.02,60,80024,stress-ng,80.017,301.04227499999183,3.762228963845081,974
505,0.03,100,80025,stress-ng,80.014,331.146175000005,4.138602931986965,38
506,0.03,80,80035,stress-ng,80.03,314.96122499999626,3.9355394851930057,57
507,0.03,80,80034,stress-ng,80.028,315.69487499999906,3.9448052556605067,94
508,0.03,40,80022,stress-ng,80.011,281.94527499999964,3.523831410681027,111
509,0.03,100,80032,stress-ng,80.006,330.9609000000093,4.13670099742531,113
510,0.03,40,80074,stress-ng,80.073,280.8294499999976,3.507167834351125,119
511,0.03,20,80073,stress-ng,80.07,264.22070000000343,3.299871362557805,122
512,0.03,0,80026,stress-ng,80.017,192.4290499999899,2.4048520939299136,156
513,0.03,40,80023,stress-ng,80.017,280.95122499999724,3.5111441943586645,182
514,0.03,100,80026,stress-ng,80.022,331.05430000001246,4.137041063707636,188
515,0.03,0,80025,stress-ng,80.022,192.64569999999372,2.407409212466493,202
516,0.03,40,80022,stress-ng,80.013,280.61517500000303,3.507119780535701,217
517,0.03,0,80025,stress-ng,80.021,192.58477499999202,2.406677934542083,234
518,0.03,100,80026,stress-ng,80.017,331.331400000014,4.140762587950236,246
519,0.03,0,80025,stress-ng,80.018,192.8555749999905,2.410152403209159,257
520,0.03,0,80026,stress-ng,80.023,192.76037499999265,2.4088121540056315,276
521,0.03,20,80219,stress-ng,80.213,264.65392500000576,3.2993894381210747,278
522,0.03,60,80023,stress-ng,80.018,299.37869999999333,3.7413919368141335,281
523,0.03,80,80032,stress-ng,80.028,315.9138749999975,3.947541797870714,293
524,0.03,0,80025,stress-ng,80.002,192.35172499999055,2.4043364540885297,312
525,0.03,100,80025,stress-ng,80.017,331.0964750000186,4.137826649337248,313
526,0.03,80,80027,stress-ng,80.017,315.02862499999316,3.9370211954958716,317
527,0.03,0,80025,stress-ng,80.02,192.55992499998925,2.4063974631340823,331
528,0.03,20,80024,stress-ng,80.016,264.7362250000061,3.30854110427922,337
529,0.03,20,80023,stress-ng,80.015,263.69395000000895,3.295556458164206,340
530,0.03,40,80036,stress-ng,80.033,281.2997249999975,3.514796708857565,361
531,0.03,60,80023,stress-ng,80.018,300.06979999998975,3.750028743532577,362
532,0.03,40,80022,stress-ng,79.997,280.5485500000015,3.506988387064534,398
533,0.03,40,80021,stress-ng,80.015,282.3591999999963,3.528828344685325,408
534,0.03,100,80025,stress-ng,80.02,331.3794500000114,4.141207823044382,438
535,0.03,20,80022,stress-ng,79.995,264.5014500000017,3.3064747796737506,496
536,0.03,60,80023,stress-ng,80.02,299.91257499999534,3.747970194951204,509
537,0.03,100,80023,stress-ng,80.021,331.16355000000385,4.138458029767234,572
538,0.03,100,80025,stress-ng,80.016,331.0302000000079,4.137050089982102,576
539,0.03,0,80026,stress-ng,80.022,192.348599999993,2.403696483466959,600
540,0.03,80,80022,stress-ng,80.016,315.7550999999966,3.9461495200959384,605
541,0.03,60,80023,stress-ng,80.022,299.36854999999537,3.7410780785283464,624
542,0.03,100,80022,stress-ng,80.019,330.81575000000953,4.134214998937871,644
543,0.03,60,80022,stress-ng,80.015,300.4262499999941,3.754624132974994,650
544,0.03,60,80022,stress-ng,80.018,299.9559249999866,3.74860562623393,662
545,0.03,80,80023,stress-ng,80.017,315.467124999995,3.94250128097773,664
546,0.03,80,80034,stress-ng,80.031,315.4158249999996,3.94117060888905,702
547,0.03,0,80026,stress-ng,80.024,192.65424999999252,2.4074558882334363,734
548,0.03,100,80024,stress-ng,80.021,330.79067500000997,4.133798315442321,743
549,0.03,40,80023,stress-ng,80.017,281.42904999999456,3.5171157379056273,747
550,0.03,80,80031,stress-ng,80.008,315.83699999999953,3.947567743225672,757
551,0.03,20,80115,stress-ng,80.111,262.7161000000032,3.2794010810001524,777
552,0.03,20,80022,stress-ng,80.015,263.68797500000073,3.2954817846653843,783
553,0.03,20,80022,stress-ng,80.015,263.9739500000025,3.299055802037149,793
554,0.03,60,80038,stress-ng,80.032,299.91822499998983,3.7474788209714847,817
555,0.03,40,80022,stress-ng,80.014,281.02022499999913,3.5121381883170337,852
556,0.03,60,80021,stress-ng,80.016,299.75432499999636,3.746179826534647,853
557,0.03,20,80153,stress-ng,80.146,263.9024250000008,3.292771005415127,867
558,0.03,80,80026,stress-ng,80.023,316.05992500000656,3.9496135486048582,879
559,0.03,0,80025,stress-ng,80.022,192.97347499999015,2.4115052735496505,884
560,0.03,60,80022,stress-ng,80.019,299.15862499999537,3.7385948962120916,889
561,0.03,80,80027,stress-ng,80.017,315.459174999999,3.942401927090481,900
562,0.03,40,80098,stress-ng,80.09,281.3193249999964,3.512539955050523,965
563,0.03,20,80023,stress-ng,80.018,264.1055500000019,3.300576745232347,975
564,0.03,60,80022,stress-ng,80.016,298.53762499999544,3.7309741176764075,984
565,0.04,100,80032,stress-ng,80.026,330.7412750000124,4.132922737610432,18
566,0.04,60,80043,stress-ng,80.035,299.45539999999187,3.7415555694382694,23
567,0.04,20,80022,stress-ng,80.016,263.0827499999998,3.2878767996400695,24
568,0.04,100,80030,stress-ng,80.017,330.38115000001847,4.128886986515597,40
569,0.04,20,80068,stress-ng,80.059,263.0961000000028,3.286277620255097,47
570,0.04,0,80025,stress-ng,80.02,188.72660000000658,2.358492876780887,68
571,0.04,100,80023,stress-ng,80.023,330.21582500000795,4.126511440460967,72
572,0.04,40,80040,stress-ng,80.036,280.8168999999921,3.5086323654354548,123
573,0.04,40,80091,stress-ng,80.088,280.57229999999566,3.5033001198680913,130
574,0.04,80,80035,stress-ng,80.03,314.87937499999754,3.934516743721074,131
575,0.04,0,80025,stress-ng,80.02,192.43109999999058,2.4047875531116043,148
576,0.04,0,80026,stress-ng,80.02,192.04337499999386,2.399942201949436,183
577,0.04,20,80022,stress-ng,80.015,262.82492500000296,3.2846956820596507,275
578,0.04,40,80022,stress-ng,80.014,280.67077500000124,3.5077708276051847,287
579,0.04,40,80059,stress-ng,80.053,281.08342499999725,3.5112166314816093,294
580,0.04,60,80026,stress-ng,80.024,298.99052499999186,3.73626068429461,300
581,0.04,20,80023,stress-ng,80.02,263.38180000000034,3.2914496375906066,314
582,0.04,20,80024,stress-ng,80.015,262.22722500000276,3.2772258326564114,348
583,0.04,80,80026,stress-ng,80.023,314.56352499999866,3.9309139247466187,351
584,0.04,100,80023,stress-ng,80.013,330.3793500000165,4.129070900978797,394
585,0.04,60,80028,stress-ng,80.021,299.09419999999216,3.737696354706791,395
586,0.04,20,80022,stress-ng,80.015,263.8293499999982,3.2972486408798125,405
587,0.04,60,80035,stress-ng,80.03,299.43824999999117,3.741575034362004,414
588,0.04,60,80030,stress-ng,80.027,299.7758499999931,3.7459338723180067,437
589,0.04,100,80023,stress-ng,79.993,330.4576500000137,4.131082094683456,442
590,0.04,100,80024,stress-ng,80.018,330.29987500000834,4.127819678072538,451
591,0.04,100,80023,stress-ng,80.017,330.17382500000446,4.126295974605452,461
592,0.04,80,80035,stress-ng,80.028,314.3915250000026,3.928519080821745,468
593,0.04,0,80025,stress-ng,80.023,189.42875000000112,2.3671788110918253,477
594,0.04,60,80039,stress-ng,80.033,298.9480499999905,3.735309809703378,479
595,0.04,40,80023,stress-ng,80.018,280.362899999995,3.5037479067209256,482
596,0.04,100,80029,stress-ng,80.009,330.60467500001073,4.132093576972725,498
597,0.04,100,80022,stress-ng,80.015,330.46212500001445,4.130002187090101,542
598,0.04,40,80022,stress-ng,80.016,280.1066499999913,3.500632998400211,551
599,0.04,0,80026,stress-ng,80.02,189.87337500000248,2.372823981504655,554
600,0.04,40,80022,stress-ng,80.019,280.3546499999952,3.5036010197577476,562
601,0.04,20,80023,stress-ng,80.02,263.5927250000009,3.2940855411147325,578
602,0.04,20,80022,stress-ng,80.01,262.75885000000756,3.284075115610643,601
603,0.04,40,80023,stress-ng,80.019,281.0608999999963,3.512427048575917,617
604,0.04,0,80025,stress-ng,80.018,189.2261250000053,2.3647944837412247,620
605,0.04,80,80027,stress-ng,80.001,314.6924249999972,3.933606142423184,712
606,0.04,60,80043,stress-ng,80.039,298.6516499999902,3.731326603280778,713
607,0.04,60,80033,stress-ng,80.028,299.6062499999899,3.7437678062676802,716
608,0.04,0,80027,stress-ng,80.024,190.04950000000105,2.374906278116578,718
609,0.04,80,80034,stress-ng,80.031,314.64345000000185,3.9315196611313343,730
610,0.04,0,80026,stress-ng,80.024,192.45062499999224,2.4049113390981733,737
611,0.04,0,80026,stress-ng,80.018,192.27907499999387,2.402947774250717,744
612,0.04,80,80036,stress-ng,80.03,315.29497499999303,3.9397097963262904,760
613,0.04,60,80022,stress-ng,80.02,298.534124999994,3.7307438765307923,770
614,0.04,80,80031,stress-ng,80.027,313.18027499999965,3.9134326539792776,803
615,0.04,80,80029,stress-ng,80.02,313.3345999999993,3.9157035741064647,810
616,0.04,80,80023,stress-ng,80.014,314.2456749999973,3.9273836453620277,841
617,0.04,0,80027,stress-ng,80.019,192.36044999999055,2.4039346905108854,844
618,0.04,100,80025,stress-ng,80.018,330.258925000011,4.127307918218539,845
619,0.04,40,80023,stress-ng,80.017,279.83647499999404,3.4972127797842214,865
620,0.04,40,80089,stress-ng,80.083,280.964049999994,3.508410648951638,877
621,0.04,20,80023,stress-ng,80.02,263.1866000000041,3.289010247438192,896
622,0.04,20,80022,stress-ng,80.014,263.0081749999947,3.287026957782322,926
623,0.04,80,80037,stress-ng,80.031,314.19302499999844,3.9258915295322865,960
624,0.04,60,80057,stress-ng,80.037,297.04564999999747,3.7113541237177485,966
625,0.05,20,80023,stress-ng,80.02,263.0682500000002,3.2875312421894556,6
626,0.05,20,80022,stress-ng,80.016,262.5409499999993,3.2811056538692176,7
627,0.05,60,80022,stress-ng,80.015,299.1778499999963,3.7390220583640104,26
628,0.05,0,80026,stress-ng,80.02,189.57495000000114,2.3690946013496768,43
629,0.05,0,80024,stress-ng,80.018,189.4429750000022,2.3675044989877554,63
630,0.05,40,80023,stress-ng,80.019,279.31012499999645,3.4905475574550597,87
631,0.05,100,80023,stress-ng,80.019,329.7945000000088,4.121452405053909,120
632,0.05,40,80023,stress-ng,80.02,280.3678499999952,3.5037221944513273,129
633,0.05,100,80024,stress-ng,80.02,329.4693000000069,4.117336915771144,132
634,0.05,20,80022,stress-ng,80.019,263.7718499999962,3.296365238255867,134
635,0.05,60,80022,stress-ng,80.021,298.5819749999887,3.731295222503951,152
636,0.05,100,80022,stress-ng,80.004,329.48737500000993,4.118386268186715,178
637,0.05,80,80037,stress-ng,80.03,314.53209999999797,3.930177433462426,197
638,0.05,40,80023,stress-ng,80.019,280.3180499999983,3.5031436283882367,204
639,0.05,20,80022,stress-ng,80.015,262.5382499999988,3.2811129163281736,207
640,0.05,100,80026,stress-ng,80.018,330.1299000000145,4.125695468519765,216
641,0.05,80,80033,stress-ng,80.03,313.8648750000003,3.9218402474072263,238
642,0.05,0,80026,stress-ng,80.018,189.7032250000022,2.3707568921992825,259
643,0.05,80,80023,stress-ng,80.019,313.87689999999753,3.9225296492082817,270
644,0.05,20,80021,stress-ng,80.016,263.0712249999986,3.287732765946793,285
645,0.05,80,80036,stress-ng,80.031,313.48424999999577,3.917035273831337,308
646,0.05,80,80032,stress-ng,80.03,314.8314999999923,3.933918530550947,311
647,0.05,100,80025,stress-ng,80.018,329.61097500000204,4.119210365167863,336
648,0.05,0,80026,stress-ng,80.023,189.61680000000325,2.369528760481402,342
649,0.05,60,80060,stress-ng,80.05,296.7578749999952,3.7071564647094966,343
650,0.05,60,80022,stress-ng,80.015,297.7452999999924,3.721118540273604,358
651,0.05,0,80026,stress-ng,80.023,190.21604999999897,2.3770172325456302,379
652,0.05,40,80087,stress-ng,80.08,280.02719999999374,3.4968431568430787,387
653,0.05,60,80052,stress-ng,80.048,298.5940999999961,3.7301881371176804,418
654,0.05,0,80025,stress-ng,80.019,189.22130000000493,2.3647046326498073,457
655,0.05,40,80021,stress-ng,80.013,280.8623999999917,3.510209590941368,458
656,0.05,100,80024,stress-ng,80.02,329.9226250000039,4.123002061984553,466
657,0.05,20,80022,stress-ng,80.017,263.49697499999746,3.293012422360217,522
658,0.05,60,80022,stress-ng,80.017,298.4805499999915,3.730214204481442,533
659,0.05,80,80028,stress-ng,80.022,313.8454499999937,3.921989577866008,553
660,0.05,20,80026,stress-ng,80.018,262.2355499999979,3.277207003424203,574
661,0.05,80,80029,stress-ng,80.024,313.65537499999954,3.9195163326002143,594
662,0.05,80,80035,stress-ng,80.032,313.7369749999992,3.9201441298480506,598
663,0.05,0,80025,stress-ng,80.019,188.57255000000632,2.356597183169076,603
664,0.05,40,80099,stress-ng,80.095,279.6581249999949,3.491580310880766,607
665,0.05,60,80023,stress-ng,80.021,297.2452249999949,3.714590232563888,614
666,0.05,100,80032,stress-ng,80.03,329.9122500000038,4.122357241034659,622
667,0.05,100,80024,stress-ng,80.017,329.5622250000121,4.1186525988229015,666
668,0.05,0,80026,stress-ng,80.02,189.37782500000569,2.3666311547113934,679
669,0.05,60,80033,stress-ng,80.028,297.750049999997,3.7205734243014565,682
670,0.05,60,80022,stress-ng,80.018,298.0946249999925,3.7253446099626646,688
671,0.05,100,80023,stress-ng,80.017,329.59945000000766,4.119117812464947,755
672,0.05,0,80026,stress-ng,80.017,188.97030000000382,2.361626904282888,761
673,0.05,0,80025,stress-ng,80.025,190.51344999999998,2.3806741643236484,779
674,0.05,40,80070,stress-ng,80.065,280.1134999999941,3.4985761568724674,786
675,0.05,40,80022,stress-ng,80.014,279.38399999999115,3.4916889544328638,801
676,0.05,40,80039,stress-ng,80.033,280.5417249999901,3.5053256156834065,808
677,0.05,60,80039,stress-ng,80.033,298.04617499999495,3.724041020578948,856
678,0.05,20,80022,stress-ng,79.996,262.25205000000045,3.278314540727042,892
679,0.05,100,80025,stress-ng,80.022,329.30155000000644,4.115137712129244,914
680,0.05,80,80022,stress-ng,80.014,313.83817499999645,3.9222907866122987,915
681,0.05,20,80022,stress-ng,80.017,263.5736499999992,3.29397065623554,921
682,0.05,40,80022,stress-ng,80.02,279.542199999992,3.49340414896266,930
683,0.05,80,80037,stress-ng,80.032,314.2031999999975,3.9259696121551064,969
684,0.05,20,80023,stress-ng,80.013,263.2537499999977,3.2901372277004697,973
685,0.1,20,80022,stress-ng,80.019,260.71472500000516,3.258160249440822,11
686,0.1,80,80034,stress-ng,80.01,312.65614999999696,3.9077134108236087,13
687,0.1,60,80042,stress-ng,80.031,296.12519999999967,3.700131199160321,16
688,0.1,40,80098,stress-ng,80.09,278.3260249999897,3.4751657510299627,17
689,0.1,0,80025,stress-ng,80.025,188.62215000000666,2.3570402999063624,39
690,0.1,80,80034,stress-ng,80.027,313.06299999999925,3.911967211066256,45
691,0.1,100,80023,stress-ng,80.014,327.89910000000197,4.098021596220686,52
692,0.1,0,80025,stress-ng,80.018,188.630650000006,2.3573527206379317,59
693,0.1,60,80022,stress-ng,80.006,297.83372499999865,3.7226423643226587,76
694,0.1,60,80029,stress-ng,80.022,297.04484999999426,3.7120398140510638,80
695,0.1,20,80023,stress-ng,80.019,262.07429999999783,3.2751509016608282,81
696,0.1,20,80023,stress-ng,80.018,262.1577249999993,3.276234409757796,90
697,0.1,40,80023,stress-ng,80.017,278.5375249999967,3.480979354387152,100
698,0.1,40,80023,stress-ng,80.017,278.71752499999343,3.483228876363691,103
699,0.1,20,80022,stress-ng,80.017,261.53222499999293,3.268458265118574,107
700,0.1,0,80027,stress-ng,80.018,188.27947500000715,2.3529640205954556,145
701,0.1,40,80023,stress-ng,80.016,278.1965749999914,3.4767618351328657,153
702,0.1,0,80025,stress-ng,80.019,188.29187500000677,2.3530895787251374,155
703,0.1,100,80029,stress-ng,80.023,327.84450000000453,4.096878397460787,214
704,0.1,80,80033,stress-ng,80.026,312.7418749999947,3.908003336415599,223
705,0.1,20,80023,stress-ng,80.017,260.775849999999,3.2590055863128966,225
706,0.1,60,80062,stress-ng,80.055,297.97814999999173,3.722167884579248,231
707,0.1,60,80043,stress-ng,80.034,298.2332249999926,3.7263316215607443,248
708,0.1,100,80026,stress-ng,80.025,328.02352500000194,4.099013120899743,251
709,0.1,40,80049,stress-ng,80.039,278.0241999999891,3.4736091155560302,271
710,0.1,60,80053,stress-ng,80.045,296.3051249999929,3.701731838340845,277
711,0.1,100,80026,stress-ng,80.024,328.020899999999,4.099031540537826,280
712,0.1,40,80022,stress-ng,80.017,277.86257499999084,3.472544271842119,291
713,0.1,0,80027,stress-ng,80.023,188.40127500000557,2.354339065018877,344
714,0.1,100,80025,stress-ng,80.018,327.9336250000012,4.098248206653518,372
715,0.1,20,80205,stress-ng,80.198,261.6688499999979,3.2627852315518835,403
716,0.1,100,80022,stress-ng,80.016,327.8051250000044,4.096744713557343,424
717,0.1,80,80027,stress-ng,79.996,313.04637499999455,3.9132753512674956,459
718,0.1,60,80054,stress-ng,80.048,295.9128499999911,3.6966926094342285,460
719,0.1,80,80034,stress-ng,80.025,312.7593250000023,3.908270228053762,511
720,0.1,80,80038,stress-ng,80.03,312.3849499999937,3.9033481194551256,513
721,0.1,60,80023,stress-ng,80.011,296.87694999999525,3.7104516878928555,517
722,0.1,0,80025,stress-ng,80.021,188.97107500000496,2.361518538883605,520
723,0.1,0,80026,stress-ng,80.013,188.47827500000656,2.3555956532064357,527
724,0.1,40,80023,stress-ng,79.996,278.55307499998924,3.4820875418769597,546
725,0.1,40,80022,stress-ng,80.014,278.329549999992,3.478510635638664,564
726,0.1,20,80075,stress-ng,80.072,262.15987500000307,3.274051790888239,595
727,0.1,100,80023,stress-ng,80.02,327.795500000003,4.0964196450887655,604
728,0.1,80,80033,stress-ng,80.012,312.41872499999505,3.9046483652451514,623
729,0.1,0,80026,stress-ng,80.023,188.53765000000558,2.3560432625620833,627
730,0.1,100,80023,stress-ng,80.019,328.0322500000051,4.099429510491322,630
731,0.1,100,80026,stress-ng,80.018,328.60622500000704,4.106653815391625,699
732,0.1,40,80022,stress-ng,80.017,277.7178249999915,3.4707352812526273,720
733,0.1,20,80023,stress-ng,80.018,262.0397499999967,3.2747600539878112,721
734,0.1,60,80053,stress-ng,80.046,297.2119999999963,3.713015016365543,740
735,0.1,0,80026,stress-ng,80.02,188.30292500000735,2.353198262934358,759
736,0.1,0,80025,stress-ng,80.015,188.44997500000784,2.355183090670597,762
737,0.1,100,80023,stress-ng,80.02,327.8028500000061,4.096511497125795,773
738,0.1,40,80022,stress-ng,80.017,278.7522749999935,3.483663159078615,781
739,0.1,80,80025,stress-ng,80.022,311.9637500000057,3.898474794431602,806
740,0.1,20,80022,stress-ng,80.018,261.3544749999977,3.2661960433902086,825
741,0.1,20,80022,stress-ng,80.014,260.84222499999896,3.2599573199689926,831
742,0.1,60,80024,stress-ng,80.018,296.5646499999972,3.706224224549441,911
743,0.1,80,80032,stress-ng,80.012,313.72622500000085,3.920989664050403,920
744,0.1,80,80022,stress-ng,80.016,311.6869249999967,3.8953075009997584,925
745,0.2,80,80024,stress-ng,80.008,312.2974000000049,3.9033271672833334,29
746,0.2,20,80022,stress-ng,80.018,258.6918999999934,3.2329213426978103,32
747,0.2,80,80023,stress-ng,80.015,312.1477749999971,3.9011157283009075,41
748,0.2,0,80025,stress-ng,80.018,188.58907500000666,2.3568331500413238,67
749,0.2,20,80025,stress-ng,80.019,258.2181999999903,3.226961096739403,74
750,0.2,100,80027,stress-ng,80.023,327.230150000002,4.089201229646502,89
751,0.2,80,80037,stress-ng,80.031,312.54507499999454,3.9053001336981232,97
752,0.2,0,80025,stress-ng,79.988,188.45452500000613,2.3560349677452384,105
753,0.2,60,80039,stress-ng,80.033,294.8496499999953,3.684100933364928,108
754,0.2,100,80023,stress-ng,80.019,327.30010000000425,4.090279808545524,110
755,0.2,80,80030,stress-ng,80.024,312.71032499999467,3.907706750474791,112
756,0.2,20,80158,stress-ng,80.154,258.9288749999977,3.2303924320682396,146
757,0.2,80,80038,stress-ng,80.034,312.30927499999734,3.9022074993127585,161
758,0.2,60,80038,stress-ng,80.032,297.1808999999927,3.713275939624059,162
759,0.2,0,80025,stress-ng,80.018,188.54705000000615,2.356307955710042,164
760,0.2,20,80099,stress-ng,80.093,260.4940999999918,3.2523953404166632,172
761,0.2,80,80029,stress-ng,80.024,312.2166749999948,3.9015379761071025,205
762,0.2,0,80028,stress-ng,80.023,188.31512500000576,2.353262499531457,208
763,0.2,0,80025,stress-ng,80.02,188.51780000000628,2.3558835291177993,244
764,0.2,0,80025,stress-ng,80.022,188.40515000000804,2.3544169103497543,249
765,0.2,60,80022,stress-ng,80.014,296.3472999999925,3.7036931037067577,252
766,0.2,40,80082,stress-ng,80.078,276.6831999999881,3.455171208071981,253
767,0.2,20,80022,stress-ng,80.018,259.52094999999633,3.2432821365192375,279
768,0.2,100,80029,stress-ng,80.019,327.15072500000497,4.088413064397267,282
769,0.2,60,80044,stress-ng,80.04,296.0748499999955,3.699086081958964,292
770,0.2,100,80024,stress-ng,80.024,327.2834000000034,4.089815555333442,307
771,0.2,80,80027,stress-ng,80.022,312.0630999999948,3.899716328009732,356
772,0.2,100,80031,stress-ng,80.017,327.01515000000546,4.086820925553388,378
773,0.2,40,80097,stress-ng,80.093,277.3536249999899,3.46289469741413,421
774,0.2,60,80058,stress-ng,80.036,296.67259999999646,3.706739467239698,447
775,0.2,20,80023,stress-ng,80.022,259.7505499999916,3.2459892279622053,494
776,0.2,100,80022,stress-ng,80.017,327.2038250000063,4.089178861991906,497
777,0.2,20,80023,stress-ng,80.014,259.70909999998605,3.24579573574607,528
778,0.2,100,80026,stress-ng,80.021,327.34427500000226,4.090729620974522,536
779,0.2,0,80026,stress-ng,80.018,188.37865000000593,2.3542034292284977,545
780,0.2,100,80024,stress-ng,80.017,327.4268250000026,4.091965769773956,592
781,0.2,20,80023,stress-ng,80.019,261.1588749999894,3.263710806183399,593
782,0.2,40,80022,stress-ng,80.019,277.1931499999873,3.464091653232199,619
783,0.2,80,80024,stress-ng,80.02,312.12865000000636,3.90063296675839,654
784,0.2,40,80023,stress-ng,80.019,276.3456999999916,3.453501043502063,673
785,0.2,60,80023,stress-ng,80.012,296.37997499999307,3.704194058391155,681
786,0.2,40,80022,stress-ng,80.013,276.78252499998877,3.4592194393409663,690
787,0.2,60,80040,stress-ng,80.034,297.16672499999567,3.713006034935098,707
788,0.2,40,80063,stress-ng,80.059,276.9680749999878,3.4595495197290473,714
789,0.2,40,80022,stress-ng,80.015,277.03694999999124,3.4623126913702587,726
790,0.2,0,80026,stress-ng,80.023,188.52627500000725,2.355901115929261,750
791,0.2,40,80022,stress-ng,80.011,276.5223749999908,3.456054480008884,756
792,0.2,80,80023,stress-ng,80.013,312.8922250000019,3.9105173534300905,798
793,0.2,60,80042,stress-ng,80.04,295.11692499999623,3.6871180034982034,816
794,0.2,0,80026,stress-ng,80.022,188.80000000000408,2.3593511784259835,851
795,0.2,40,80023,stress-ng,80.019,277.04064999999264,3.462185855859141,857
796,0.2,20,80022,stress-ng,80.016,260.1137499999906,3.2507717206557514,859
797,0.2,60,80043,stress-ng,80.039,295.89934999999474,3.6969396169366777,862
798,0.2,100,80025,stress-ng,80.022,327.3141000000032,4.090301417110334,875
799,0.2,100,80022,stress-ng,80.019,327.76012500000314,4.0960287556705675,904
800,0.2,0,80026,stress-ng,80.018,188.8652250000064,2.3602842485441577,908
801,0.2,20,80022,stress-ng,80.02,260.4610999999924,3.2549500124967814,916
802,0.2,40,80099,stress-ng,80.094,277.20634999998833,3.461012685094868,949
803,0.2,60,80022,stress-ng,80.019,296.1431499999933,3.700910408777831,956
804,0.2,80,80028,stress-ng,80.021,312.63669999999803,3.9069331800402147,963
805,0.5,100,80023,stress-ng,80.017,326.8416750000043,4.084652948748444,19
806,0.5,60,80022,stress-ng,80.017,296.10379999999276,3.700511141382366,34
807,0.5,100,80025,stress-ng,80.021,327.1549500000057,4.0883636795341936,49
808,0.5,100,80023,stress-ng,80.021,327.0254250000041,4.086745041926545,79
809,0.5,20,80022,stress-ng,80.018,255.30902499999067,3.19064491739347,85
810,0.5,0,80025,stress-ng,80.006,188.4605250000058,2.355579894008022,92
811,0.5,0,80027,stress-ng,80.021,188.29235000000736,2.3530367028655896,114
812,0.5,60,80042,stress-ng,80.038,295.8741249999933,3.6966706439440427,141
813,0.5,20,80196,stress-ng,80.191,258.0478999999867,3.2179159756080695,167
814,0.5,0,80026,stress-ng,80.023,188.75182500000585,2.358719680591903,168
815,0.5,20,80154,stress-ng,80.152,261.07237499999223,3.2572159771433307,191
816,0.5,80,80022,stress-ng,80.012,310.95344999999946,3.8863351747237846,221
817,0.5,80,80032,stress-ng,80.025,311.7925499999941,3.8961893158387264,274
818,0.5,0,80026,stress-ng,80.017,188.66822500000586,2.357851768999161,289
819,0.5,80,80024,stress-ng,80.018,312.2169250000002,3.901833649928768,290
820,0.5,0,80026,stress-ng,80.018,188.89307500000632,2.3606322952336516,297
821,0.5,100,80024,stress-ng,80.013,326.69925000000484,4.083077124967253,321
822,0.5,20,80025,stress-ng,79.987,257.8246499999879,3.22333191643627,346
823,0.5,40,80053,stress-ng,80.048,275.50529999998815,3.441751199280284,402
824,0.5,20,80022,stress-ng,80.017,258.90159999998525,3.2355824387315852,425
825,0.5,100,80030,stress-ng,80.024,327.0729500000028,4.08718571928425,434
826,0.5,80,80031,stress-ng,80.025,310.3072249999973,3.8776285535769732,471
827,0.5,0,80025,stress-ng,80.02,188.51872500000667,2.3558950887279013,475
828,0.5,60,80033,stress-ng,80.026,296.22547499999547,3.701615412490884,483
829,0.5,60,80048,stress-ng,80.046,296.55569999999176,3.70481598081093,484
830,0.5,40,80090,stress-ng,80.084,276.01124999999104,3.4465217771338974,491
831,0.5,0,80027,stress-ng,80.023,188.55542500000593,2.356265386201541,493
832,0.5,60,80027,stress-ng,80.023,294.47429999999537,3.679870787148637,502
833,0.5,0,80026,stress-ng,80.023,188.8401500000049,2.359823425765154,523
834,0.5,100,80030,stress-ng,80.026,327.1186000000064,4.087654012446035,577
835,0.5,0,80027,stress-ng,80.024,188.995475000006,2.3617349170249673,586
836,0.5,20,80022,stress-ng,80.015,257.11227499998915,3.2133009435729445,616
837,0.5,20,80183,stress-ng,80.176,255.66174999998708,3.1887566104568332,618
838,0.5,60,80026,stress-ng,80.022,295.29584999999213,3.6901833245856404,625
839,0.5,80,80025,stress-ng,79.996,311.2780250000013,3.8911698709935663,626
840,0.5,80,80031,stress-ng,80.023,312.41634999999286,3.9040819514388723,651
841,0.5,0,80026,stress-ng,80.018,188.81590000000514,2.359667824739498,653
842,0.5,20,80022,stress-ng,80.014,258.0009499999885,3.2244475966704393,674
843,0.5,100,80024,stress-ng,80.019,327.0294500000042,4.086897486846926,676
844,0.5,40,80024,stress-ng,80.021,274.84114999999144,3.434612789142743,677
845,0.5,40,80023,stress-ng,80.018,274.4732499999869,3.430143842635243,685
846,0.5,40,80086,stress-ng,80.082,276.74742499998973,3.4558006168675828,691
847,0.5,40,80023,stress-ng,80.019,275.8037749999858,3.4467285894598256,697
848,0.5,100,80025,stress-ng,80.009,326.5056750000011,4.080861840542952,698
849,0.5,60,80029,stress-ng,80.027,294.1995249999925,3.6762533270020428,705
850,0.5,80,80022,stress-ng,79.995,311.4474499999943,3.893336458528587,709
851,0.5,20,80023,stress-ng,80.019,256.762274999987,3.2087663554904085,723
852,0.5,40,80022,stress-ng,80.014,275.1650249999873,3.4389609943258344,732
853,0.5,20,80029,stress-ng,80.023,258.47014999998504,3.229948264873662,784
854,0.5,40,80023,stress-ng,80.019,275.15447499999203,3.4386142666115798,805
855,0.5,60,80022,stress-ng,80.014,296.19964999999655,3.701847801634671,807
856,0.5,40,80077,stress-ng,80.074,275.2070749999899,3.4369092964007035,842
857,0.5,80,80030,stress-ng,80.024,311.7971500000001,3.896295486354095,883
858,0.5,60,80022,stress-ng,80.004,295.4606249999931,3.6930731588419716,887
859,0.5,80,80032,stress-ng,80.017,311.3527000000017,3.891081895097313,917
860,0.5,80,80023,stress-ng,80.016,311.8099249999953,3.8968446935612286,931
861,0.5,60,80038,stress-ng,80.033,295.8626249999939,3.696757899866229,932
862,0.5,100,80022,stress-ng,80.02,326.5587749999991,4.080964446388392,953
863,0.5,100,80023,stress-ng,80.02,327.2239250000041,4.0892767433142225,971
864,0.5,40,80023,stress-ng,80.02,275.43559999999155,3.4420844788801745,983
865,1.0,20,80022,stress-ng,80.01,256.42954999998796,3.204968753905611,58
866,1.0,20,80022,stress-ng,80.013,257.246399999988,3.215057553147463,70
867,1.0,80,80026,stress-ng,80.018,310.60127499999516,3.881642567922157,84
868,1.0,80,80026,stress-ng,80.024,311.28962499999835,3.8899533265020287,109
869,1.0,60,80031,stress-ng,80.028,296.03634999999576,3.6991596691157564,158
870,1.0,80,80022,stress-ng,80.015,311.9368499999994,3.898479660063731,166
871,1.0,0,80026,stress-ng,80.019,188.94965000000644,2.3613098139192745,169
872,1.0,20,80024,stress-ng,80.014,255.25814999998943,3.1901685954956562,181
873,1.0,60,80063,stress-ng,80.06,296.9918499999952,3.709615913065141,190
874,1.0,60,80023,stress-ng,80.021,296.4490249999903,3.704640344409471,211
875,1.0,60,80061,stress-ng,80.056,294.78244999999714,3.682203082841975,227
876,1.0,60,80025,stress-ng,80.018,296.037399999996,3.699635082106476,250
877,1.0,80,80032,stress-ng,80.03,312.0570499999973,3.8992509059102494,258
878,1.0,20,80024,stress-ng,80.019,259.16682499999115,3.2388160936776407,265
879,1.0,80,80025,stress-ng,80.022,311.39264999999835,3.891338007048041,272
880,1.0,60,80046,stress-ng,80.044,296.50109999999387,3.7042264254659174,273
881,1.0,20,80022,stress-ng,80.013,255.69542499998568,3.195673515553543,284
882,1.0,100,80024,stress-ng,79.987,326.428625000006,4.081020978409066,295
883,1.0,0,80026,stress-ng,80.018,188.79360000000676,2.35938913744416,316
884,1.0,20,80023,stress-ng,80.015,259.7562249999917,3.2463441229768377,320
885,1.0,100,80024,stress-ng,80.021,326.80230000000466,4.083956711363325,335
886,1.0,40,80022,stress-ng,80.018,276.2663249999921,3.452552238246296,352
887,1.0,0,80026,stress-ng,80.02,188.69962500000548,2.3581557735566796,353
888,1.0,40,80104,stress-ng,80.095,275.2695499999891,3.4367881890253966,357
889,1.0,40,80048,stress-ng,80.041,275.5710249999903,3.4428733399131732,368
890,1.0,60,80022,stress-ng,80.016,295.6793749999912,3.695253136872515,384
891,1.0,0,80025,stress-ng,80.02,188.58195000000583,2.3566852036991484,396
892,1.0,40,80022,stress-ng,80.016,274.46917499999364,3.4301786517695665,400
893,1.0,40,80023,stress-ng,80.015,275.1655749999906,3.4389248890831796,420
894,1.0,80,80027,stress-ng,80.019,311.34147499999654,3.89084436196399,435
895,1.0,80,80024,stress-ng,80.016,311.77017499999516,3.896347917916356,452
896,1.0,0,80026,stress-ng,80.007,188.65875000000764,2.358028047545935,474
897,1.0,0,80026,stress-ng,80.019,188.58532500000683,2.3567568327523065,480
898,1.0,100,80026,stress-ng,80.022,326.7192750000071,4.08286814875918,481
899,1.0,20,80023,stress-ng,80.02,256.7678499999897,3.208795926018367,487
900,1.0,40,80056,stress-ng,80.052,276.23189999999096,3.4506558237144724,495
901,1.0,20,80022,stress-ng,80.021,257.6762749999858,3.2201081591080567,535
902,1.0,20,80023,stress-ng,79.998,256.7853999999876,3.209897747443531,543
903,1.0,40,80074,stress-ng,80.069,275.02194999999347,3.4348118497794835,547
904,1.0,0,80025,stress-ng,80.021,189.11912500000793,2.363368678222066,557
905,1.0,100,80022,stress-ng,80.014,326.7337750000034,4.083457582423119,579
906,1.0,40,80104,stress-ng,80.096,275.30414999998965,3.4371772622851284,584
907,1.0,80,80030,stress-ng,80.026,310.5594999999967,3.880732511933581,647
908,1.0,20,80023,stress-ng,80.015,257.4279749999838,3.217246453789712,665
909,1.0,100,80025,stress-ng,80.01,326.67970000000366,4.082985876765449,671
910,1.0,80,80034,stress-ng,80.005,311.8226499999992,3.8975395287794417,686
911,1.0,100,80026,stress-ng,80.019,326.8696500000064,4.084900461140559,735
912,1.0,60,80041,stress-ng,80.037,296.5599249999997,3.7052853680172877,742
913,1.0,60,80024,stress-ng,80.017,294.0991500000045,3.6754583401027845,764
914,1.0,100,80023,stress-ng,80.018,326.9074000000028,4.085423279762089,766
915,1.0,0,80025,stress-ng,80.022,188.7098250000053,2.3582243008173416,788
916,1.0,40,80026,stress-ng,80.02,276.8590749999886,3.4598734691325745,799
917,1.0,100,80025,stress-ng,80.018,326.56452500000483,4.081138306381125,815
918,1.0,0,80024,stress-ng,80.02,188.14595000000617,2.3512365658586125,835
919,1.0,0,80025,stress-ng,80.024,188.60602500000596,2.356868252024467,863
920,1.0,40,80076,stress-ng,80.07,275.27792499999526,3.4379658423878516,864
921,1.0,100,80024,stress-ng,80.024,326.82957500000043,4.084144444166755,927
922,1.0,60,80031,stress-ng,80.028,295.07924999999545,3.687200104963206,942
923,1.0,80,80022,stress-ng,80.018,310.3027750000028,3.87791215726465,961
924,1.0,100,80024,stress-ng,80.022,326.9655250000035,4.085945427507479,981
925,2.0,60,80026,stress-ng,80.02,295.93717499998945,3.6982901149711256,2
926,2.0,60,80023,stress-ng,80.014,295.5381999999959,3.693581123303371,22
927,2.0,0,80026,stress-ng,80.021,188.73830000000672,2.3586096149761526,36
928,2.0,100,80022,stress-ng,80.003,326.69057500000315,4.083479057035401,42
929,2.0,40,80022,stress-ng,80.015,274.76154999998863,3.433875523339232,56
930,2.0,100,80025,stress-ng,79.995,326.7706750000051,4.084888743046504,95
931,2.0,80,80032,stress-ng,80.029,312.09202500000004,3.8997366579614896,98
932,2.0,20,80023,stress-ng,80.016,255.95424999998795,3.198788367326384,128
933,2.0,100,80024,stress-ng,80.019,326.7215500000081,4.083049650708058,151
934,2.0,20,80065,stress-ng,80.065,256.21197499998715,3.2000496471615207,159
935,2.0,20,80023,stress-ng,80.016,256.72829999998766,3.208462057588328,186
936,2.0,80,80038,stress-ng,80.03,312.10502499999734,3.8998503686117374,193
937,2.0,40,80023,stress-ng,80.02,274.7096999999888,3.4330129967506724,288
938,2.0,40,80089,stress-ng,80.085,276.29664999998386,3.4500424548914763,306
939,2.0,60,80028,stress-ng,80.024,295.6139499999938,3.694066155153376,360
940,2.0,60,80038,stress-ng,80.032,296.58517499999056,3.705832354558059,365
941,2.0,40,80071,stress-ng,80.068,276.05349999998685,3.4477381725531657,366
942,2.0,20,80022,stress-ng,80.019,254.98362499998586,3.186538509603792,380
943,2.0,0,80025,stress-ng,80.021,188.78992500000749,2.3592547581260854,386
944,2.0,100,80026,stress-ng,80.023,327.1235750000008,4.087869425040311,390
945,2.0,0,80025,stress-ng,80.023,189.11422500000572,2.3632483785912264,429
946,2.0,20,80025,stress-ng,80.019,254.68749999998704,3.1828378260161587,446
947,2.0,0,80027,stress-ng,80.021,188.5913000000057,2.356772597193308,455
948,2.0,0,80047,stress-ng,80.042,189.15257500000774,2.3631665250744325,467
949,2.0,20,80024,stress-ng,80.02,256.2060749999886,3.201775493626451,470
950,2.0,0,80026,stress-ng,80.019,188.827300000007,2.359780802059598,506
951,2.0,60,80059,stress-ng,80.054,296.59807499999613,3.7049750793214096,519
952,2.0,0,80026,stress-ng,80.023,189.11982500000735,2.363318358472031,571
953,2.0,60,80033,stress-ng,80.029,296.29114999999456,3.7022972922314983,573
954,2.0,100,80024,stress-ng,80.014,326.961275000005,4.086300834853963,606
955,2.0,80,80023,stress-ng,79.995,310.6570249999986,3.883455528470512,657
956,2.0,80,80035,stress-ng,80.027,312.18417500000123,3.9009856048583758,706
957,2.0,60,80023,stress-ng,80.017,295.19049999999055,3.6890973168200576,715
958,2.0,20,80022,stress-ng,80.008,259.08617499998354,3.238253362163578,717
959,2.0,100,80026,stress-ng,80.023,326.9000750000056,4.085076478012641,738
960,2.0,20,80023,stress-ng,79.997,255.245674999992,3.190690588396965,748
961,2.0,80,80025,stress-ng,80.024,310.99924999999746,3.8863247275816937,754
962,2.0,80,80023,stress-ng,80.016,310.431150000001,3.8796134523095507,774
963,2.0,40,80023,stress-ng,80.019,276.44432499999317,3.454733563278636,785
964,2.0,100,80031,stress-ng,80.023,327.1814750000062,4.088592967022058,795
965,2.0,80,80033,stress-ng,80.026,312.26197500000023,3.902006535376006,809
966,2.0,0,80026,stress-ng,80.024,189.29055000000636,2.365422248325582,814
967,2.0,80,80041,stress-ng,80.036,311.488324999994,3.8918527287719775,820
968,2.0,40,80025,stress-ng,80.015,275.9362249999924,3.448556208210866,824
969,2.0,40,80024,stress-ng,80.015,273.8805749999931,3.422865400237369,826
970,2.0,100,80030,stress-ng,80.026,326.9500750000038,4.085548134356381,830
971,2.0,0,80025,stress-ng,80.02,188.6451000000064,2.357474381404729,839
972,2.0,60,80022,stress-ng,80.018,296.1693749999938,3.701284398510258,843
973,2.0,80,80023,stress-ng,80.015,311.7030500000019,3.895557707929787,872
974,2.0,20,80023,stress-ng,80.019,254.44519999998417,3.179809795173448,880
975,2.0,40,80023,stress-ng,80.01,275.8173749999898,3.4472862767152828,885
976,2.0,80,80022,stress-ng,80.013,311.4918749999961,3.8930158224288065,898
977,2.0,100,80023,stress-ng,80.014,326.8954000000045,4.085477541430306,928
978,2.0,0,80026,stress-ng,80.021,188.57322500000586,2.356546718986339,936
979,2.0,20,80050,stress-ng,80.046,256.78894999998573,3.208017265072405,945
980,2.0,40,80022,stress-ng,80.019,274.39287499999006,3.4290965270746954,947
981,2.0,40,80022,stress-ng,80.015,275.05247499998563,3.4375114041115493,955
982,2.0,60,80024,stress-ng,80.015,294.68694999999605,3.6828963319377124,970
983,2.0,60,80023,stress-ng,80.018,295.63162499999737,3.694564035591959,978
984,2.0,100,80025,stress-ng,80.001,326.79597500000494,4.0848986262672335,982
