,period,exp_duration,experiment,duration,energy,power_avg,ID
0,0.01,80022,stress-ng,80.017,265.00507500001686,3.3118596673209053,307
1,0.01,80028,stress-ng,80.022,332.2830499999926,4.152396216040496,583
2,0.01,80027,stress-ng,80.022,332.5094749999967,4.155225750418594,165
3,0.01,80022,stress-ng,80.018,264.4264750000192,3.30458740533404,168
4,0.01,80021,stress-ng,80.014,264.44295000002035,3.3049585072614835,173
5,0.01,80023,stress-ng,80.014,266.0350500000156,3.3248562751520434,395
6,0.01,80025,stress-ng,80.017,192.650274999992,2.4076168189258786,177
7,0.01,80030,stress-ng,80.028,318.03622500001035,3.974061890838336,449
8,0.01,80023,stress-ng,80.018,281.2925250000023,3.5153656052388498,361
9,0.01,80027,stress-ng,80.025,331.9333499999959,4.147870665417006,187
10,0.01,80023,stress-ng,80.022,332.3079749999981,4.152707692884433,192
11,0.01,80061,stress-ng,80.059,282.1865499999937,3.5247323848660828,45
12,0.01,80027,stress-ng,80.023,192.05869999999223,2.4000437374253933,200
13,0.01,80029,stress-ng,80.024,316.446675000002,3.9543971183645157,598
14,0.01,80027,stress-ng,80.024,192.45014999999256,2.4049054033788932,296
15,0.01,80035,stress-ng,80.03,316.8773500000067,3.9594820692241246,186
16,0.01,80025,stress-ng,80.021,192.48159999999422,2.405388585496235,206
17,0.01,80022,stress-ng,80.02,299.49529999999515,3.742755561109662,387
18,0.01,80022,stress-ng,80.018,265.5383000000151,3.3184820915295945,331
19,0.01,80022,stress-ng,80.019,282.47112499999594,3.530050675464526,465
20,0.01,80025,stress-ng,80.023,192.52642499999155,2.405888619521782,571
21,0.01,80039,stress-ng,80.036,316.51097500000304,3.954607614073705,463
22,0.01,80022,stress-ng,80.018,332.52985000000314,4.155688095178624,351
23,0.01,80025,stress-ng,80.019,192.71114999999227,2.408317399617494,122
24,0.01,80023,stress-ng,80.019,332.1953500000051,4.15145590422281,470
25,0.01,80023,stress-ng,80.017,282.61127499999947,3.531890410787701,482
26,0.01,80022,stress-ng,80.013,262.12237500001305,3.2759973379327487,125
27,0.01,80054,stress-ng,80.033,300.4097999999924,3.7535741506627565,129
28,0.01,80025,stress-ng,80.02,192.36972499998976,2.404020557360532,373
29,0.01,80032,stress-ng,80.025,316.1054750000026,3.950084036238708,340
30,0.01,80025,stress-ng,80.022,192.48569999999174,2.40540976231526,336
31,0.01,80053,stress-ng,80.047,300.8531749999926,3.758456594250785,148
32,0.01,80027,stress-ng,80.026,316.6067250000018,3.9562982655637144,550
33,0.01,80027,stress-ng,80.019,331.71630000000533,4.145469201064813,471
34,0.01,80027,stress-ng,80.019,317.24262499999685,3.964591222084715,527
35,0.01,80058,stress-ng,80.048,300.82417499999883,3.7580473590845345,363
36,0.01,80024,stress-ng,80.015,317.6730250000002,3.970168405923892,5
37,0.01,80025,stress-ng,80.018,332.2140500000027,4.1517414831663215,510
38,0.01,80022,stress-ng,80.017,282.5322500000028,3.5309028081533027,19
39,0.01,80026,stress-ng,80.02,192.24259999999188,2.402431892026892,507
40,0.01,80022,stress-ng,80.019,282.4689749999966,3.5300238068458314,516
41,0.01,80056,stress-ng,80.053,300.1470249999956,3.749353865564009,505
42,0.01,80022,stress-ng,80.015,282.58412499999434,3.5316393801161574,504
43,0.01,80023,stress-ng,80.015,263.9339000000167,3.2985552708869177,10
44,0.01,80023,stress-ng,80.018,264.45592500001567,3.304955447524503,222
45,0.01,80097,stress-ng,80.094,282.45442499999524,3.526536631957391,256
46,0.01,80036,stress-ng,80.031,300.93097499999226,3.7601801177042926,424
47,0.01,80031,stress-ng,80.028,317.20105000000393,3.963625855950466,247
48,0.01,80023,stress-ng,80.017,331.7547750000072,4.146053651099232,35
49,0.01,80036,stress-ng,80.035,300.62399999999025,3.7561566814517433,427
50,0.01,80025,stress-ng,80.017,283.31417500000043,3.540674794106258,411
51,0.01,80045,stress-ng,80.035,316.9292250000051,3.9598828637471746,218
52,0.01,80025,stress-ng,80.015,332.04837499999445,4.149826595013366,274
53,0.01,80051,stress-ng,80.043,300.19249999999505,3.7503904151517937,590
54,0.01,80024,stress-ng,80.017,300.7918999999907,3.7590999412623654,409
55,0.01,80022,stress-ng,80.015,283.17662499999904,3.5390442417046684,272
56,0.01,80023,stress-ng,80.019,264.8076000000164,3.3093090391034177,11
57,0.01,80041,stress-ng,80.038,300.78699999999674,3.758052425098038,526
58,0.01,80022,stress-ng,80.017,265.2282000000203,3.314648137271084,34
59,0.01,80025,stress-ng,80.023,192.32829999998947,2.4034127688288303,413
60,0.02,80024,stress-ng,80.017,301.04227499999183,3.762228963845081,341
61,0.02,80057,stress-ng,80.044,301.40802499999745,3.765529271400698,137
62,0.02,80152,stress-ng,80.147,266.1025500000126,3.3201810423348674,131
63,0.02,80023,stress-ng,80.017,265.79922500001777,3.321784433308144,292
64,0.02,80022,stress-ng,80.015,284.0111500000024,3.549473848653407,128
65,0.02,80022,stress-ng,80.019,300.4387249999948,3.7545923468175655,140
66,0.02,80023,stress-ng,80.012,300.1877749999966,3.751784419836982,350
67,0.02,80234,stress-ng,80.231,266.1421750000113,3.3171987760343424,115
68,0.02,80022,stress-ng,80.017,281.79937499999784,3.5217438169388737,358
69,0.02,80024,stress-ng,80.014,332.14492499999466,4.151085122603478,264
70,0.02,80025,stress-ng,80.019,192.16399999999373,2.401479648583383,561
71,0.02,80025,stress-ng,80.02,316.88597500000304,3.960084666333455,104
72,0.02,80024,stress-ng,80.016,332.41827500000056,4.154397557988409,260
73,0.02,80025,stress-ng,80.023,332.05267500000025,4.149465466178477,337
74,0.02,80022,stress-ng,80.02,317.1147750000035,3.9629439515121656,548
75,0.02,80063,stress-ng,80.061,283.01402499999637,3.5349798903335747,335
76,0.02,80029,stress-ng,80.026,316.12175000000104,3.950238047634532,528
77,0.02,80022,stress-ng,80.014,315.9482500000041,3.9486621091309537,286
78,0.02,80023,stress-ng,80.019,281.785674999998,3.5214845849110583,300
79,0.02,80024,stress-ng,80.014,299.88799999999776,3.7479441097807604,197
80,0.02,80022,stress-ng,80.015,281.95400000000234,3.5237642941948675,285
81,0.02,80022,stress-ng,80.017,331.5852250000029,4.1439347263706825,220
82,0.02,80023,stress-ng,80.014,265.30357500001185,3.3157144374735905,183
83,0.02,80023,stress-ng,80.02,317.812400000004,3.9716620844789303,538
84,0.02,80037,stress-ng,80.036,315.8029249999988,3.9457609700634566,178
85,0.02,80022,stress-ng,80.017,282.63720000000046,3.532214404439063,223
86,0.02,80022,stress-ng,80.019,264.60452500001855,3.306771204339201,312
87,0.02,80150,stress-ng,80.146,265.2416000000169,3.309480198637697,224
88,0.02,80091,stress-ng,80.081,282.49597499999567,3.527627964186207,227
89,0.02,80022,stress-ng,80.014,265.3281750000162,3.3160218836705604,319
90,0.02,80026,stress-ng,80.015,331.8890999999992,4.147836030744226,322
91,0.02,80023,stress-ng,80.022,281.9743499999987,3.523710354652454,229
92,0.02,80026,stress-ng,80.019,192.21882499999208,2.4021647983602903,496
93,0.02,80026,stress-ng,80.023,192.33304999998958,2.4034721267634254,158
94,0.02,80022,stress-ng,80.018,281.724825000001,3.520768139668587,474
95,0.02,80026,stress-ng,80.019,192.4170499999931,2.4046420225195653,236
96,0.02,80022,stress-ng,80.018,265.9378500000152,3.3234753430480044,333
97,0.02,80025,stress-ng,80.018,192.70417499999076,2.408260328925876,498
98,0.02,80035,stress-ng,80.024,316.2791750000028,3.9523039963011444,299
99,0.02,80039,stress-ng,80.037,300.60354999999146,3.7558073141171135,261
100,0.02,80027,stress-ng,80.02,266.7376250000121,3.3333869657587116,27
101,0.02,80023,stress-ng,80.017,332.0323749999957,4.149522913880746,372
102,0.02,80022,stress-ng,80.018,265.3984250000167,3.316734047339557,42
103,0.02,80025,stress-ng,80.019,192.18347499998814,2.4017230282806348,446
104,0.02,80024,stress-ng,80.022,332.3458250000063,4.153180687810931,386
105,0.02,80026,stress-ng,80.019,192.72139999999084,2.408445494195014,591
106,0.02,80028,stress-ng,80.026,332.1739249999987,4.150825044360567,406
107,0.02,80023,stress-ng,80.014,301.6265749999916,3.7696724948133027,579
108,0.02,80026,stress-ng,80.022,196.3543249999956,2.453754280072925,18
109,0.02,80030,stress-ng,80.026,301.46387499999685,3.767074138404979,400
110,0.02,80033,stress-ng,80.021,316.02207500000026,3.9492392621936774,415
111,0.02,80022,stress-ng,80.02,282.859149999996,3.5348556610846793,93
112,0.02,80024,stress-ng,80.016,332.0724250000059,4.150075297440585,365
113,0.02,80056,stress-ng,80.049,300.20482499999105,3.7502632762431887,13
114,0.02,80034,stress-ng,80.027,316.46810000000033,3.9545166006472856,95
115,0.02,80025,stress-ng,80.019,192.7581249999947,2.4089044476936063,38
116,0.02,80025,stress-ng,80.024,192.79894999999303,2.4092640957711815,385
117,0.02,80029,stress-ng,80.005,316.2303000000028,3.9526317105181277,434
118,0.02,80023,stress-ng,80.018,300.6312499999958,3.7570452898097404,14
119,0.02,80023,stress-ng,80.018,332.0726750000039,4.14997469319408,370
120,0.03,80032,stress-ng,80.028,315.9138749999975,3.947541797870714,280
121,0.03,80025,stress-ng,80.017,331.0964750000186,4.137826649337248,593
122,0.03,80032,stress-ng,80.006,330.9609000000093,4.13670099742531,234
123,0.03,80023,stress-ng,80.022,299.36854999999537,3.7410780785283464,321
124,0.03,80021,stress-ng,80.016,299.75432499999636,3.746179826534647,284
125,0.03,80022,stress-ng,80.015,263.68797500000073,3.2954817846653843,57
126,0.03,80026,stress-ng,80.017,331.331400000014,4.140762587950236,151
127,0.03,80022,stress-ng,80.013,280.61517500000303,3.507119780535701,511
128,0.03,80023,stress-ng,80.021,331.16355000000385,4.138458029767234,15
129,0.03,80022,stress-ng,80.011,281.94527499999964,3.523831410681027,171
130,0.03,80025,stress-ng,80.002,192.35172499999055,2.4043364540885297,43
131,0.03,80023,stress-ng,80.018,299.37869999999333,3.7413919368141335,403
132,0.03,80026,stress-ng,80.023,192.76037499999265,2.4088121540056315,491
133,0.03,80022,stress-ng,79.995,264.5014500000017,3.3064747796737506,588
134,0.03,80025,stress-ng,80.014,331.146175000005,4.138602931986965,36
135,0.03,80024,stress-ng,80.016,264.7362250000061,3.30854110427922,306
136,0.03,80022,stress-ng,80.019,330.81575000000953,4.134214998937871,188
137,0.03,80098,stress-ng,80.09,281.3193249999964,3.512539955050523,47
138,0.03,80031,stress-ng,80.008,315.83699999999953,3.947567743225672,49
139,0.03,80074,stress-ng,80.073,280.8294499999976,3.507167834351125,184
140,0.03,80036,stress-ng,80.033,281.2997249999975,3.514796708857565,489
141,0.03,80022,stress-ng,80.018,299.9559249999866,3.74860562623393,443
142,0.03,80026,stress-ng,80.022,192.348599999993,2.403696483466959,523
143,0.03,80023,stress-ng,80.017,315.467124999995,3.94250128097773,179
144,0.03,80034,stress-ng,80.028,315.69487499999906,3.9448052556605067,214
145,0.03,80022,stress-ng,80.016,315.7550999999966,3.9461495200959384,394
146,0.03,80027,stress-ng,80.017,315.459174999999,3.942401927090481,172
147,0.03,80115,stress-ng,80.111,262.7161000000032,3.2794010810001524,486
148,0.03,80025,stress-ng,80.021,192.58477499999202,2.406677934542083,451
149,0.03,80023,stress-ng,80.02,299.91257499999534,3.747970194951204,41
150,0.03,80153,stress-ng,80.146,263.9024250000008,3.292771005415127,509
151,0.03,80023,stress-ng,80.017,281.42904999999456,3.5171157379056273,462
152,0.03,80025,stress-ng,80.02,192.55992499998925,2.4063974631340823,83
153,0.03,80022,stress-ng,79.997,280.5485500000015,3.506988387064534,435
154,0.03,80026,stress-ng,80.022,331.05430000001246,4.137041063707636,8
155,0.03,80026,stress-ng,80.024,192.65424999999252,2.4074558882334363,559
156,0.03,80021,stress-ng,80.015,282.3591999999963,3.528828344685325,369
157,0.03,80219,stress-ng,80.213,264.65392500000576,3.2993894381210747,573
158,0.03,80073,stress-ng,80.07,264.22070000000343,3.299871362557805,558
159,0.03,80027,stress-ng,80.017,315.02862499999316,3.9370211954958716,255
160,0.03,80023,stress-ng,80.015,263.69395000000895,3.295556458164206,355
161,0.03,80026,stress-ng,80.017,192.4290499999899,2.4048520939299136,252
162,0.03,80023,stress-ng,80.017,280.95122499999724,3.5111441943586645,366
163,0.03,80024,stress-ng,80.021,330.79067500000997,4.133798315442321,88
164,0.03,80023,stress-ng,80.018,264.1055500000019,3.300576745232347,557
165,0.03,80022,stress-ng,80.015,263.9739500000025,3.299055802037149,111
166,0.03,80025,stress-ng,80.02,331.3794500000114,4.141207823044382,265
167,0.03,80022,stress-ng,80.019,299.15862499999537,3.7385948962120916,132
168,0.03,80025,stress-ng,80.018,192.8555749999905,2.410152403209159,105
169,0.03,80025,stress-ng,80.022,192.97347499999015,2.4115052735496505,146
170,0.03,80026,stress-ng,80.023,316.05992500000656,3.9496135486048582,241
171,0.03,80034,stress-ng,80.031,315.4158249999996,3.94117060888905,502
172,0.03,80023,stress-ng,80.018,300.06979999998975,3.750028743532577,77
173,0.03,80022,stress-ng,80.015,300.4262499999941,3.754624132974994,136
174,0.03,80022,stress-ng,80.014,281.02022499999913,3.5121381883170337,76
175,0.03,80038,stress-ng,80.032,299.91822499998983,3.7474788209714847,134
176,0.03,80025,stress-ng,80.022,192.64569999999372,2.407409212466493,133
177,0.03,80025,stress-ng,80.016,331.0302000000079,4.137050089982102,569
178,0.03,80022,stress-ng,80.016,298.53762499999544,3.7309741176764075,456
179,0.03,80035,stress-ng,80.03,314.96122499999626,3.9355394851930057,468
180,0.04,80023,stress-ng,80.02,263.1866000000041,3.289010247438192,405
181,0.04,80035,stress-ng,80.028,314.3915250000026,3.928519080821745,294
182,0.04,80022,stress-ng,80.015,263.8293499999982,3.2972486408798125,404
183,0.04,80027,stress-ng,80.024,190.04950000000105,2.374906278116578,263
184,0.04,80023,stress-ng,80.017,279.83647499999404,3.4972127797842214,203
185,0.04,80023,stress-ng,80.019,281.0608999999963,3.512427048575917,29
186,0.04,80022,stress-ng,80.016,263.0827499999998,3.2878767996400695,250
187,0.04,80023,stress-ng,80.014,314.2456749999973,3.9273836453620277,430
188,0.04,80022,stress-ng,80.019,280.3546499999952,3.5036010197577476,288
189,0.04,80023,stress-ng,80.018,280.362899999995,3.5037479067209256,276
190,0.04,80039,stress-ng,80.033,298.9480499999905,3.735309809703378,249
191,0.04,80043,stress-ng,80.039,298.6516499999902,3.731326603280778,9
192,0.04,80036,stress-ng,80.03,315.29497499999303,3.9397097963262904,24
193,0.04,80035,stress-ng,80.03,299.43824999999117,3.741575034362004,23
194,0.04,80023,stress-ng,80.017,330.17382500000446,4.126295974605452,22
195,0.04,80043,stress-ng,80.035,299.45539999999187,3.7415555694382694,517
196,0.04,80023,stress-ng,80.02,263.38180000000034,3.2914496375906066,501
197,0.04,80033,stress-ng,80.028,299.6062499999899,3.7437678062676802,267
198,0.04,80023,stress-ng,80.013,330.3793500000165,4.129070900978797,244
199,0.04,80029,stress-ng,80.009,330.60467500001073,4.132093576972725,420
200,0.04,80025,stress-ng,80.02,192.43109999999058,2.4047875531116043,6
201,0.04,80027,stress-ng,80.001,314.6924249999972,3.933606142423184,565
202,0.04,80057,stress-ng,80.037,297.04564999999747,3.7113541237177485,309
203,0.04,80022,stress-ng,80.014,263.0081749999947,3.287026957782322,199
204,0.04,80025,stress-ng,80.018,189.2261250000053,2.3647944837412247,156
205,0.04,80029,stress-ng,80.02,313.3345999999993,3.9157035741064647,578
206,0.04,80037,stress-ng,80.031,314.19302499999844,3.9258915295322865,547
207,0.04,80023,stress-ng,79.993,330.4576500000137,4.131082094683456,383
208,0.04,80025,stress-ng,80.018,330.258925000011,4.127307918218539,378
209,0.04,80023,stress-ng,80.02,263.5927250000009,3.2940855411147325,473
210,0.04,80040,stress-ng,80.036,280.8168999999921,3.5086323654354548,576
211,0.04,80068,stress-ng,80.059,263.0961000000028,3.286277620255097,72
212,0.04,80031,stress-ng,80.027,313.18027499999965,3.9134326539792776,74
213,0.04,80030,stress-ng,80.027,299.7758499999931,3.7459338723180067,338
214,0.04,80022,stress-ng,80.02,298.534124999994,3.7307438765307923,472
215,0.04,80026,stress-ng,80.023,314.56352499999866,3.9309139247466187,572
216,0.04,80030,stress-ng,80.017,330.38115000001847,4.128886986515597,345
217,0.04,80034,stress-ng,80.031,314.64345000000185,3.9315196611313343,87
218,0.04,80026,stress-ng,80.024,298.99052499999186,3.73626068429461,121
219,0.04,80026,stress-ng,80.018,192.27907499999387,2.402947774250717,120
220,0.04,80026,stress-ng,80.02,189.87337500000248,2.372823981504655,89
221,0.04,80026,stress-ng,80.02,192.04337499999386,2.399942201949436,112
222,0.04,80091,stress-ng,80.088,280.57229999999566,3.5033001198680913,560
223,0.04,80028,stress-ng,80.021,299.09419999999216,3.737696354706791,102
224,0.04,80022,stress-ng,80.015,330.46212500001445,4.130002187090101,101
225,0.04,80024,stress-ng,80.015,262.22722500000276,3.2772258326564114,479
226,0.04,80035,stress-ng,80.03,314.87937499999754,3.934516743721074,159
227,0.04,80027,stress-ng,80.019,192.36044999999055,2.4039346905108854,546
228,0.04,80025,stress-ng,80.023,189.42875000000112,2.3671788110918253,53
229,0.04,80023,stress-ng,80.023,330.21582500000795,4.126511440460967,196
230,0.04,80025,stress-ng,80.02,188.72660000000658,2.358492876780887,301
231,0.04,80059,stress-ng,80.053,281.08342499999725,3.5112166314816093,191
232,0.04,80024,stress-ng,80.018,330.29987500000834,4.127819678072538,190
233,0.04,80032,stress-ng,80.026,330.7412750000124,4.132922737610432,50
234,0.04,80022,stress-ng,80.015,262.82492500000296,3.2846956820596507,52
235,0.04,80022,stress-ng,80.01,262.75885000000756,3.284075115610643,175
236,0.04,80022,stress-ng,80.014,280.67077500000124,3.5077708276051847,553
237,0.04,80089,stress-ng,80.083,280.964049999994,3.508410648951638,544
238,0.04,80026,stress-ng,80.024,192.45062499999224,2.4049113390981733,60
239,0.04,80022,stress-ng,80.016,280.1066499999913,3.500632998400211,166
240,0.05,80037,stress-ng,80.032,314.2031999999975,3.9259696121551064,314
241,0.05,80026,stress-ng,80.017,188.97030000000382,2.361626904282888,419
242,0.05,80022,stress-ng,80.017,298.4805499999915,3.730214204481442,360
243,0.05,80023,stress-ng,80.019,329.7945000000088,4.121452405053909,305
244,0.05,80029,stress-ng,80.024,313.65537499999954,3.9195163326002143,442
245,0.05,80026,stress-ng,80.023,189.61680000000325,2.369528760481402,297
246,0.05,80025,stress-ng,80.025,190.51344999999998,2.3806741643236484,391
247,0.05,80087,stress-ng,80.08,280.02719999999374,3.4968431568430787,422
248,0.05,80026,stress-ng,80.023,190.21604999999897,2.3770172325456302,290
249,0.05,80052,stress-ng,80.048,298.5940999999961,3.7301881371176804,364
250,0.05,80026,stress-ng,80.02,189.37782500000569,2.3666311547113934,495
251,0.05,80032,stress-ng,80.03,314.8314999999923,3.933918530550947,343
252,0.05,80022,stress-ng,80.019,263.7718499999962,3.296365238255867,454
253,0.05,80060,stress-ng,80.05,296.7578749999952,3.7071564647094966,436
254,0.05,80023,stress-ng,80.021,297.2452249999949,3.714590232563888,488
255,0.05,80022,stress-ng,80.017,263.49697499999746,3.293012422360217,377
256,0.05,80033,stress-ng,80.028,297.750049999997,3.7205734243014565,441
257,0.05,80022,stress-ng,80.015,297.7452999999924,3.721118540273604,278
258,0.05,80036,stress-ng,80.031,313.48424999999577,3.917035273831337,275
259,0.05,80022,stress-ng,79.996,262.25205000000045,3.278314540727042,392
260,0.05,80025,stress-ng,80.019,189.22130000000493,2.3647046326498073,315
261,0.05,80039,stress-ng,80.033,298.04617499999495,3.724041020578948,282
262,0.05,80022,stress-ng,80.018,298.0946249999925,3.7253446099626646,519
263,0.05,80022,stress-ng,80.014,279.38399999999115,3.4916889544328638,432
264,0.05,80023,stress-ng,80.019,313.87689999999753,3.9225296492082817,117
265,0.05,80026,stress-ng,80.018,189.7032250000022,2.3707568921992825,157
266,0.05,80024,stress-ng,80.017,329.5622250000121,4.1186525988229015,64
267,0.05,80024,stress-ng,80.02,329.4693000000069,4.117336915771144,207
268,0.05,80039,stress-ng,80.033,280.5417249999901,3.5053256156834065,580
269,0.05,80099,stress-ng,80.095,279.6581249999949,3.491580310880766,202
270,0.05,80037,stress-ng,80.03,314.53209999999797,3.930177433462426,126
271,0.05,80023,stress-ng,80.019,279.31012499999645,3.4905475574550597,552
272,0.05,80022,stress-ng,80.015,262.5382499999988,3.2811129163281736,32
273,0.05,80032,stress-ng,80.03,329.9122500000038,4.122357241034659,534
274,0.05,80024,stress-ng,80.02,329.9226250000039,4.123002061984553,139
275,0.05,80023,stress-ng,80.02,263.0682500000002,3.2875312421894556,33
276,0.05,80021,stress-ng,80.013,280.8623999999917,3.510209590941368,142
277,0.05,80022,stress-ng,80.016,262.5409499999993,3.2811056538692176,182
278,0.05,80028,stress-ng,80.022,313.8454499999937,3.921989577866008,176
279,0.05,80023,stress-ng,80.02,280.3678499999952,3.5037221944513273,174
280,0.05,80023,stress-ng,80.017,329.59945000000766,4.119117812464947,549
281,0.05,80026,stress-ng,80.02,189.57495000000114,2.3690946013496768,585
282,0.05,80022,stress-ng,80.015,299.1778499999963,3.7390220583640104,54
283,0.05,80035,stress-ng,80.032,313.7369749999992,3.9201441298480506,26
284,0.05,80022,stress-ng,80.02,279.542199999992,3.49340414896266,67
285,0.05,80025,stress-ng,80.022,329.30155000000644,4.115137712129244,545
286,0.05,80022,stress-ng,80.017,263.5736499999992,3.29397065623554,3
287,0.05,80070,stress-ng,80.065,280.1134999999941,3.4985761568724674,94
288,0.05,80024,stress-ng,80.018,189.4429750000022,2.3675044989877554,108
289,0.05,80025,stress-ng,80.019,188.57255000000632,2.356597183169076,90
290,0.05,80026,stress-ng,80.018,262.2355499999979,3.277207003424203,4
291,0.05,80022,stress-ng,80.014,313.83817499999645,3.9222907866122987,21
292,0.05,80022,stress-ng,80.004,329.48737500000993,4.118386268186715,592
293,0.05,80022,stress-ng,80.021,298.5819749999887,3.731295222503951,563
294,0.05,80021,stress-ng,80.016,263.0712249999986,3.287732765946793,69
295,0.05,80033,stress-ng,80.03,313.8648750000003,3.9218402474072263,503
296,0.05,80023,stress-ng,80.019,280.3180499999983,3.5031436283882367,91
297,0.05,80023,stress-ng,80.013,263.2537499999977,3.2901372277004697,73
298,0.05,80025,stress-ng,80.018,329.61097500000204,4.119210365167863,595
299,0.05,80026,stress-ng,80.018,330.1299000000145,4.125695468519765,97
300,0.1,80026,stress-ng,80.023,188.53765000000558,2.3560432625620833,145
301,0.1,80022,stress-ng,80.014,260.84222499999896,3.2599573199689926,56
302,0.1,80049,stress-ng,80.039,278.0241999999891,3.4736091155560302,84
303,0.1,80023,stress-ng,79.996,278.55307499998924,3.4820875418769597,584
304,0.1,80027,stress-ng,79.996,313.04637499999455,3.9132753512674956,82
305,0.1,80022,stress-ng,80.019,260.71472500000516,3.258160249440822,477
306,0.1,80027,stress-ng,80.018,188.27947500000715,2.3529640205954556,397
307,0.1,80025,stress-ng,80.025,188.62215000000666,2.3570402999063624,147
308,0.1,80023,stress-ng,80.017,260.775849999999,3.2590055863128966,334
309,0.1,80043,stress-ng,80.034,298.2332249999926,3.7263316215607443,356
310,0.1,80033,stress-ng,80.012,312.41872499999505,3.9046483652451514,551
311,0.1,80038,stress-ng,80.03,312.3849499999937,3.9033481194551256,384
312,0.1,80029,stress-ng,80.022,297.04484999999426,3.7120398140510638,138
313,0.1,80023,stress-ng,80.011,296.87694999999525,3.7104516878928555,555
314,0.1,80029,stress-ng,80.023,327.84450000000453,4.096878397460787,379
315,0.1,80026,stress-ng,80.02,188.30292500000735,2.353198262934358,362
316,0.1,80034,stress-ng,80.01,312.65614999999696,3.9077134108236087,124
317,0.1,80042,stress-ng,80.031,296.12519999999967,3.700131199160321,349
318,0.1,80023,stress-ng,80.018,262.0397499999967,3.2747600539878112,119
319,0.1,80025,stress-ng,80.019,188.29187500000677,2.3530895787251374,381
320,0.1,80027,stress-ng,80.023,188.40127500000557,2.354339065018877,352
321,0.1,80022,stress-ng,80.017,277.86257499999084,3.472544271842119,70
322,0.1,80033,stress-ng,80.026,312.7418749999947,3.908003336415599,348
323,0.1,80053,stress-ng,80.045,296.3051249999929,3.701731838340845,318
324,0.1,80026,stress-ng,80.013,188.47827500000656,2.3555956532064357,28
325,0.1,80023,stress-ng,80.014,327.89910000000197,4.098021596220686,440
326,0.1,80034,stress-ng,80.027,313.06299999999925,3.911967211066256,295
327,0.1,80022,stress-ng,80.017,278.7522749999935,3.483663159078615,293
328,0.1,80026,stress-ng,80.025,328.02352500000194,4.099013120899743,209
329,0.1,80024,stress-ng,80.018,296.5646499999972,3.706224224549441,162
330,0.1,80023,stress-ng,80.019,328.0322500000051,4.099429510491322,211
331,0.1,80025,stress-ng,80.018,327.9336250000012,4.098248206653518,412
332,0.1,80023,stress-ng,80.02,327.8028500000061,4.096511497125795,287
333,0.1,80022,stress-ng,80.014,278.329549999992,3.478510635638664,25
334,0.1,80022,stress-ng,80.016,327.8051250000044,4.096744713557343,438
335,0.1,80022,stress-ng,80.017,277.7178249999915,3.4707352812526273,221
336,0.1,80025,stress-ng,80.018,188.630650000006,2.3573527206379317,239
337,0.1,80098,stress-ng,80.09,278.3260249999897,3.4751657510299627,417
338,0.1,80034,stress-ng,80.025,312.7593250000023,3.908270228053762,228
339,0.1,80205,stress-ng,80.198,261.6688499999979,3.2627852315518835,279
340,0.1,80054,stress-ng,80.048,295.9128499999911,3.6966926094342285,235
341,0.1,80025,stress-ng,80.015,188.44997500000784,2.355183090670597,531
342,0.1,80075,stress-ng,80.072,262.15987500000307,3.274051790888239,493
343,0.1,80022,stress-ng,80.017,261.53222499999293,3.268458265118574,302
344,0.1,80022,stress-ng,80.016,311.6869249999967,3.8953075009997584,48
345,0.1,80025,stress-ng,80.021,188.97107500000496,2.361518538883605,46
346,0.1,80053,stress-ng,80.046,297.2119999999963,3.713015016365543,79
347,0.1,80025,stress-ng,80.022,311.9637500000057,3.898474794431602,402
348,0.1,80023,stress-ng,80.02,327.795500000003,4.0964196450887655,167
349,0.1,80023,stress-ng,80.018,262.1577249999993,3.276234409757796,429
350,0.1,80032,stress-ng,80.012,313.72622500000085,3.920989664050403,31
351,0.1,80023,stress-ng,80.017,278.5375249999967,3.480979354387152,540
352,0.1,80023,stress-ng,80.016,278.1965749999914,3.4767618351328657,508
353,0.1,80022,stress-ng,80.006,297.83372499999865,3.7226423643226587,245
354,0.1,80023,stress-ng,80.017,278.71752499999343,3.483228876363691,597
355,0.1,80022,stress-ng,80.018,261.3544749999977,3.2661960433902086,537
356,0.1,80023,stress-ng,80.019,262.07429999999783,3.2751509016608282,193
357,0.1,80062,stress-ng,80.055,297.97814999999173,3.722167884579248,269
358,0.1,80026,stress-ng,80.018,328.60622500000704,4.106653815391625,310
359,0.1,80026,stress-ng,80.024,328.020899999999,4.099031540537826,594
360,0.2,80027,stress-ng,80.022,312.0630999999948,3.899716328009732,425
361,0.2,80026,stress-ng,80.018,188.8652250000064,2.3602842485441577,426
362,0.2,80022,stress-ng,80.02,260.4610999999924,3.2549500124967814,575
363,0.2,80026,stress-ng,80.021,327.34427500000226,4.090729620974522,51
364,0.2,80097,stress-ng,80.093,277.3536249999899,3.46289469741413,450
365,0.2,80025,stress-ng,80.022,188.40515000000804,2.3544169103497543,577
366,0.2,80029,stress-ng,80.019,327.15072500000497,4.088413064397267,447
367,0.2,80099,stress-ng,80.093,260.4940999999918,3.2523953404166632,407
368,0.2,80063,stress-ng,80.059,276.9680749999878,3.4595495197290473,582
369,0.2,80025,stress-ng,79.988,188.45452500000613,2.3560349677452384,58
370,0.2,80023,stress-ng,80.015,312.1477749999971,3.9011157283009075,587
371,0.2,80158,stress-ng,80.154,258.9288749999977,3.2303924320682396,586
372,0.2,80022,stress-ng,80.019,277.1931499999873,3.464091653232199,399
373,0.2,80022,stress-ng,80.013,276.78252499998877,3.4592194393409663,421
374,0.2,80025,stress-ng,80.019,258.2181999999903,3.226961096739403,574
375,0.2,80022,stress-ng,80.019,327.76012500000314,4.0960287556705675,258
376,0.2,80026,stress-ng,80.018,188.37865000000593,2.3542034292284977,81
377,0.2,80040,stress-ng,80.034,297.16672499999567,3.713006034935098,461
378,0.2,80037,stress-ng,80.031,312.54507499999454,3.9053001336981232,541
379,0.2,80099,stress-ng,80.094,277.20634999998833,3.461012685094868,180
380,0.2,80025,stress-ng,80.022,327.3141000000032,4.090301417110334,535
381,0.2,80022,stress-ng,80.019,296.1431499999933,3.700910408777831,304
382,0.2,80022,stress-ng,80.011,276.5223749999908,3.456054480008884,533
383,0.2,80028,stress-ng,80.023,188.31512500000576,2.353262499531457,198
384,0.2,80024,stress-ng,80.008,312.2974000000049,3.9033271672833334,529
385,0.2,80043,stress-ng,80.039,295.89934999999474,3.6969396169366777,291
386,0.2,80025,stress-ng,80.02,188.51780000000628,2.3558835291177993,521
387,0.2,80023,stress-ng,80.019,276.3456999999916,3.453501043502063,317
388,0.2,80023,stress-ng,80.014,259.70909999998605,3.24579573574607,217
389,0.2,80027,stress-ng,80.023,327.230150000002,4.089201229646502,283
390,0.2,80039,stress-ng,80.033,294.8496499999953,3.684100933364928,514
391,0.2,80026,stress-ng,80.022,188.80000000000408,2.3593511784259835,497
392,0.2,80023,stress-ng,80.019,277.04064999999264,3.462185855859141,237
393,0.2,80023,stress-ng,80.019,261.1588749999894,3.263710806183399,240
394,0.2,80023,stress-ng,80.012,296.37997499999307,3.704194058391155,273
395,0.2,80024,stress-ng,80.02,312.12865000000636,3.90063296675839,242
396,0.2,80024,stress-ng,80.017,327.4268250000026,4.091965769773956,243
397,0.2,80022,stress-ng,80.017,327.2038250000063,4.089178861991906,270
398,0.2,80022,stress-ng,80.018,259.52094999999633,3.2432821365192375,257
399,0.2,80022,stress-ng,80.015,277.03694999999124,3.4623126913702587,219
400,0.2,80031,stress-ng,80.017,327.01515000000546,4.086820925553388,164
401,0.2,80023,stress-ng,80.013,312.8922250000019,3.9105173534300905,469
402,0.2,80025,stress-ng,80.018,188.54705000000615,2.356307955710042,123
403,0.2,80044,stress-ng,80.04,296.0748499999955,3.699086081958964,116
404,0.2,80022,stress-ng,80.016,260.1137499999906,3.2507717206557514,113
405,0.2,80025,stress-ng,80.018,188.58907500000666,2.3568331500413238,353
406,0.2,80038,stress-ng,80.032,297.1808999999927,3.713275939624059,259
407,0.2,80030,stress-ng,80.024,312.71032499999467,3.907706750474791,484
408,0.2,80023,stress-ng,80.019,327.30010000000425,4.090279808545524,567
409,0.2,80038,stress-ng,80.034,312.30927499999734,3.9022074993127585,464
410,0.2,80023,stress-ng,80.022,259.7505499999916,3.2459892279622053,114
411,0.2,80022,stress-ng,80.014,296.3472999999925,3.7036931037067577,344
412,0.2,80082,stress-ng,80.078,276.6831999999881,3.455171208071981,144
413,0.2,80024,stress-ng,80.024,327.2834000000034,4.089815555333442,330
414,0.2,80028,stress-ng,80.021,312.63669999999803,3.9069331800402147,154
415,0.2,80029,stress-ng,80.024,312.2166749999948,3.9015379761071025,86
416,0.2,80022,stress-ng,80.018,258.6918999999934,3.2329213426978103,478
417,0.2,80058,stress-ng,80.036,296.67259999999646,3.706739467239698,324
418,0.2,80042,stress-ng,80.04,295.11692499999623,3.6871180034982034,143
419,0.2,80026,stress-ng,80.023,188.52627500000725,2.355901115929261,467
420,0.5,80029,stress-ng,80.023,258.47014999998504,3.229948264873662,568
421,0.5,80031,stress-ng,80.025,310.3072249999973,3.8776285535769732,596
422,0.5,80022,stress-ng,80.017,296.10379999999276,3.700511141382366,500
423,0.5,80090,stress-ng,80.084,276.01124999999104,3.4465217771338974,542
424,0.5,80025,stress-ng,79.987,257.8246499999879,3.22333191643627,581
425,0.5,80029,stress-ng,80.027,294.1995249999925,3.6762533270020428,439
426,0.5,80053,stress-ng,80.048,275.50529999998815,3.441751199280284,518
427,0.5,80023,stress-ng,80.019,275.8037749999858,3.4467285894598256,445
428,0.5,80024,stress-ng,80.021,274.84114999999144,3.434612789142743,475
429,0.5,80031,stress-ng,80.023,312.41634999999286,3.9040819514388723,444
430,0.5,80032,stress-ng,80.025,311.7925499999941,3.8961893158387264,512
431,0.5,80022,stress-ng,80.012,310.95344999999946,3.8863351747237846,485
432,0.5,80023,stress-ng,80.021,327.0254250000041,4.086745041926545,599
433,0.5,80030,stress-ng,80.024,327.0729500000028,4.08718571928425,127
434,0.5,80196,stress-ng,80.191,258.0478999999867,3.2179159756080695,201
435,0.5,80023,stress-ng,80.019,275.15447499999203,3.4386142666115798,357
436,0.5,80026,stress-ng,80.017,188.66822500000586,2.357851768999161,204
437,0.5,80025,stress-ng,79.996,311.2780250000013,3.8911698709935663,106
438,0.5,80022,stress-ng,79.995,311.4474499999943,3.893336458528587,63
439,0.5,80042,stress-ng,80.038,295.8741249999933,3.6966706439440427,208
440,0.5,80022,stress-ng,80.004,295.4606249999931,3.6930731588419716,332
441,0.5,80025,stress-ng,80.009,326.5056750000011,4.080861840542952,329
442,0.5,80030,stress-ng,80.024,311.7971500000001,3.896295486354095,328
443,0.5,80030,stress-ng,80.026,327.1186000000064,4.087654012446035,210
444,0.5,80023,stress-ng,80.017,326.8416750000043,4.084652948748444,327
445,0.5,80026,stress-ng,80.023,188.8401500000049,2.359823425765154,212
446,0.5,80033,stress-ng,80.026,296.22547499999547,3.701615412490884,44
447,0.5,80027,stress-ng,80.023,294.47429999999537,3.679870787148637,66
448,0.5,80032,stress-ng,80.017,311.3527000000017,3.891081895097313,320
449,0.5,80024,stress-ng,80.019,327.0294500000042,4.086897486846926,316
450,0.5,80022,stress-ng,80.015,257.11227499998915,3.2133009435729445,71
451,0.5,80023,stress-ng,80.02,327.2239250000041,4.0892767433142225,75
452,0.5,80026,stress-ng,80.018,188.81590000000514,2.359667824739498,303
453,0.5,80183,stress-ng,80.176,255.66174999998708,3.1887566104568332,281
454,0.5,80022,stress-ng,80.014,258.0009499999885,3.2244475966704393,271
455,0.5,80022,stress-ng,80.014,296.19964999999655,3.701847801634671,99
456,0.5,80022,stress-ng,80.014,275.1650249999873,3.4389609943258344,85
457,0.5,80026,stress-ng,80.023,188.75182500000585,2.358719680591903,238
458,0.5,80022,stress-ng,80.018,255.30902499999067,3.19064491739347,92
459,0.5,80023,stress-ng,80.019,256.762274999987,3.2087663554904085,246
460,0.5,80022,stress-ng,80.017,258.90159999998525,3.2355824387315852,323
461,0.5,80024,stress-ng,80.018,312.2169250000002,3.901833649928768,195
462,0.5,80025,stress-ng,80.006,188.4605250000058,2.355579894008022,62
463,0.5,80025,stress-ng,80.02,188.51872500000667,2.3558950887279013,189
464,0.5,80023,stress-ng,80.016,311.8099249999953,3.8968446935612286,2
465,0.5,80027,stress-ng,80.023,188.55542500000593,2.356265386201541,110
466,0.5,80026,stress-ng,80.022,295.29584999999213,3.6901833245856404,150
467,0.5,80154,stress-ng,80.152,261.07237499999223,3.2572159771433307,410
468,0.5,80024,stress-ng,80.013,326.69925000000484,4.083077124967253,152
469,0.5,80022,stress-ng,80.02,326.5587749999991,4.080964446388392,401
470,0.5,80026,stress-ng,80.018,188.89307500000632,2.3606322952336516,153
471,0.5,80027,stress-ng,80.024,188.995475000006,2.3617349170249673,390
472,0.5,80038,stress-ng,80.033,295.8626249999939,3.696757899866229,382
473,0.5,80077,stress-ng,80.074,275.2070749999899,3.4369092964007035,380
474,0.5,80027,stress-ng,80.021,188.29235000000736,2.3530367028655896,160
475,0.5,80048,stress-ng,80.046,296.55569999999176,3.70481598081093,98
476,0.5,80025,stress-ng,80.021,327.1549500000057,4.0883636795341936,375
477,0.5,80086,stress-ng,80.082,276.74742499998973,3.4558006168675828,37
478,0.5,80023,stress-ng,80.02,275.43559999999155,3.4420844788801745,181
479,0.5,80023,stress-ng,80.018,274.4732499999869,3.430143842635243,376
480,1.0,80063,stress-ng,80.06,296.9918499999952,3.709615913065141,532
481,1.0,80104,stress-ng,80.095,275.2695499999891,3.4367881890253966,536
482,1.0,80023,stress-ng,80.015,259.7562249999917,3.2463441229768377,149
483,1.0,80026,stress-ng,80.018,310.60127499999516,3.881642567922157,130
484,1.0,80074,stress-ng,80.069,275.02194999999347,3.4348118497794835,431
485,1.0,80056,stress-ng,80.052,276.23189999999096,3.4506558237144724,232
486,1.0,80023,stress-ng,80.02,256.7678499999897,3.208795926018367,185
487,1.0,80023,stress-ng,80.015,257.4279749999838,3.217246453789712,566
488,1.0,80025,stress-ng,80.022,188.7098250000053,2.3582243008173416,513
489,1.0,80022,stress-ng,80.013,257.246399999988,3.215057553147463,515
490,1.0,80032,stress-ng,80.03,312.0570499999973,3.8992509059102494,135
491,1.0,80022,stress-ng,80.014,326.7337750000034,4.083457582423119,530
492,1.0,80031,stress-ng,80.028,295.07924999999545,3.687200104963206,107
493,1.0,80104,stress-ng,80.096,275.30414999998965,3.4371772622851284,248
494,1.0,80025,stress-ng,80.021,189.11912500000793,2.363368678222066,103
495,1.0,80061,stress-ng,80.056,294.78244999999714,3.682203082841975,520
496,1.0,80022,stress-ng,80.016,295.6793749999912,3.695253136872515,155
497,1.0,80025,stress-ng,80.018,296.037399999996,3.699635082106476,194
498,1.0,80024,stress-ng,80.017,294.0991500000045,3.6754583401027845,213
499,1.0,80022,stress-ng,80.015,311.9368499999994,3.898479660063731,522
500,1.0,80023,stress-ng,79.998,256.7853999999876,3.209897747443531,161
501,1.0,80076,stress-ng,80.07,275.27792499999526,3.4379658423878516,163
502,1.0,80026,stress-ng,80.019,326.8696500000064,4.084900461140559,524
503,1.0,80023,stress-ng,80.021,296.4490249999903,3.704640344409471,169
504,1.0,80041,stress-ng,80.037,296.5599249999997,3.7052853680172877,170
505,1.0,80034,stress-ng,80.005,311.8226499999992,3.8975395287794417,225
506,1.0,80022,stress-ng,80.013,255.69542499998568,3.195673515553543,433
507,1.0,80026,stress-ng,80.019,188.94965000000644,2.3613098139192745,494
508,1.0,80048,stress-ng,80.041,275.5710249999903,3.4428733399131732,339
509,1.0,80026,stress-ng,80.022,326.7192750000071,4.08286814875918,346
510,1.0,80023,stress-ng,80.018,326.9074000000028,4.085423279762089,61
511,1.0,80023,stress-ng,80.015,275.1655749999906,3.4389248890831796,466
512,1.0,80027,stress-ng,80.019,311.34147499999654,3.89084436196399,251
513,1.0,80026,stress-ng,80.02,188.69962500000548,2.3581557735566796,55
514,1.0,80022,stress-ng,80.01,256.42954999998796,3.204968753905611,476
515,1.0,80022,stress-ng,80.018,310.3027750000028,3.87791215726465,371
516,1.0,80022,stress-ng,80.016,274.46917499999364,3.4301786517695665,40
517,1.0,80026,stress-ng,80.007,188.65875000000764,2.358028047545935,458
518,1.0,80025,stress-ng,80.024,188.60602500000596,2.356868252024467,457
519,1.0,80022,stress-ng,80.018,276.2663249999921,3.452552238246296,589
520,1.0,80022,stress-ng,80.021,257.6762749999858,3.2201081591080567,396
521,1.0,80024,stress-ng,80.014,255.25814999998943,3.1901685954956562,388
522,1.0,80026,stress-ng,80.018,188.79360000000676,2.35938913744416,374
523,1.0,80026,stress-ng,80.024,311.28962499999835,3.8899533265020287,393
524,1.0,80025,stress-ng,80.02,188.58195000000583,2.3566852036991484,389
525,1.0,80024,stress-ng,79.987,326.428625000006,4.081020978409066,325
526,1.0,80024,stress-ng,80.016,311.77017499999516,3.896347917916356,266
527,1.0,80046,stress-ng,80.044,296.50109999999387,3.7042264254659174,499
528,1.0,80026,stress-ng,80.019,188.58532500000683,2.3567568327523065,80
529,1.0,80025,stress-ng,80.018,326.56452500000483,4.081138306381125,289
530,1.0,80024,stress-ng,80.021,326.80230000000466,4.083956711363325,118
531,1.0,80024,stress-ng,80.019,259.16682499999115,3.2388160936776407,65
532,1.0,80025,stress-ng,80.022,311.39264999999835,3.891338007048041,298
533,1.0,80024,stress-ng,80.022,326.9655250000035,4.085945427507479,423
534,1.0,80026,stress-ng,80.02,276.8590749999886,3.4598734691325745,416
535,1.0,80030,stress-ng,80.026,310.5594999999967,3.880732511933581,311
536,1.0,80024,stress-ng,80.02,188.14595000000617,2.3512365658586125,12
537,1.0,80031,stress-ng,80.028,296.03634999999576,3.6991596691157564,483
538,1.0,80024,stress-ng,80.024,326.82957500000043,4.084144444166755,481
539,1.0,80025,stress-ng,80.01,326.67970000000366,4.082985876765449,492
540,2.0,80025,stress-ng,80.024,310.99924999999746,3.8863247275816937,7
541,2.0,80071,stress-ng,80.068,276.05349999998685,3.4477381725531657,17
542,2.0,80025,stress-ng,80.001,326.79597500000494,4.0848986262672335,1
543,2.0,80023,stress-ng,80.02,274.7096999999888,3.4330129967506724,16
544,2.0,80089,stress-ng,80.085,276.29664999998386,3.4500424548914763,96
545,2.0,80041,stress-ng,80.036,311.488324999994,3.8918527287719775,20
546,2.0,80024,stress-ng,80.02,256.2060749999886,3.201775493626451,30
547,2.0,80026,stress-ng,80.023,327.1235750000008,4.087869425040311,39
548,2.0,80023,stress-ng,80.014,295.5381999999959,3.693581123303371,562
549,2.0,80026,stress-ng,80.02,295.93717499998945,3.6982901149711256,68
550,2.0,80027,stress-ng,80.021,188.5913000000057,2.356772597193308,564
551,2.0,80022,stress-ng,80.019,274.39287499999006,3.4290965270746954,78
552,2.0,80025,stress-ng,80.023,189.11422500000572,2.3632483785912264,100
553,2.0,80024,stress-ng,80.015,294.68694999999605,3.6828963319377124,570
554,2.0,80023,stress-ng,80.019,254.44519999998417,3.179809795173448,109
555,2.0,80050,stress-ng,80.046,256.78894999998573,3.208017265072405,59
556,2.0,80065,stress-ng,80.065,256.21197499998715,3.2000496471615207,226
557,2.0,80026,stress-ng,80.024,189.29055000000636,2.365422248325582,554
558,2.0,80033,stress-ng,80.026,312.26197500000023,3.902006535376006,342
559,2.0,80025,stress-ng,80.019,254.68749999998704,3.1828378260161587,347
560,2.0,80028,stress-ng,80.024,295.6139499999938,3.694066155153376,354
561,2.0,80038,stress-ng,80.032,296.58517499999056,3.705832354558059,359
562,2.0,80022,stress-ng,80.015,274.76154999998863,3.433875523339232,367
563,2.0,80023,stress-ng,80.01,275.8173749999898,3.4472862767152828,368
564,2.0,80023,stress-ng,79.995,310.6570249999986,3.883455528470512,460
565,2.0,80032,stress-ng,80.029,312.09202500000004,3.8997366579614896,459
566,2.0,80022,stress-ng,80.019,254.98362499998586,3.186538509603792,326
567,2.0,80022,stress-ng,80.003,326.69057500000315,4.083479057035401,455
568,2.0,80033,stress-ng,80.029,296.29114999999456,3.7022972922314983,452
569,2.0,80023,stress-ng,79.997,255.245674999992,3.190690588396965,448
570,2.0,80026,stress-ng,80.021,188.73830000000672,2.3586096149761526,398
571,2.0,80025,stress-ng,80.015,275.9362249999924,3.448556208210866,408
572,2.0,80022,stress-ng,80.018,296.1693749999938,3.701284398510258,414
573,2.0,80023,stress-ng,80.014,326.8954000000045,4.085477541430306,437
574,2.0,80031,stress-ng,80.023,327.1814750000062,4.088592967022058,418
575,2.0,80022,stress-ng,80.008,259.08617499998354,3.238253362163578,428
576,2.0,80035,stress-ng,80.027,312.18417500000123,3.9009856048583758,453
577,2.0,80026,stress-ng,80.023,189.11982500000735,2.363318358472031,556
578,2.0,80023,stress-ng,80.016,256.72829999998766,3.208462057588328,480
579,2.0,80038,stress-ng,80.03,312.10502499999734,3.8998503686117374,487
580,2.0,80023,stress-ng,80.016,310.431150000001,3.8796134523095507,141
581,2.0,80023,stress-ng,80.015,311.7030500000019,3.895557707929787,543
582,2.0,80059,stress-ng,80.054,296.59807499999613,3.7049750793214096,539
583,2.0,80026,stress-ng,80.019,188.827300000007,2.359780802059598,205
584,2.0,80023,stress-ng,80.018,295.63162499999737,3.694564035591959,525
585,2.0,80023,stress-ng,80.019,276.44432499999317,3.454733563278636,215
586,2.0,80023,stress-ng,80.017,295.19049999999055,3.6890973168200576,216
587,2.0,80026,stress-ng,80.023,326.9000750000056,4.085076478012641,230
588,2.0,80024,stress-ng,80.019,326.7215500000081,4.083049650708058,313
589,2.0,80025,stress-ng,80.021,188.78992500000749,2.3592547581260854,231
590,2.0,80026,stress-ng,80.021,188.57322500000586,2.356546718986339,506
591,2.0,80024,stress-ng,80.015,273.8805749999931,3.422865400237369,253
592,2.0,80047,stress-ng,80.042,189.15257500000774,2.3631665250744325,254
593,2.0,80022,stress-ng,80.015,275.05247499998563,3.4375114041115493,262
594,2.0,80023,stress-ng,80.016,255.95424999998795,3.198788367326384,268
595,2.0,80025,stress-ng,79.995,326.7706750000051,4.084888743046504,277
596,2.0,80022,stress-ng,80.013,311.4918749999961,3.8930158224288065,490
597,2.0,80025,stress-ng,80.02,188.6451000000064,2.357474381404729,308
598,2.0,80024,stress-ng,80.014,326.961275000005,4.086300834853963,233
599,2.0,80030,stress-ng,80.026,326.9500750000038,4.085548134356381,0
